dataset,frame,axis,level,dist_bin,n,hits,shift_sum,n_front,objs
kitti,000001,none,0.0,far>30m,93,93,0.0,93,2
kitti,000001,yaw,0.5,far>30m,93,67,589.3757100251702,93,2
kitti,000001,yaw,1.0,far>30m,93,41,1178.5955865374362,93,2
kitti,000001,yaw,2.0,far>30m,93,8,2356.9310471427166,93,2
kitti,000001,yaw,3.0,far>30m,93,0,3535.7327348909484,93,2
kitti,000001,pitch,0.5,far>30m,93,85,588.3520638780614,93,2
kitti,000001,pitch,1.0,far>30m,93,64,1176.8083886429265,93,2
kitti,000001,pitch,2.0,far>30m,93,14,2354.395588002628,93,2
kitti,000001,pitch,3.0,far>30m,93,0,3533.486676804355,93,2
kitti,000001,roll,0.5,far>30m,93,93,19.651603533580378,93,2
kitti,000001,roll,1.0,far>30m,93,93,39.302943363522246,93,2
kitti,000001,roll,2.0,far>30m,93,93,78.60333558549809,93,2
kitti,000001,roll,3.0,far>30m,93,92,117.89818398671636,93,2
kitti,000001,tx,2.0,far>30m,93,93,0.890493319362785,93,2
kitti,000001,tx,5.0,far>30m,93,93,2.2249155331873554,93,2
kitti,000001,tx,10.0,far>30m,93,93,4.445445590897817,93,2
kitti,000001,ty,2.0,far>30m,93,93,22.7467776286425,93,2
kitti,000001,ty,5.0,far>30m,93,92,56.86694040317183,93,2
kitti,000001,ty,10.0,far>30m,93,90,113.733868578235,93,2
kitti,000001,tz,2.0,far>30m,93,93,22.745669037334757,93,2
kitti,000001,tz,5.0,far>30m,93,93,56.86386432496197,93,2
kitti,000001,tz,10.0,far>30m,93,91,113.72670110387497,93,2
kitti,000004,none,0.0,far>30m,108,108,0.0,108,2
kitti,000004,yaw,0.5,far>30m,108,102,790.9624273264217,108,2
kitti,000004,yaw,1.0,far>30m,108,87,1587.4672790837149,108,2
kitti,000004,yaw,2.0,far>30m,108,57,3197.8411460937878,108,2
kitti,000004,yaw,3.0,far>30m,108,22,4832.640910161407,108,2
kitti,000004,pitch,0.5,far>30m,108,93,685.9990589649755,108,2
kitti,000004,pitch,1.0,far>30m,108,25,1372.6084270377935,108,2
kitti,000004,pitch,2.0,far>30m,108,0,2748.1085303380837,108,2
kitti,000004,pitch,3.0,far>30m,108,0,4127.4061223123435,108,2
kitti,000004,roll,0.5,far>30m,108,108,264.5373385800365,108,2
kitti,000004,roll,1.0,far>30m,108,108,529.0601050306143,108,2
kitti,000004,roll,2.0,far>30m,108,103,1058.0417551549517,108,2
kitti,000004,roll,3.0,far>30m,108,71,1586.9046382709207,108,2
kitti,000004,tx,2.0,far>30m,108,108,15.334778359252198,108,2
kitti,000004,tx,5.0,far>30m,108,108,38.30740988143994,108,2
kitti,000004,tx,10.0,far>30m,108,108,76.51657035458271,108,2
kitti,000004,ty,2.0,far>30m,108,108,39.06132220947688,108,2
kitti,000004,ty,5.0,far>30m,108,108,97.65329626159092,108,2
kitti,000004,ty,10.0,far>30m,108,108,195.30656164955627,108,2
kitti,000004,tz,2.0,far>30m,108,108,39.076739397711655,108,2
kitti,000004,tz,5.0,far>30m,108,108,97.69106983457378,108,2
kitti,000004,tz,10.0,far>30m,108,108,195.37954419261817,108,2
kitti,000007,none,0.0,mid15-30m,197,197,0.0,197,1
kitti,000007,none,0.0,far>30m,48,48,0.0,48,2
kitti,000007,yaw,0.5,mid15-30m,197,175,1256.847838816937,197,1
kitti,000007,yaw,0.5,far>30m,48,41,331.00185611198845,48,2
kitti,000007,yaw,1.0,mid15-30m,197,153,2514.5325315652763,197,1
kitti,000007,yaw,1.0,far>30m,48,24,663.6772799008071,48,2
kitti,000007,yaw,2.0,mid15-30m,197,100,5033.198343514729,197,1
kitti,000007,yaw,2.0,far>30m,48,1,1334.314120740979,48,2
kitti,000007,yaw,3.0,mid15-30m,197,43,7557.576393917019,197,1
kitti,000007,yaw,3.0,far>30m,48,0,2012.4540996583214,48,2
kitti,000007,pitch,0.5,mid15-30m,197,173,1257.8490778861508,197,1
kitti,000007,pitch,0.5,far>30m,48,31,304.7136432978489,48,2
kitti,000007,pitch,1.0,mid15-30m,197,130,2516.8760750354686,197,1
kitti,000007,pitch,1.0,far>30m,48,18,609.6380883161032,48,2
kitti,000007,pitch,2.0,mid15-30m,197,64,5039.253837578735,197,1
kitti,000007,pitch,2.0,far>30m,48,6,1220.3142810028821,48,2
kitti,000007,pitch,3.0,mid15-30m,197,20,7568.722708984939,197,1
kitti,000007,pitch,3.0,far>30m,48,0,1832.4201741003076,48,2
kitti,000007,roll,0.5,mid15-30m,197,197,62.726391788995905,197,1
kitti,000007,roll,0.5,far>30m,48,48,83.01529548823837,48,2
kitti,000007,roll,1.0,mid15-30m,197,197,125.45139631848437,197,1
kitti,000007,roll,1.0,far>30m,48,47,166.02662812699174,48,2
kitti,000007,roll,2.0,mid15-30m,197,196,250.8924548292925,197,1
kitti,000007,roll,2.0,far>30m,48,43,332.03107917678415,48,2
kitti,000007,roll,3.0,mid15-30m,197,194,376.3135989614734,197,1
kitti,000007,roll,3.0,far>30m,48,39,498.00070711301225,48,2
kitti,000007,tx,2.0,mid15-30m,197,197,5.6165816148075685,197,1
kitti,000007,tx,2.0,far>30m,48,48,5.156490425871845,48,2
kitti,000007,tx,5.0,mid15-30m,197,197,14.023793708799163,197,1
kitti,000007,tx,5.0,far>30m,48,48,12.880521953411266,48,2
kitti,000007,tx,10.0,mid15-30m,197,197,27.98891675116323,197,1
kitti,000007,tx,10.0,far>30m,48,48,25.72544347000116,48,2
kitti,000007,ty,2.0,mid15-30m,197,197,119.51994510968387,197,1
kitti,000007,ty,2.0,far>30m,48,48,17.879723224928256,48,2
kitti,000007,ty,5.0,mid15-30m,197,194,298.79981589010947,197,1
kitti,000007,ty,5.0,far>30m,48,47,44.699303660113394,48,2
kitti,000007,ty,10.0,mid15-30m,197,189,597.5994754999456,197,1
kitti,000007,ty,10.0,far>30m,48,47,89.39859264622194,48,2
kitti,000007,tz,2.0,mid15-30m,197,197,119.56624312007878,197,1
kitti,000007,tz,2.0,far>30m,48,48,17.88459820564101,48,2
kitti,000007,tz,5.0,mid15-30m,197,197,298.9116663586959,197,1
kitti,000007,tz,5.0,far>30m,48,48,44.711125470394805,48,2
kitti,000007,tz,10.0,mid15-30m,197,197,597.8101950411535,197,1
kitti,000007,tz,10.0,far>30m,48,48,89.42101748954637,48,2
kitti,000008,none,0.0,near<15m,5350,5350,0.0,5350,4
kitti,000008,none,0.0,far>30m,63,63,0.0,63,1
kitti,000008,none,0.0,mid15-30m,246,246,0.0,246,1
kitti,000008,yaw,0.5,near<15m,5350,5291,42084.69718711984,5350,4
kitti,000008,yaw,0.5,far>30m,63,56,417.6031673586564,63,1
kitti,000008,yaw,0.5,mid15-30m,246,239,1850.6098200212318,246,1
kitti,000008,yaw,1.0,near<15m,5350,5210,84256.97645676546,5350,4
kitti,000008,yaw,1.0,far>30m,63,47,833.7114605562916,63,1
kitti,000008,yaw,1.0,mid15-30m,246,211,3687.661981238523,246,1
kitti,000008,yaw,2.0,near<15m,5350,4946,168911.59197982436,5350,4
kitti,000008,yaw,2.0,far>30m,63,24,1661.7300230021633,63,1
kitti,000008,yaw,2.0,mid15-30m,246,149,7322.805260522702,246,1
kitti,000008,yaw,3.0,near<15m,5350,4677,254059.56473999508,5350,4
kitti,000008,yaw,3.0,far>30m,63,7,2484.6199277339915,63,1
kitti,000008,yaw,3.0,mid15-30m,246,84,10908.754731033543,246,1
kitti,000008,pitch,0.5,near<15m,5350,5059,36575.02826612251,5350,4
kitti,000008,pitch,0.5,far>30m,63,41,400.7719440366271,63,1
kitti,000008,pitch,0.5,mid15-30m,246,200,1580.406500210267,246,1
kitti,000008,pitch,1.0,near<15m,5350,4753,73273.55804693178,5350,4
kitti,000008,pitch,1.0,far>30m,63,24,801.8757126332055,63,1
kitti,000008,pitch,1.0,mid15-30m,246,176,3163.1101625843658,246,1
kitti,000008,pitch,2.0,near<15m,5350,4116,147069.67075199343,5350,4
kitti,000008,pitch,2.0,far>30m,63,2,1605.3327168810856,63,1
kitti,000008,pitch,2.0,mid15-30m,246,104,6336.484111324094,246,1
kitti,000008,pitch,3.0,near<15m,5350,3488,221446.39360041198,5350,4
kitti,000008,pitch,3.0,far>30m,63,0,2410.881709618845,63,1
kitti,000008,pitch,3.0,mid15-30m,246,38,9522.2894555777,246,1
kitti,000008,roll,0.5,near<15m,5350,5296,13644.555902882885,5350,4
kitti,000008,roll,0.5,far>30m,63,63,85.19391704016743,63,1
kitti,000008,roll,0.5,mid15-30m,246,226,668.192861386385,246,1
kitti,000008,roll,1.0,near<15m,5350,5189,27288.69888901379,5350,4
kitti,000008,roll,1.0,far>30m,63,50,170.38784865372156,63,1
kitti,000008,roll,1.0,mid15-30m,246,205,1336.3987731209295,246,1
kitti,000008,roll,2.0,near<15m,5350,4970,54574.696225294814,5350,4
kitti,000008,roll,2.0,far>30m,63,41,340.76925253105895,63,1
kitti,000008,roll,2.0,mid15-30m,246,180,2672.79863206966,246,1
kitti,000008,roll,3.0,near<15m,5350,4759,81855.89266577223,5350,4
kitti,000008,roll,3.0,far>30m,63,36,511.1312031865093,63,1
kitti,000008,roll,3.0,mid15-30m,246,156,4009.0973029869638,246,1
kitti,000008,tx,2.0,near<15m,5350,5349,6751.18878200178,5350,4
kitti,000008,tx,2.0,far>30m,63,63,6.089501925773991,63,1
kitti,000008,tx,2.0,mid15-30m,246,245,80.85218300796258,246,1
kitti,000008,tx,5.0,near<15m,5350,5348,16754.855179901875,5350,4
kitti,000008,tx,5.0,far>30m,63,63,15.209608920851078,63,1
kitti,000008,tx,5.0,mid15-30m,246,245,201.8124600723866,246,1
kitti,000008,tx,10.0,near<15m,5350,5346,33107.84314356388,5350,4
kitti,000008,tx,10.0,far>30m,63,63,30.37218162693622,63,1
kitti,000008,tx,10.0,mid15-30m,246,245,402.56936647105397,246,1
kitti,000008,ty,2.0,near<15m,5350,5333,13995.969570146268,5350,4
kitti,000008,ty,2.0,far>30m,63,63,28.206306888052687,63,1
kitti,000008,ty,2.0,mid15-30m,246,245,186.47365731339326,246,1
kitti,000008,ty,5.0,near<15m,5350,5307,34989.89597785996,5350,4
kitti,000008,ty,5.0,far>30m,63,63,70.51575905061806,63,1
kitti,000008,ty,5.0,mid15-30m,246,245,466.1840518703438,246,1
kitti,000008,ty,10.0,near<15m,5350,5256,69979.69879759246,5350,4
kitti,000008,ty,10.0,far>30m,63,62,141.03149086953073,63,1
kitti,000008,ty,10.0,mid15-30m,246,243,932.3677990304813,246,1
kitti,000008,tz,2.0,near<15m,5350,5344,14019.002036555625,5350,4
kitti,000008,tz,2.0,far>30m,63,63,28.214526589286834,63,1
kitti,000008,tz,2.0,mid15-30m,246,246,186.5796142195175,246,1
kitti,000008,tz,5.0,near<15m,5350,5257,35045.15278330529,5350,4
kitti,000008,tz,5.0,far>30m,63,63,70.53562974320322,63,1
kitti,000008,tz,5.0,mid15-30m,246,246,466.44134931280394,246,1
kitti,000008,tz,10.0,near<15m,5350,5044,70082.46613432339,5350,4
kitti,000008,tz,10.0,far>30m,63,62,141.06897044584005,63,1
kitti,000008,tz,10.0,mid15-30m,246,246,932.8570789654111,246,1
kitti,000009,none,0.0,mid15-30m,221,221,0.0,221,1
kitti,000009,yaw,0.5,mid15-30m,221,204,1409.996647331404,221,1
kitti,000009,yaw,1.0,mid15-30m,221,181,2819.541005322317,221,1
kitti,000009,yaw,2.0,mid15-30m,221,120,5638.149418821594,221,1
kitti,000009,yaw,3.0,mid15-30m,221,66,8457.57781435031,221,1
kitti,000009,pitch,0.5,mid15-30m,221,196,1412.5793262520028,221,1
kitti,000009,pitch,1.0,mid15-30m,221,165,2826.6169350101527,221,1
kitti,000009,pitch,2.0,mid15-30m,221,92,5659.956790934805,221,1
kitti,000009,pitch,3.0,mid15-30m,221,27,8501.810582189728,221,1
kitti,000009,roll,0.5,mid15-30m,221,221,72.96371586211099,221,1
kitti,000009,roll,1.0,mid15-30m,221,221,145.92622974883648,221,1
kitti,000009,roll,2.0,mid15-30m,221,221,291.8420797585563,221,1
kitti,000009,roll,3.0,mid15-30m,221,221,437.736406696528,221,1
kitti,000009,tx,2.0,mid15-30m,221,221,7.155432270068832,221,1
kitti,000009,tx,5.0,mid15-30m,221,221,17.865127263394076,221,1
kitti,000009,tx,10.0,mid15-30m,221,221,35.652349527573065,221,1
kitti,000009,ty,2.0,mid15-30m,221,221,140.09194263134222,221,1
kitti,000009,ty,5.0,mid15-30m,221,221,350.2297991233026,221,1
kitti,000009,ty,10.0,mid15-30m,221,219,700.4594067298485,221,1
kitti,000009,tz,2.0,mid15-30m,221,221,140.15277586849737,221,1
kitti,000009,tz,5.0,mid15-30m,221,221,350.3771093398997,221,1
kitti,000009,tz,10.0,mid15-30m,221,221,700.7381181677628,221,1
kitti,000010,none,0.0,near<15m,1517,1517,0.0,1517,2
kitti,000010,none,0.0,mid15-30m,840,840,0.0,840,6
kitti,000010,none,0.0,far>30m,23,23,0.0,23,1
kitti,000010,yaw,0.5,near<15m,1517,1504,11335.562362913848,1517,2
kitti,000010,yaw,0.5,mid15-30m,840,820,5756.3957062013515,840,6
kitti,000010,yaw,0.5,far>30m,23,23,147.28035946058716,23,1
kitti,000010,yaw,1.0,near<15m,1517,1480,22656.870198004945,1517,2
kitti,000010,yaw,1.0,mid15-30m,840,742,11491.477177536002,840,6
kitti,000010,yaw,1.0,far>30m,23,20,294.31292247221205,23,1
kitti,000010,yaw,2.0,near<15m,1517,1386,45267.824014864476,1517,2
kitti,000010,yaw,2.0,mid15-30m,840,600,22902.02342890629,840,6
kitti,000010,yaw,2.0,far>30m,23,8,587.7273033184949,23,1
kitti,000010,yaw,3.0,near<15m,1517,1261,67854.84292992564,1517,2
kitti,000010,yaw,3.0,mid15-30m,840,441,34240.14850238508,840,6
kitti,000010,yaw,3.0,far>30m,23,2,880.4271256887432,23,1
kitti,000010,pitch,0.5,near<15m,1517,1435,10120.71665060806,1517,2
kitti,000010,pitch,0.5,mid15-30m,840,689,5392.418429178342,840,6
kitti,000010,pitch,0.5,far>30m,23,13,145.96877995596267,23,1
kitti,000010,pitch,1.0,near<15m,1517,1374,20270.93736891273,1517,2
kitti,000010,pitch,1.0,mid15-30m,840,592,10791.744078554104,840,6
kitti,000010,pitch,1.0,far>30m,23,7,292.0443950517632,23,1
kitti,000010,pitch,2.0,near<15m,1517,1057,40667.34356974115,1517,2
kitti,000010,pitch,2.0,mid15-30m,840,377,21614.641855607675,840,6
kitti,000010,pitch,2.0,far>30m,23,0,584.6070493037581,23,1
kitti,000010,pitch,3.0,near<15m,1517,783,61204.34639522571,1517,2
kitti,000010,pitch,3.0,mid15-30m,840,212,32475.795885654654,840,6
kitti,000010,pitch,3.0,far>30m,23,0,877.8706904528768,23,1
kitti,000010,roll,0.5,near<15m,1517,1491,3377.723103518304,1517,2
kitti,000010,roll,0.5,mid15-30m,840,809,1247.1138288652241,840,6
kitti,000010,roll,0.5,far>30m,23,23,15.506309950641764,23,1
kitti,000010,roll,1.0,near<15m,1517,1463,6755.452600909249,1517,2
kitti,000010,roll,1.0,mid15-30m,840,783,2494.239688812965,840,6
kitti,000010,roll,1.0,far>30m,23,17,31.012468891419417,23,1
kitti,000010,roll,2.0,near<15m,1517,1405,13510.67083071639,1517,2
kitti,000010,roll,2.0,mid15-30m,840,735,4988.432124062458,840,6
kitti,000010,roll,2.0,far>30m,23,17,62.02315071234436,23,1
kitti,000010,roll,3.0,near<15m,1517,1329,20265.134693913897,1517,2
kitti,000010,roll,3.0,mid15-30m,840,700,7482.386493730626,840,6
kitti,000010,roll,3.0,far>30m,23,17,93.02967927364669,23,1
kitti,000010,tx,2.0,near<15m,1517,1517,1085.5851807306294,1517,2
kitti,000010,tx,2.0,mid15-30m,840,840,169.42155733892994,840,6
kitti,000010,tx,2.0,far>30m,23,23,0.8549669458675133,23,1
kitti,000010,tx,5.0,near<15m,1517,1516,2700.907780932655,1517,2
kitti,000010,tx,5.0,mid15-30m,840,840,422.781899936527,840,6
kitti,000010,tx,5.0,far>30m,23,23,2.1358891705859375,23,1
kitti,000010,tx,10.0,near<15m,1517,1511,5358.910916843438,1517,2
kitti,000010,tx,10.0,mid15-30m,840,839,843.0032252783933,840,6
kitti,000010,tx,10.0,far>30m,23,23,4.266694065895551,23,1
kitti,000010,ty,2.0,near<15m,1517,1517,2516.4090259880318,1517,2
kitti,000010,ty,2.0,mid15-30m,840,840,642.481595097959,840,6
kitti,000010,ty,2.0,far>30m,23,23,7.923534024680988,23,1
kitti,000010,ty,5.0,near<15m,1517,1514,6291.019484164678,1517,2
kitti,000010,ty,5.0,mid15-30m,840,839,1606.2036546052404,840,6
kitti,000010,ty,5.0,far>30m,23,23,19.808833296605695,23,1
kitti,000010,ty,10.0,near<15m,1517,1499,12582.028698993232,1517,2
kitti,000010,ty,10.0,mid15-30m,840,836,3212.4061987456107,840,6
kitti,000010,ty,10.0,far>30m,23,23,39.617660709557555,23,1
kitti,000010,tz,2.0,near<15m,1517,1517,2520.2213014905496,1517,2
kitti,000010,tz,2.0,mid15-30m,840,836,642.8358324900751,840,6
kitti,000010,tz,2.0,far>30m,23,23,7.9256087594085995,23,1
kitti,000010,tz,5.0,near<15m,1517,1517,6300.293920453305,1517,2
kitti,000010,tz,5.0,mid15-30m,840,833,1607.061569980174,840,6
kitti,000010,tz,5.0,far>30m,23,23,19.813873527827223,23,1
kitti,000010,tz,10.0,near<15m,1517,1505,12599.723506327591,1517,2
kitti,000010,tz,10.0,mid15-30m,840,833,3214.0297736645275,840,6
kitti,000010,tz,10.0,far>30m,23,23,39.62725249655362,23,1
kitti,000011,none,0.0,near<15m,440,440,0.0,440,3
kitti,000011,none,0.0,mid15-30m,303,303,0.0,303,2
kitti,000011,none,0.0,far>30m,40,40,0.0,40,1
kitti,000011,yaw,0.5,near<15m,440,386,4049.10171937749,440,3
kitti,000011,yaw,0.5,mid15-30m,303,274,2120.1374762149703,303,2
kitti,000011,yaw,0.5,far>30m,40,21,254.77941152600576,40,1
kitti,000011,yaw,1.0,near<15m,440,327,8123.670527059179,440,3
kitti,000011,yaw,1.0,mid15-30m,303,214,4251.402069220863,303,2
kitti,000011,yaw,1.0,far>30m,40,3,509.3161506220121,40,1
kitti,000011,yaw,2.0,near<15m,440,159,16355.564027517132,440,3
kitti,000011,yaw,2.0,mid15-30m,303,131,8549.093891791154,303,2
kitti,000011,yaw,2.0,far>30m,40,0,1017.819610986169,40,1
kitti,000011,yaw,3.0,near<15m,440,42,24708.815375034374,440,3
kitti,000011,yaw,3.0,mid15-30m,303,80,12896.73054594973,303,2
kitti,000011,yaw,3.0,far>30m,40,0,1525.8252805614845,40,1
kitti,000011,pitch,0.5,near<15m,440,393,2959.7721794695844,440,3
kitti,000011,pitch,0.5,mid15-30m,303,247,1938.9311769372207,303,2
kitti,000011,pitch,0.5,far>30m,40,36,254.053234417246,40,1
kitti,000011,pitch,1.0,near<15m,440,368,5929.024376101963,440,3
kitti,000011,pitch,1.0,mid15-30m,303,225,3880.016220460615,303,2
kitti,000011,pitch,1.0,far>30m,40,32,508.23541257053546,40,1
kitti,000011,pitch,2.0,near<15m,440,304,11898.348545163211,440,3
kitti,000011,pitch,2.0,mid15-30m,303,135,7769.914402556031,303,2
kitti,000011,pitch,2.0,far>30m,40,15,1017.1442631868581,40,1
kitti,000011,pitch,3.0,near<15m,440,254,17912.803466432742,440,3
kitti,000011,pitch,3.0,mid15-30m,303,85,11672.244376703913,303,2
kitti,000011,pitch,3.0,far>30m,40,0,1527.0430764335701,40,1
kitti,000011,roll,0.5,near<15m,440,435,1750.1349966867922,440,3
kitti,000011,roll,0.5,mid15-30m,303,301,535.4162220455671,303,2
kitti,000011,roll,0.5,far>30m,40,40,16.208940683087974,40,1
kitti,000011,roll,1.0,near<15m,440,412,3500.1663077340254,440,3
kitti,000011,roll,1.0,mid15-30m,303,300,1070.8051028382956,303,2
kitti,000011,roll,1.0,far>30m,40,40,32.41766121965969,40,1
kitti,000011,roll,2.0,near<15m,440,386,6999.783531577428,440,3
kitti,000011,roll,2.0,mid15-30m,303,282,2141.4599722920766,303,2
kitti,000011,roll,2.0,far>30m,40,40,64.8332063164782,40,1
kitti,000011,roll,3.0,near<15m,440,370,10498.583141047367,440,3
kitti,000011,roll,3.0,mid15-30m,303,266,3211.882909429077,303,2
kitti,000011,roll,3.0,far>30m,40,40,97.24416420207643,40,1
kitti,000011,tx,2.0,near<15m,440,440,586.8783275415838,440,3
kitti,000011,tx,2.0,mid15-30m,303,303,62.01713877398798,303,2
kitti,000011,tx,2.0,far>30m,40,40,1.1138995860267413,40,1
kitti,000011,tx,5.0,near<15m,440,440,1460.090049801676,440,3
kitti,000011,tx,5.0,mid15-30m,303,303,154.7926756299046,303,2
kitti,000011,tx,5.0,far>30m,40,39,2.7822974531448317,40,1
kitti,000011,tx,10.0,near<15m,440,436,2896.8141062439618,440,3
kitti,000011,tx,10.0,mid15-30m,303,302,308.75518610352776,303,2
kitti,000011,tx,10.0,far>30m,40,39,5.556442355504267,40,1
kitti,000011,ty,2.0,near<15m,440,432,837.2779882659681,440,3
kitti,000011,ty,2.0,mid15-30m,303,302,199.70913506319914,303,2
kitti,000011,ty,2.0,far>30m,40,38,16.96561192572577,40,1
kitti,000011,ty,5.0,near<15m,440,415,2093.1937919893253,440,3
kitti,000011,ty,5.0,mid15-30m,303,301,499.2727477508439,303,2
kitti,000011,ty,5.0,far>30m,40,38,42.41402516326795,40,1
kitti,000011,ty,10.0,near<15m,440,388,4186.383655066511,440,3
kitti,000011,ty,10.0,mid15-30m,303,296,998.5451958112844,303,2
kitti,000011,ty,10.0,far>30m,40,35,84.82803482304557,40,1
kitti,000011,tz,2.0,near<15m,440,440,838.6220031217601,440,3
kitti,000011,tz,2.0,mid15-30m,303,303,199.81461370895414,303,2
kitti,000011,tz,2.0,far>30m,40,40,16.967816185244484,40,1
kitti,000011,tz,5.0,near<15m,440,440,2096.4557839028994,440,3
kitti,000011,tz,5.0,mid15-30m,303,303,499.5289746230354,303,2
kitti,000011,tz,5.0,far>30m,40,40,42.41914955774804,40,1
kitti,000011,tz,10.0,near<15m,440,440,4192.580867031048,440,3
kitti,000011,tz,10.0,mid15-30m,303,301,999.0327514915058,303,2
kitti,000011,tz,10.0,far>30m,40,40,84.83699612963933,40,1
kitti,000012,none,0.0,far>30m,55,55,0.0,55,2
kitti,000012,yaw,0.5,far>30m,55,51,359.2048043901882,55,2
kitti,000012,yaw,1.0,far>30m,55,35,719.2025217271491,55,2
kitti,000012,yaw,2.0,far>30m,55,5,1441.8213898329816,55,2
kitti,000012,yaw,3.0,far>30m,55,0,2168.351933556107,55,2
kitti,000012,pitch,0.5,far>30m,55,48,348.1877762706481,55,2
kitti,000012,pitch,1.0,far>30m,55,19,696.5900347303216,55,2
kitti,000012,pitch,2.0,far>30m,55,11,1394.2554033099132,55,2
kitti,000012,pitch,3.0,far>30m,55,0,2093.4327824948264,55,2
kitti,000012,roll,0.5,far>30m,55,55,59.701143599205935,55,2
kitti,000012,roll,1.0,far>30m,55,55,119.40031165123219,55,2
kitti,000012,roll,2.0,far>30m,55,44,238.78817117089142,55,2
kitti,000012,roll,3.0,far>30m,55,44,358.15448083612694,55,2
kitti,000012,tx,2.0,far>30m,55,55,2.1876166291965466,55,2
kitti,000012,tx,5.0,far>30m,55,55,5.466406647812931,55,2
kitti,000012,tx,10.0,far>30m,55,55,10.924041510429296,55,2
kitti,000012,ty,2.0,far>30m,55,55,12.89659021060144,55,2
kitti,000012,ty,5.0,far>30m,55,55,32.24147356661257,55,2
kitti,000012,ty,10.0,far>30m,55,55,64.48294060025535,55,2
kitti,000012,tz,2.0,far>30m,55,55,12.899508534701877,55,2
kitti,000012,tz,5.0,far>30m,55,55,32.248606596748445,55,2
kitti,000012,tz,10.0,far>30m,55,55,64.49666406764497,55,2
kitti,000015,none,0.0,near<15m,2055,2055,0.0,2055,2
kitti,000015,none,0.0,mid15-30m,179,179,0.0,179,3
kitti,000015,yaw,0.5,near<15m,2055,1983,17429.937888742304,2055,2
kitti,000015,yaw,0.5,mid15-30m,179,103,1147.1824761780522,179,3
kitti,000015,yaw,1.0,near<15m,2055,1894,34953.739316560146,2055,2
kitti,000015,yaw,1.0,mid15-30m,179,26,2293.533625605279,179,3
kitti,000015,yaw,2.0,near<15m,2055,1698,70305.16149681929,2055,2
kitti,000015,yaw,2.0,mid15-30m,179,0,4584.474048610653,179,3
kitti,000015,yaw,3.0,near<15m,2055,1556,106099.76729890733,2055,2
kitti,000015,yaw,3.0,mid15-30m,179,0,6874.282148431462,179,3
kitti,000015,pitch,0.5,near<15m,2055,1935,14062.18297812806,2055,2
kitti,000015,pitch,0.5,mid15-30m,179,170,1136.0435261741366,179,3
kitti,000015,pitch,1.0,near<15m,2055,1803,28172.296061276003,2055,2
kitti,000015,pitch,1.0,mid15-30m,179,145,2272.7474388946794,179,3
kitti,000015,pitch,2.0,near<15m,2055,1571,56547.628980186935,2055,2
kitti,000015,pitch,2.0,mid15-30m,179,98,4548.847874661031,179,3
kitti,000015,pitch,3.0,near<15m,2055,1352,85149.00437004735,2055,2
kitti,000015,pitch,3.0,mid15-30m,179,38,6829.730146010224,179,3
kitti,000015,roll,0.5,near<15m,2055,2045,7252.633009288403,2055,2
kitti,000015,roll,0.5,mid15-30m,179,179,122.07244894018129,179,3
kitti,000015,roll,1.0,near<15m,2055,2025,14505.137282988044,2055,2
kitti,000015,roll,1.0,mid15-30m,179,179,244.142260123018,179,3
kitti,000015,roll,2.0,near<15m,2055,1977,29009.213924243733,2055,2
kitti,000015,roll,2.0,mid15-30m,179,174,488.2646622199211,179,3
kitti,000015,roll,3.0,near<15m,2055,1892,43511.13857213828,2055,2
kitti,000015,roll,3.0,mid15-30m,179,166,732.3485940544768,179,3
kitti,000015,tx,2.0,near<15m,2055,2052,3555.4852520531604,2055,2
kitti,000015,tx,2.0,mid15-30m,179,179,11.661763291230903,179,3
kitti,000015,tx,5.0,near<15m,2055,2047,8826.401115261413,2055,2
kitti,000015,tx,5.0,mid15-30m,179,179,29.117948179396222,179,3
kitti,000015,tx,10.0,near<15m,2055,2031,17449.15558893662,2055,2
kitti,000015,tx,10.0,mid15-30m,179,178,58.11476744982325,179,3
kitti,000015,ty,2.0,near<15m,2055,2044,6349.330063102778,2055,2
kitti,000015,ty,2.0,mid15-30m,179,177,107.7743862946032,179,3
kitti,000015,ty,5.0,near<15m,2055,2026,15872.789732313046,2055,2
kitti,000015,ty,5.0,mid15-30m,179,166,269.4343108614694,179,3
kitti,000015,ty,10.0,near<15m,2055,1983,31743.79488285409,2055,2
kitti,000015,ty,10.0,mid15-30m,179,151,538.8631055632018,179,3
kitti,000015,tz,2.0,near<15m,2055,2055,6358.287796120897,2055,2
kitti,000015,tz,2.0,mid15-30m,179,179,107.74268662931155,179,3
kitti,000015,tz,5.0,near<15m,2055,2055,15896.045440032378,2055,2
kitti,000015,tz,5.0,mid15-30m,179,179,269.3577218618033,179,3
kitti,000015,tz,10.0,near<15m,2055,2020,31793.17744197018,2055,2
kitti,000015,tz,10.0,mid15-30m,179,179,538.7187947187159,179,3
kitti,000016,none,0.0,far>30m,121,121,0.0,121,3
kitti,000016,none,0.0,mid15-30m,1984,1984,0.0,1984,1
kitti,000016,none,0.0,near<15m,1930,1930,0.0,1930,1
kitti,000016,yaw,0.5,far>30m,121,105,779.6805365349865,121,3
kitti,000016,yaw,0.5,mid15-30m,1984,1975,15105.415485196492,1984,1
kitti,000016,yaw,0.5,near<15m,1930,1865,17360.092731237542,1930,1
kitti,000016,yaw,1.0,far>30m,121,81,1558.3287534588164,121,3
kitti,000016,yaw,1.0,mid15-30m,1984,1941,30328.671716520883,1984,1
kitti,000016,yaw,1.0,near<15m,1930,1798,34914.00309761026,1930,1
kitti,000016,yaw,2.0,far>30m,121,34,3113.027854995655,121,3
kitti,000016,yaw,2.0,mid15-30m,1984,1880,61144.34977968439,1984,1
kitti,000016,yaw,2.0,near<15m,1930,1666,70628.87384958623,1930,1
kitti,000016,yaw,3.0,far>30m,121,6,4665.09141139989,121,3
kitti,000016,yaw,3.0,mid15-30m,1984,1807,92479.38931328346,1984,1
kitti,000016,yaw,3.0,near<15m,1930,1541,107198.0579217744,1930,1
kitti,000016,pitch,0.5,far>30m,121,87,768.6013891457709,121,3
kitti,000016,pitch,0.5,mid15-30m,1984,1984,12660.685741457863,1984,1
kitti,000016,pitch,0.5,near<15m,1930,1844,13302.178787594501,1930,1
kitti,000016,pitch,1.0,far>30m,121,49,1537.712768256261,121,3
kitti,000016,pitch,1.0,mid15-30m,1984,1984,25327.201739552314,1984,1
kitti,000016,pitch,1.0,near<15m,1930,1744,26657.620419944047,1930,1
kitti,000016,pitch,2.0,far>30m,121,4,3077.94539232204,121,3
kitti,000016,pitch,2.0,mid15-30m,1984,1943,50686.185397167435,1984,1
kitti,000016,pitch,2.0,near<15m,1930,1522,53539.34518914942,1930,1
kitti,000016,pitch,3.0,far>30m,121,0,4621.6620404998985,121,3
kitti,000016,pitch,3.0,mid15-30m,1984,1740,76093.93150190223,1984,1
kitti,000016,pitch,3.0,near<15m,1930,1308,80667.6861832008,1930,1
kitti,000016,roll,0.5,far>30m,121,121,95.93731510803248,121,3
kitti,000016,roll,0.5,mid15-30m,1984,1984,5286.066111236067,1984,1
kitti,000016,roll,0.5,near<15m,1930,1926,7566.670790990744,1930,1
kitti,000016,roll,1.0,far>30m,121,121,191.8734960478763,121,3
kitti,000016,roll,1.0,mid15-30m,1984,1984,10571.809014984254,1984,1
kitti,000016,roll,1.0,near<15m,1930,1920,15132.75452536609,1930,1
kitti,000016,roll,2.0,far>30m,121,111,383.73513798761377,121,3
kitti,000016,roll,2.0,mid15-30m,1984,1984,21141.922907029686,1984,1
kitti,000016,roll,2.0,near<15m,1930,1899,30262.579208168998,1930,1
kitti,000016,roll,3.0,far>30m,121,100,575.5702905419095,121,3
kitti,000016,roll,3.0,mid15-30m,1984,1984,31709.53756334607,1984,1
kitti,000016,roll,3.0,near<15m,1930,1809,45388.311739672135,1930,1
kitti,000016,tx,2.0,far>30m,121,121,6.330544188075897,121,3
kitti,000016,tx,2.0,mid15-30m,1984,1984,563.2668701748262,1984,1
kitti,000016,tx,2.0,near<15m,1930,1930,3202.9474428453605,1930,1
kitti,000016,tx,5.0,far>30m,121,121,15.812515104275192,121,3
kitti,000016,tx,5.0,mid15-30m,1984,1984,1406.1409099099317,1984,1
kitti,000016,tx,5.0,near<15m,1930,1929,7961.230354522795,1930,1
kitti,000016,tx,10.0,far>30m,121,121,31.578988463868413,121,3
kitti,000016,tx,10.0,mid15-30m,1984,1984,2805.5540212502538,1984,1
kitti,000016,tx,10.0,near<15m,1930,1928,15771.054802433202,1930,1
kitti,000016,ty,2.0,far>30m,121,121,49.323141721989444,121,3
kitti,000016,ty,2.0,mid15-30m,1984,1984,1272.7027707968296,1984,1
kitti,000016,ty,2.0,near<15m,1930,1914,5100.709002011324,1930,1
kitti,000016,ty,5.0,far>30m,121,120,123.30784101626685,121,3
kitti,000016,ty,5.0,mid15-30m,1984,1984,3181.756381061336,1984,1
kitti,000016,ty,5.0,near<15m,1930,1888,12751.7635738155,1930,1
kitti,000016,ty,10.0,far>30m,121,120,246.61563773685026,121,3
kitti,000016,ty,10.0,mid15-30m,1984,1984,6363.510942354573,1984,1
kitti,000016,ty,10.0,near<15m,1930,1847,25503.497376979463,1930,1
kitti,000016,tz,2.0,far>30m,121,121,49.33377555372755,121,3
kitti,000016,tz,2.0,mid15-30m,1984,1984,1272.8893262454535,1984,1
kitti,000016,tz,2.0,near<15m,1930,1930,5110.0871157212005,1930,1
kitti,000016,tz,5.0,far>30m,121,121,123.3333219199902,121,3
kitti,000016,tz,5.0,mid15-30m,1984,1984,3182.1774311653353,1984,1
kitti,000016,tz,5.0,near<15m,1930,1930,12774.465931264236,1930,1
kitti,000016,tz,10.0,far>30m,121,121,246.66292071724797,121,3
kitti,000016,tz,10.0,mid15-30m,1984,1984,6364.201920224665,1984,1
kitti,000016,tz,10.0,near<15m,1930,1930,25546.426071691683,1930,1
kitti,000019,none,0.0,near<15m,6515,6515,0.0,6515,2
kitti,000019,none,0.0,far>30m,136,136,0.0,136,2
kitti,000019,yaw,0.5,near<15m,6515,6406,54383.56868176579,6515,2
kitti,000019,yaw,0.5,far>30m,136,121,867.1424013518774,136,2
kitti,000019,yaw,1.0,near<15m,6515,6303,109170.06484650979,6515,2
kitti,000019,yaw,1.0,far>30m,136,92,1733.6628868945104,136,2
kitti,000019,yaw,2.0,near<15m,6515,6010,220020.98076989426,6515,2
kitti,000019,yaw,2.0,far>30m,136,48,3465.3784605703695,136,2
kitti,000019,yaw,3.0,near<15m,6515,5693,332695.82407445036,6515,2
kitti,000019,yaw,3.0,far>30m,136,13,5196.224942787144,136,2
kitti,000019,pitch,0.5,near<15m,6515,6358,44063.16868648415,6515,2
kitti,000019,pitch,0.5,far>30m,136,115,864.2258530217359,136,2
kitti,000019,pitch,1.0,near<15m,6515,6179,88215.02798617979,6515,2
kitti,000019,pitch,1.0,far>30m,136,68,1729.1130643909596,136,2
kitti,000019,pitch,2.0,near<15m,6515,5789,176818.4942777731,6515,2
kitti,000019,pitch,2.0,far>30m,136,14,3461.4099890782354,136,2
kitti,000019,pitch,3.0,near<15m,6515,5443,265878.4767419414,6515,2
kitti,000019,pitch,3.0,far>30m,136,0,5197.9730936785,136,2
kitti,000019,roll,0.5,near<15m,6515,6493,20819.596126637985,6515,2
kitti,000019,roll,0.5,far>30m,136,136,64.51797516182478,136,2
kitti,000019,roll,1.0,near<15m,6515,6465,41637.89690500421,6515,2
kitti,000019,roll,1.0,far>30m,136,136,129.035011327899,136,2
kitti,000019,roll,2.0,near<15m,6515,6429,83269.02115087303,6515,2
kitti,000019,roll,2.0,far>30m,136,132,258.0613444211695,136,2
kitti,000019,roll,3.0,near<15m,6515,6380,124890.19212014944,6515,2
kitti,000019,roll,3.0,far>30m,136,125,387.0691548399715,136,2
kitti,000019,tx,2.0,near<15m,6515,6515,10217.214366025524,6515,2
kitti,000019,tx,2.0,far>30m,136,136,4.164286205080228,136,2
kitti,000019,tx,5.0,near<15m,6515,6515,25359.400505858266,6515,2
kitti,000019,tx,5.0,far>30m,136,136,10.40177576859742,136,2
kitti,000019,tx,10.0,near<15m,6515,6514,50119.17226005105,6515,2
kitti,000019,tx,10.0,far>30m,136,136,20.773821599017115,136,2
kitti,000019,ty,2.0,near<15m,6515,6483,18713.311193116053,6515,2
kitti,000019,ty,2.0,far>30m,136,136,54.67293745028509,136,2
kitti,000019,ty,5.0,near<15m,6515,6433,46783.23897576019,6515,2
kitti,000019,ty,5.0,far>30m,136,136,136.68232904112588,136,2
kitti,000019,ty,10.0,near<15m,6515,6355,93566.34792840664,6515,2
kitti,000019,ty,10.0,far>30m,136,136,273.36460946698,136,2
kitti,000019,tz,2.0,near<15m,6515,6515,18729.025760629687,6515,2
kitti,000019,tz,2.0,far>30m,136,136,54.68856085720988,136,2
kitti,000019,tz,5.0,near<15m,6515,6493,46819.283826545114,6515,2
kitti,000019,tz,5.0,far>30m,136,136,136.7201761656011,136,2
kitti,000019,tz,10.0,near<15m,6515,6455,93627.63465257984,6515,2
kitti,000019,tz,10.0,far>30m,136,136,273.43626583916705,136,2
kitti,000021,none,0.0,near<15m,1124,1124,0.0,1124,2
kitti,000021,none,0.0,mid15-30m,1577,1577,0.0,1577,4
kitti,000021,none,0.0,far>30m,88,88,0.0,88,2
kitti,000021,yaw,0.5,near<15m,1124,1118,8387.686552628671,1124,2
kitti,000021,yaw,0.5,mid15-30m,1577,1572,11758.536505546312,1577,4
kitti,000021,yaw,0.5,far>30m,88,85,568.4200104334798,88,2
kitti,000021,yaw,1.0,near<15m,1124,1112,16775.000416774994,1124,2
kitti,000021,yaw,1.0,mid15-30m,1577,1511,23448.154572997373,1577,4
kitti,000021,yaw,1.0,far>30m,88,76,1135.9495803159743,88,2
kitti,000021,yaw,2.0,near<15m,1124,1053,33556.918513833574,1124,2
kitti,000021,yaw,2.0,mid15-30m,1577,1416,46631.64244439661,1577,4
kitti,000021,yaw,2.0,far>30m,88,47,2268.703352628906,88,2
kitti,000021,yaw,3.0,near<15m,1124,980,50362.453108730944,1124,2
kitti,000021,yaw,3.0,mid15-30m,1577,1241,69571.92579027243,1577,4
kitti,000021,yaw,3.0,far>30m,88,11,3398.9884857437128,88,2
kitti,000021,pitch,0.5,near<15m,1124,1030,7409.178662474502,1124,2
kitti,000021,pitch,0.5,mid15-30m,1577,1428,10077.41825885688,1577,4
kitti,000021,pitch,0.5,far>30m,88,68,559.4839007875623,88,2
kitti,000021,pitch,1.0,near<15m,1124,922,14834.190666761997,1124,2
kitti,000021,pitch,1.0,mid15-30m,1577,1265,20160.552516990894,1577,4
kitti,000021,pitch,1.0,far>30m,88,58,1119.2548503952016,88,2
kitti,000021,pitch,2.0,near<15m,1124,760,29736.98814554882,1124,2
kitti,000021,pitch,2.0,mid15-30m,1577,953,40350.685461740024,1577,4
kitti,000021,pitch,2.0,far>30m,88,35,2240.0075251055596,88,2
kitti,000021,pitch,3.0,near<15m,1124,603,44719.06082064117,1124,2
kitti,000021,pitch,3.0,mid15-30m,1577,672,60583.885266881465,1577,4
kitti,000021,pitch,3.0,far>30m,88,14,3362.95995580162,88,2
kitti,000021,roll,0.5,near<15m,1124,1113,2393.3819331746554,1124,2
kitti,000021,roll,0.5,mid15-30m,1577,1550,3696.484512075331,1577,4
kitti,000021,roll,0.5,far>30m,88,83,63.99643266323753,88,2
kitti,000021,roll,1.0,near<15m,1124,1098,4786.752483404931,1124,2
kitti,000021,roll,1.0,mid15-30m,1577,1493,7393.049364061247,1577,4
kitti,000021,roll,1.0,far>30m,88,83,127.99251212413301,88,2
kitti,000021,roll,2.0,near<15m,1124,1061,9573.275875448116,1124,2
kitti,000021,roll,2.0,mid15-30m,1577,1405,14786.138207168313,1577,4
kitti,000021,roll,2.0,far>30m,88,83,255.97873282882782,88,2
kitti,000021,roll,3.0,near<15m,1124,1034,14359.203014678813,1124,2
kitti,000021,roll,3.0,mid15-30m,1577,1296,22178.702516059642,1577,4
kitti,000021,roll,3.0,far>30m,88,75,383.94890385281064,88,2
kitti,000021,tx,2.0,near<15m,1124,1124,914.8584765519371,1124,2
kitti,000021,tx,2.0,mid15-30m,1577,1577,411.82468581061136,1577,4
kitti,000021,tx,2.0,far>30m,88,88,4.776849001271669,88,2
kitti,000021,tx,5.0,near<15m,1124,1124,2270.933853456854,1124,2
kitti,000021,tx,5.0,mid15-30m,1577,1577,1028.058461018413,1577,4
kitti,000021,tx,5.0,far>30m,88,88,11.930477748812885,88,2
kitti,000021,tx,10.0,near<15m,1124,1124,4489.013100354274,1124,2
kitti,000021,tx,10.0,mid15-30m,1577,1577,2051.1256456894557,1577,4
kitti,000021,tx,10.0,far>30m,88,88,23.822240528422995,88,2
kitti,000021,ty,2.0,near<15m,1124,1124,1863.6350455677407,1124,2
kitti,000021,ty,2.0,mid15-30m,1577,1577,1100.3424797856262,1577,4
kitti,000021,ty,2.0,far>30m,88,88,41.11469496981326,88,2
kitti,000021,ty,5.0,near<15m,1124,1123,4659.084607759196,1124,2
kitti,000021,ty,5.0,mid15-30m,1577,1577,2750.8556960468763,1577,4
kitti,000021,ty,5.0,far>30m,88,88,102.78672499476721,88,2
kitti,000021,ty,10.0,near<15m,1124,1121,9318.159195008831,1124,2
kitti,000021,ty,10.0,mid15-30m,1577,1576,5501.709714037906,1577,4
kitti,000021,ty,10.0,far>30m,88,88,205.57340855699618,88,2
kitti,000021,tz,2.0,near<15m,1124,1124,1865.7281013617792,1124,2
kitti,000021,tz,2.0,mid15-30m,1577,1577,1100.468338980402,1577,4
kitti,000021,tz,2.0,far>30m,88,88,41.11979429975003,88,2
kitti,000021,tz,5.0,near<15m,1124,1122,4664.067313557936,1124,2
kitti,000021,tz,5.0,mid15-30m,1577,1574,2751.128537703705,1577,4
kitti,000021,tz,5.0,far>30m,88,88,102.79844107820736,88,2
kitti,000021,tz,10.0,near<15m,1124,1087,9327.2916660443,1124,2
kitti,000021,tz,10.0,mid15-30m,1577,1554,5502.116048783293,1577,4
kitti,000021,tz,10.0,far>30m,88,80,205.59340001365234,88,2
kitti,000023,none,0.0,far>30m,114,114,0.0,114,3
kitti,000023,yaw,0.5,far>30m,114,88,730.6510861936018,114,3
kitti,000023,yaw,1.0,far>30m,114,53,1461.6141717333217,114,3
kitti,000023,yaw,2.0,far>30m,114,10,2924.9448795202693,114,3
kitti,000023,yaw,3.0,far>30m,114,0,4390.9328211813345,114,3
kitti,000023,pitch,0.5,far>30m,114,105,721.3980678394644,114,3
kitti,000023,pitch,1.0,far>30m,114,67,1442.9807595000475,114,3
kitti,000023,pitch,2.0,far>30m,114,15,2887.1458491562494,114,3
kitti,000023,pitch,3.0,far>30m,114,0,4333.3891908918185,114,3
kitti,000023,roll,0.5,far>30m,114,114,48.07629411523781,114,3
kitti,000023,roll,1.0,far>30m,114,112,96.15108227031128,114,3
kitti,000023,roll,2.0,far>30m,114,112,192.29247804695882,114,3
kitti,000023,roll,3.0,far>30m,114,112,288.4168636031853,114,3
kitti,000023,tx,2.0,far>30m,114,114,2.135734859917143,114,3
kitti,000023,tx,5.0,far>30m,114,114,5.336219312910309,114,3
kitti,000023,tx,10.0,far>30m,114,114,10.662062230456922,114,3
kitti,000023,ty,2.0,far>30m,114,113,28.519412833644758,114,3
kitti,000023,ty,5.0,far>30m,114,112,71.29852736997614,114,3
kitti,000023,ty,10.0,far>30m,114,110,142.5970390261709,114,3
kitti,000023,tz,2.0,far>30m,114,114,28.519557790789573,114,3
kitti,000023,tz,5.0,far>30m,114,114,71.29849831273721,114,3
kitti,000023,tz,10.0,far>30m,114,111,142.59567609806746,114,3
kitti,000025,none,0.0,near<15m,1444,1444,0.0,1444,2
kitti,000025,none,0.0,far>30m,104,104,0.0,104,2
kitti,000025,none,0.0,mid15-30m,383,383,0.0,383,2
kitti,000025,yaw,0.5,near<15m,1444,1439,10299.94017907505,1444,2
kitti,000025,yaw,0.5,far>30m,104,78,662.0279212283152,104,2
kitti,000025,yaw,0.5,mid15-30m,383,347,2552.5213379800884,383,2
kitti,000025,yaw,1.0,near<15m,1444,1411,20622.620075112198,1444,2
kitti,000025,yaw,1.0,far>30m,104,65,1324.2868951772602,104,2
kitti,000025,yaw,1.0,mid15-30m,383,315,5096.155669419227,383,2
kitti,000025,yaw,2.0,near<15m,1444,1305,41345.03735494756,1444,2
kitti,000025,yaw,2.0,far>30m,104,38,2649.910168968,104,2
kitti,000025,yaw,2.0,mid15-30m,383,248,10158.525957983538,383,2
kitti,000025,yaw,3.0,near<15m,1444,1192,62185.06529480673,1444,2
kitti,000025,yaw,3.0,far>30m,104,16,3977.6966458454685,104,2
kitti,000025,yaw,3.0,mid15-30m,383,178,15190.582706199628,383,2
kitti,000025,pitch,0.5,near<15m,1444,1360,9597.62533546497,1444,2
kitti,000025,pitch,0.5,far>30m,104,76,661.9846704384211,104,2
kitti,000025,pitch,0.5,mid15-30m,383,348,2464.6150954885843,383,2
kitti,000025,pitch,1.0,near<15m,1444,1285,19219.076492789558,1444,2
kitti,000025,pitch,1.0,far>30m,104,49,1324.5528850429644,104,2
kitti,000025,pitch,1.0,mid15-30m,383,313,4932.677067154393,383,2
kitti,000025,pitch,2.0,near<15m,1444,1197,38540.286383967876,1444,2
kitti,000025,pitch,2.0,far>30m,104,9,2651.853532641521,104,2
kitti,000025,pitch,2.0,mid15-30m,383,205,9880.743414843777,383,2
kitti,000025,pitch,3.0,near<15m,1444,1000,57977.47107043795,1444,2
kitti,000025,pitch,3.0,far>30m,104,0,3982.733798540581,104,2
kitti,000025,pitch,3.0,mid15-30m,383,113,14847.428675232819,383,2
kitti,000025,roll,0.5,near<15m,1444,1435,2756.705709260784,1444,2
kitti,000025,roll,0.5,far>30m,104,104,35.87903974380707,104,2
kitti,000025,roll,0.5,mid15-30m,383,380,518.7842320807746,383,2
kitti,000025,roll,1.0,near<15m,1444,1425,5513.344049842113,1444,2
kitti,000025,roll,1.0,far>30m,104,104,71.75736005276387,104,2
kitti,000025,roll,1.0,mid15-30m,383,379,1037.568240274799,383,2
kitti,000025,roll,2.0,near<15m,1444,1412,11026.207068777905,1444,2
kitti,000025,roll,2.0,far>30m,104,104,143.50910425066854,104,2
kitti,000025,roll,2.0,mid15-30m,383,352,2075.0959116982262,383,2
kitti,000025,roll,3.0,near<15m,1444,1387,16538.165999811652,1444,2
kitti,000025,roll,3.0,far>30m,104,100,215.24975677473657,104,2
kitti,000025,roll,3.0,mid15-30m,383,336,3112.503654252837,383,2
kitti,000025,tx,2.0,near<15m,1444,1444,1004.360258965064,1444,2
kitti,000025,tx,2.0,far>30m,104,104,2.4647352734356454,104,2
kitti,000025,tx,2.0,mid15-30m,383,383,71.15108466755207,383,2
kitti,000025,tx,5.0,near<15m,1444,1444,2494.0133267194406,1444,2
kitti,000025,tx,5.0,far>30m,104,104,6.155907912327979,104,2
kitti,000025,tx,5.0,mid15-30m,383,383,177.56059282214053,383,2
kitti,000025,tx,10.0,near<15m,1444,1444,4933.039110062942,1444,2
kitti,000025,tx,10.0,far>30m,104,104,12.292100061072437,104,2
kitti,000025,tx,10.0,mid15-30m,383,382,354.06915219902976,383,2
kitti,000025,ty,2.0,near<15m,1444,1443,2733.7822978048634,1444,2
kitti,000025,ty,2.0,far>30m,104,103,47.72567471954666,104,2
kitti,000025,ty,2.0,mid15-30m,383,380,325.80720036213233,383,2
kitti,000025,ty,5.0,near<15m,1444,1441,6834.451411591095,1444,2
kitti,000025,ty,5.0,far>30m,104,103,119.31417228053907,104,2
kitti,000025,ty,5.0,mid15-30m,383,373,814.5178207477271,383,2
kitti,000025,ty,10.0,near<15m,1444,1437,13668.88838014605,1444,2
kitti,000025,ty,10.0,far>30m,104,101,238.62829616666696,104,2
kitti,000025,ty,10.0,mid15-30m,383,368,1629.0350409705245,383,2
kitti,000025,tz,2.0,near<15m,1444,1444,2737.31921077794,1444,2
kitti,000025,tz,2.0,far>30m,104,104,47.74349907886515,104,2
kitti,000025,tz,2.0,mid15-30m,383,383,326.00532098500366,383,2
kitti,000025,tz,5.0,near<15m,1444,1444,6842.933398087389,1444,2
kitti,000025,tz,5.0,far>30m,104,104,119.35752717277978,104,2
kitti,000025,tz,5.0,mid15-30m,383,383,814.998153766641,383,2
kitti,000025,tz,10.0,near<15m,1444,1439,13684.651608557066,1444,2
kitti,000025,tz,10.0,far>30m,104,101,238.71098604399037,104,2
kitti,000025,tz,10.0,mid15-30m,383,376,1629.9458143949723,383,2
kitti,000031,none,0.0,near<15m,3062,3062,0.0,3062,3
kitti,000031,none,0.0,mid15-30m,539,539,0.0,539,2
kitti,000031,none,0.0,far>30m,43,43,0.0,43,1
kitti,000031,yaw,0.5,near<15m,3062,3024,22036.06759483384,3062,3
kitti,000031,yaw,0.5,mid15-30m,539,509,3510.586100635153,539,2
kitti,000031,yaw,0.5,far>30m,43,39,272.5876459947044,43,1
kitti,000031,yaw,1.0,near<15m,3062,2930,44028.83075167483,3062,3
kitti,000031,yaw,1.0,mid15-30m,539,468,7026.846158815595,539,2
kitti,000031,yaw,1.0,far>30m,43,28,545.0383071999079,43,1
kitti,000031,yaw,2.0,near<15m,3062,2672,87903.14466164168,3062,3
kitti,000031,yaw,2.0,mid15-30m,539,375,14078.730446842666,539,2
kitti,000031,yaw,2.0,far>30m,43,6,1089.6963475238147,43,1
kitti,000031,yaw,3.0,near<15m,3062,2415,131660.04763776323,3062,3
kitti,000031,yaw,3.0,mid15-30m,539,287,21160.381228973678,539,2
kitti,000031,yaw,3.0,far>30m,43,0,1634.3090422578139,43,1
kitti,000031,pitch,0.5,near<15m,3062,2909,20211.661654179305,3062,3
kitti,000031,pitch,0.5,mid15-30m,539,502,3440.6100514407844,539,2
kitti,000031,pitch,0.5,far>30m,43,24,272.4924695603854,43,1
kitti,000031,pitch,1.0,near<15m,3062,2738,40472.01306978728,3062,3
kitti,000031,pitch,1.0,mid15-30m,539,454,6882.692063092865,539,2
kitti,000031,pitch,1.0,far>30m,43,14,545.1568070064892,43,1
kitti,000031,pitch,2.0,near<15m,3062,2399,81153.06644979613,3062,3
kitti,000031,pitch,2.0,mid15-30m,539,362,13773.438046998182,539,2
kitti,000031,pitch,2.0,far>30m,43,1,1091.1696420626201,43,1
kitti,000031,pitch,3.0,near<15m,3062,1954,122072.08696162718,3062,3
kitti,000031,pitch,3.0,mid15-30m,539,303,20676.584953810045,539,2
kitti,000031,pitch,3.0,far>30m,43,0,1638.3771013121295,43,1
kitti,000031,roll,0.5,near<15m,3062,3033,6576.853712069274,3062,3
kitti,000031,roll,0.5,mid15-30m,539,539,493.12509020973414,539,2
kitti,000031,roll,0.5,far>30m,43,43,11.260121072440384,43,1
kitti,000031,roll,1.0,near<15m,3062,3002,13153.673842304393,3062,3
kitti,000031,roll,1.0,mid15-30m,539,539,986.2358623732075,539,2
kitti,000031,roll,1.0,far>30m,43,43,22.52006387933741,43,1
kitti,000031,roll,2.0,near<15m,3062,2892,26306.70872228572,3062,3
kitti,000031,roll,2.0,mid15-30m,539,538,1972.3769031655447,539,2
kitti,000031,roll,2.0,far>30m,43,36,45.03855608047349,43,1
kitti,000031,roll,3.0,near<15m,3062,2788,39458.09525913839,3062,3
kitti,000031,roll,3.0,mid15-30m,539,532,2958.3480376055627,539,2
kitti,000031,roll,3.0,far>30m,43,34,67.55375940952685,43,1
kitti,000031,tx,2.0,near<15m,3062,3062,1713.0563268053015,3062,3
kitti,000031,tx,2.0,mid15-30m,539,539,51.72793964019917,539,2
kitti,000031,tx,2.0,far>30m,43,43,0.5156117495623003,43,1
kitti,000031,tx,5.0,near<15m,3062,3062,4267.384325774408,3062,3
kitti,000031,tx,5.0,mid15-30m,539,538,129.13937551738744,539,2
kitti,000031,tx,5.0,far>30m,43,43,1.2882651779027154,43,1
kitti,000031,tx,10.0,near<15m,3062,3060,8484.412931615185,3062,3
kitti,000031,tx,10.0,mid15-30m,539,538,257.6794207146501,539,2
kitti,000031,tx,10.0,far>30m,43,43,2.5739870614575953,43,1
kitti,000031,ty,2.0,near<15m,3062,3060,4724.434768353071,3062,3
kitti,000031,ty,2.0,mid15-30m,539,538,354.49339250903415,539,2
kitti,000031,ty,2.0,far>30m,43,43,12.287680207148561,43,1
kitti,000031,ty,5.0,near<15m,3062,3055,11811.08195759843,3062,3
kitti,000031,ty,5.0,mid15-30m,539,538,886.2333293175993,539,2
kitti,000031,ty,5.0,far>30m,43,43,30.719198246946107,43,1
kitti,000031,ty,10.0,near<15m,3062,3035,23622.14737093523,3062,3
kitti,000031,ty,10.0,mid15-30m,539,529,1772.466152118765,539,2
kitti,000031,ty,10.0,far>30m,43,43,61.43838892414598,43,1
kitti,000031,tz,2.0,near<15m,3062,3062,4729.935020385115,3062,3
kitti,000031,tz,2.0,mid15-30m,539,539,354.5209164419369,539,2
kitti,000031,tz,2.0,far>30m,43,43,12.290284583030878,43,1
kitti,000031,tz,5.0,near<15m,3062,3023,11824.419968083674,3062,3
kitti,000031,tz,5.0,mid15-30m,539,539,886.2895206948142,539,2
kitti,000031,tz,5.0,far>30m,43,43,30.725520577475717,43,1
kitti,000031,tz,10.0,near<15m,3062,2945,23647.448130809156,3062,3
kitti,000031,tz,10.0,mid15-30m,539,539,1772.5364750046203,539,2
kitti,000031,tz,10.0,far>30m,43,43,61.45040489849365,43,1
kitti,000032,none,0.0,near<15m,4597,4597,0.0,4597,4
kitti,000032,none,0.0,mid15-30m,752,752,0.0,752,3
kitti,000032,none,0.0,far>30m,266,266,0.0,266,3
kitti,000032,yaw,0.5,near<15m,4597,4583,33664.216382065635,4597,4
kitti,000032,yaw,0.5,mid15-30m,752,739,5647.979610502073,752,3
kitti,000032,yaw,0.5,far>30m,266,254,1775.5222388692926,266,3
kitti,000032,yaw,1.0,near<15m,4597,4530,67361.4867109479,4597,4
kitti,000032,yaw,1.0,mid15-30m,752,724,11331.506170154971,752,3
kitti,000032,yaw,1.0,far>30m,266,210,3546.223806826774,266,3
kitti,000032,yaw,2.0,near<15m,4597,4350,134885.4246430496,4597,4
kitti,000032,yaw,2.0,mid15-30m,752,679,22810.803872116405,752,3
kitti,000032,yaw,2.0,far>30m,266,136,7074.419818614992,266,3
kitti,000032,yaw,3.0,near<15m,4597,4098,202632.67781888574,4597,4
kitti,000032,yaw,3.0,mid15-30m,752,655,34449.427017639755,752,3
kitti,000032,yaw,3.0,far>30m,266,82,10587.067929489735,266,3
kitti,000032,pitch,0.5,near<15m,4597,4432,30360.87755857346,4597,4
kitti,000032,pitch,0.5,mid15-30m,752,746,4796.669135670117,752,3
kitti,000032,pitch,0.5,far>30m,266,232,1686.8269985942636,266,3
kitti,000032,pitch,1.0,near<15m,4597,4288,60791.85217952872,4597,4
kitti,000032,pitch,1.0,mid15-30m,752,746,9594.155529145253,752,3
kitti,000032,pitch,1.0,far>30m,266,189,3374.0461111029135,266,3
kitti,000032,pitch,2.0,near<15m,4597,3921,121885.6420540855,4597,4
kitti,000032,pitch,2.0,mid15-30m,752,732,19194.758672798314,752,3
kitti,000032,pitch,2.0,far>30m,266,144,6750.72263456801,266,3
kitti,000032,pitch,3.0,near<15m,4597,3441,183324.99747841439,4597,4
kitti,000032,pitch,3.0,mid15-30m,752,606,28808.18013076995,752,3
kitti,000032,pitch,3.0,far>30m,266,52,10132.158603918379,266,3
kitti,000032,roll,0.5,near<15m,4597,4565,10613.322167440161,4597,4
kitti,000032,roll,0.5,mid15-30m,752,752,1917.0155830129302,752,3
kitti,000032,roll,0.5,far>30m,266,266,337.5020707008539,266,3
kitti,000032,roll,1.0,near<15m,4597,4525,21226.38823218346,4597,4
kitti,000032,roll,1.0,mid15-30m,752,728,3833.9235410099727,752,3
kitti,000032,roll,1.0,far>30m,266,266,675.0051608195838,266,3
kitti,000032,roll,2.0,near<15m,4597,4417,42450.938291800405,4597,4
kitti,000032,roll,2.0,mid15-30m,752,655,7667.270847823532,752,3
kitti,000032,roll,2.0,far>30m,266,266,1349.9886974510803,266,3
kitti,000032,roll,3.0,near<15m,4597,4296,63672.02286242088,4597,4
kitti,000032,roll,3.0,mid15-30m,752,584,11499.750605282423,752,3
kitti,000032,roll,3.0,far>30m,266,266,2024.899195182575,266,3
kitti,000032,tx,2.0,near<15m,4597,4597,2844.9016867956134,4597,4
kitti,000032,tx,2.0,mid15-30m,752,752,199.35548714699132,752,3
kitti,000032,tx,2.0,far>30m,266,265,20.007721665511525,266,3
kitti,000032,tx,5.0,near<15m,4597,4596,7086.246323449167,4597,4
kitti,000032,tx,5.0,mid15-30m,752,752,497.7069749281723,752,3
kitti,000032,tx,5.0,far>30m,266,265,49.980634275733195,266,3
kitti,000032,tx,10.0,near<15m,4597,4595,14086.663136712927,4597,4
kitti,000032,tx,10.0,mid15-30m,752,751,993.1497648472546,752,3
kitti,000032,tx,10.0,far>30m,266,265,99.8326347120165,266,3
kitti,000032,ty,2.0,near<15m,4597,4597,7417.420447927339,4597,4
kitti,000032,ty,2.0,mid15-30m,752,751,497.8155369184139,752,3
kitti,000032,ty,2.0,far>30m,266,266,95.69628571865849,266,3
kitti,000032,ty,5.0,near<15m,4597,4595,18543.542986819004,4597,4
kitti,000032,ty,5.0,mid15-30m,752,751,1244.5386283375237,752,3
kitti,000032,ty,5.0,far>30m,266,266,239.24069196181588,266,3
kitti,000032,ty,10.0,near<15m,4597,4588,37087.05886367296,4597,4
kitti,000032,ty,10.0,mid15-30m,752,748,2489.0765434804216,752,3
kitti,000032,ty,10.0,far>30m,266,266,478.4813094742314,266,3
kitti,000032,tz,2.0,near<15m,4597,4597,7425.879328652032,4597,4
kitti,000032,tz,2.0,mid15-30m,752,752,497.8054354595351,752,3
kitti,000032,tz,2.0,far>30m,266,266,95.69152782562026,266,3
kitti,000032,tz,5.0,near<15m,4597,4573,18564.01406542809,4597,4
kitti,000032,tz,5.0,mid15-30m,752,752,1244.4956088713918,752,3
kitti,000032,tz,5.0,far>30m,266,266,239.22694274428113,266,3
kitti,000032,tz,10.0,near<15m,4597,4450,37125.74750979988,4597,4
kitti,000032,tz,10.0,mid15-30m,752,752,2488.931287471307,752,3
kitti,000032,tz,10.0,far>30m,266,266,478.44762955400716,266,3
kitti,000043,none,0.0,near<15m,357,357,0.0,357,2
kitti,000043,none,0.0,mid15-30m,191,191,0.0,191,2
kitti,000043,yaw,0.5,near<15m,357,302,2391.267227923304,357,2
kitti,000043,yaw,0.5,mid15-30m,191,147,1242.4063317835917,191,2
kitti,000043,yaw,1.0,near<15m,357,202,4791.286037236035,357,2
kitti,000043,yaw,1.0,mid15-30m,191,68,2481.912880186921,191,2
kitti,000043,yaw,2.0,near<15m,357,18,9619.301150595937,357,2
kitti,000043,yaw,2.0,mid15-30m,191,0,4953.034380900711,191,2
kitti,000043,yaw,3.0,near<15m,357,0,14487.554796540033,357,2
kitti,000043,yaw,3.0,mid15-30m,191,0,7414.963730954383,191,2
kitti,000043,pitch,0.5,near<15m,357,318,2310.8160870597085,357,2
kitti,000043,pitch,0.5,mid15-30m,191,162,1221.5760786272479,191,2
kitti,000043,pitch,1.0,near<15m,357,306,4624.7097776036835,357,2
kitti,000043,pitch,1.0,mid15-30m,191,155,2444.1791402589524,191,2
kitti,000043,pitch,2.0,near<15m,357,276,9263.241863909516,357,2
kitti,000043,pitch,2.0,mid15-30m,191,125,4893.240289783893,191,2
kitti,000043,pitch,3.0,near<15m,357,235,13918.643869273144,357,2
kitti,000043,pitch,3.0,mid15-30m,191,78,7348.740062781993,191,2
kitti,000043,roll,0.5,near<15m,357,356,473.31417757552725,357,2
kitti,000043,roll,0.5,mid15-30m,191,181,175.04608422152148,191,2
kitti,000043,roll,1.0,near<15m,357,350,946.6103802548117,357,2
kitti,000043,roll,1.0,mid15-30m,191,170,350.09107490547666,191,2
kitti,000043,roll,2.0,near<15m,357,346,1893.1126972149016,357,2
kitti,000043,roll,2.0,mid15-30m,191,170,700.1644155613947,191,2
kitti,000043,roll,3.0,near<15m,357,335,2839.434645111596,357,2
kitti,000043,roll,3.0,mid15-30m,191,166,1050.1932991730193,191,2
kitti,000043,tx,2.0,near<15m,357,357,85.1034172621112,357,2
kitti,000043,tx,2.0,mid15-30m,191,191,19.977841008341393,191,2
kitti,000043,tx,5.0,near<15m,357,357,212.24438966548985,357,2
kitti,000043,tx,5.0,mid15-30m,191,190,49.87114115944716,191,2
kitti,000043,tx,10.0,near<15m,357,355,422.7859369124321,357,2
kitti,000043,tx,10.0,mid15-30m,191,190,99.49836928774141,191,2
kitti,000043,ty,2.0,near<15m,357,352,416.1488386920362,357,2
kitti,000043,ty,2.0,mid15-30m,191,190,135.34910270313554,191,2
kitti,000043,ty,5.0,near<15m,357,341,1040.3717831123856,357,2
kitti,000043,ty,5.0,mid15-30m,191,187,338.37269476036437,191,2
kitti,000043,ty,10.0,near<15m,357,317,2080.7425208332374,357,2
kitti,000043,ty,10.0,mid15-30m,191,177,676.7451828625894,191,2
kitti,000043,tz,2.0,near<15m,357,357,416.39941315022156,357,2
kitti,000043,tz,2.0,mid15-30m,191,191,135.38974852436854,191,2
kitti,000043,tz,5.0,near<15m,357,353,1040.9721625631307,357,2
kitti,000043,tz,5.0,mid15-30m,191,190,338.4691597947556,191,2
kitti,000043,tz,10.0,near<15m,357,353,2081.856430023663,357,2
kitti,000043,tz,10.0,mid15-30m,191,190,676.920948582256,191,2
kitti,000048,none,0.0,mid15-30m,354,354,0.0,354,3
kitti,000048,none,0.0,far>30m,42,42,0.0,42,1
kitti,000048,yaw,0.5,mid15-30m,354,269,2297.9463708249177,354,3
kitti,000048,yaw,0.5,far>30m,42,38,265.59542108130717,42,1
kitti,000048,yaw,1.0,mid15-30m,354,138,4595.142265359862,354,3
kitti,000048,yaw,1.0,far>30m,42,19,531.1581715238801,42,1
kitti,000048,yaw,2.0,mid15-30m,354,13,9188.799111746783,354,3
kitti,000048,yaw,2.0,far>30m,42,0,1062.3495957199038,42,1
kitti,000048,yaw,3.0,mid15-30m,354,0,13784.003673022708,354,3
kitti,000048,yaw,3.0,far>30m,42,0,1593.9023552919462,42,1
kitti,000048,pitch,0.5,mid15-30m,354,326,2258.3580813280373,354,3
kitti,000048,pitch,0.5,far>30m,42,34,265.68823718507497,42,1
kitti,000048,pitch,1.0,mid15-30m,354,306,4518.2095319614355,354,3
kitti,000048,pitch,1.0,far>30m,42,28,531.4624940504395,42,1
kitti,000048,pitch,2.0,mid15-30m,354,262,9043.824064797183,354,3
kitti,000048,pitch,2.0,far>30m,42,14,1063.4335736937683,42,1
kitti,000048,pitch,3.0,mid15-30m,354,182,13579.719779229716,354,3
kitti,000048,pitch,3.0,far>30m,42,0,1596.2432021679263,42,1
kitti,000048,roll,0.5,mid15-30m,354,352,310.07866442212526,354,3
kitti,000048,roll,0.5,far>30m,42,42,5.518645183041675,42,1
kitti,000048,roll,1.0,mid15-30m,354,341,620.1512013211815,354,3
kitti,000048,roll,1.0,far>30m,42,42,11.037178880800418,42,1
kitti,000048,roll,2.0,mid15-30m,354,337,1240.2543048534149,354,3
kitti,000048,roll,2.0,far>30m,42,42,22.073491554860862,42,1
kitti,000048,roll,3.0,mid15-30m,354,330,1860.262138538993,354,3
kitti,000048,roll,3.0,far>30m,42,42,33.10809755519122,42,1
kitti,000048,tx,2.0,mid15-30m,354,354,42.75816781133766,354,3
kitti,000048,tx,2.0,far>30m,42,42,0.4159848012300324,42,1
kitti,000048,tx,5.0,mid15-30m,354,354,106.70327600093589,354,3
kitti,000048,tx,5.0,far>30m,42,42,1.038944294966353,42,1
kitti,000048,tx,10.0,mid15-30m,354,353,212.76913617773135,354,3
kitti,000048,tx,10.0,far>30m,42,42,2.0745050686670687,42,1
kitti,000048,ty,2.0,mid15-30m,354,347,304.09451320518576,354,3
kitti,000048,ty,2.0,far>30m,42,42,19.718083141819505,42,1
kitti,000048,ty,5.0,mid15-30m,354,336,760.2296195025513,354,3
kitti,000048,ty,5.0,far>30m,42,42,49.29497179657598,42,1
kitti,000048,ty,10.0,mid15-30m,354,307,1520.4370278231531,354,3
kitti,000048,ty,10.0,far>30m,42,42,98.58915674329825,42,1
kitti,000048,tz,2.0,mid15-30m,354,354,304.0337772543306,354,3
kitti,000048,tz,2.0,far>30m,42,42,19.71622108119688,42,1
kitti,000048,tz,5.0,mid15-30m,354,354,760.0884914545279,354,3
kitti,000048,tz,5.0,far>30m,42,42,49.29069612823639,42,1
kitti,000048,tz,10.0,mid15-30m,354,354,1520.1904774964864,354,3
kitti,000048,tz,10.0,far>30m,42,42,98.5818703443294,42,1
kitti,000049,none,0.0,mid15-30m,1632,1632,0.0,1632,7
kitti,000049,none,0.0,near<15m,3059,3059,0.0,3059,4
kitti,000049,none,0.0,far>30m,486,486,0.0,486,5
kitti,000049,yaw,0.5,mid15-30m,1632,1593,11472.394547689757,1632,7
kitti,000049,yaw,0.5,near<15m,3059,3017,24585.58963795945,3059,4
kitti,000049,yaw,0.5,far>30m,486,460,3533.407853056427,486,5
kitti,000049,yaw,1.0,mid15-30m,1632,1500,22958.145125691783,1632,7
kitti,000049,yaw,1.0,near<15m,3059,2935,49158.22335805817,3059,4
kitti,000049,yaw,1.0,far>30m,486,420,7046.883397019428,486,5
kitti,000049,yaw,2.0,mid15-30m,1632,1284,45979.37071224444,1632,7
kitti,000049,yaw,2.0,near<15m,3059,2698,98292.3585620597,3059,4
kitti,000049,yaw,2.0,far>30m,486,373,14017.147912436556,486,5
kitti,000049,yaw,3.0,mid15-30m,1632,1036,69083.19307135895,1632,7
kitti,000049,yaw,3.0,near<15m,3059,2389,147457.9297834974,3059,4
kitti,000049,yaw,3.0,far>30m,486,319,20916.86404979728,486,5
kitti,000049,pitch,0.5,mid15-30m,1632,1484,10485.459092542247,1632,7
kitti,000049,pitch,0.5,near<15m,3059,2924,20265.502432452675,3059,4
kitti,000049,pitch,0.5,far>30m,486,474,3086.8455919083917,486,5
kitti,000049,pitch,1.0,mid15-30m,1632,1356,20982.98046082155,1632,7
kitti,000049,pitch,1.0,near<15m,3059,2752,40579.50261180407,3059,4
kitti,000049,pitch,1.0,far>30m,486,444,6174.698130360044,486,5
kitti,000049,pitch,2.0,mid15-30m,1632,1007,42021.115775671424,1632,7
kitti,000049,pitch,2.0,near<15m,3059,2431,81367.97854697604,3059,4
kitti,000049,pitch,2.0,far>30m,486,342,12355.440279907336,486,5
kitti,000049,pitch,3.0,mid15-30m,1632,673,63128.3120941177,1632,7
kitti,000049,pitch,3.0,near<15m,3059,2006,122395.76179264125,3059,4
kitti,000049,pitch,3.0,far>30m,486,215,18546.270357367717,486,5
kitti,000049,roll,0.5,mid15-30m,1632,1611,2822.0148590842555,1632,7
kitti,000049,roll,0.5,near<15m,3059,2998,9158.894501950932,3059,4
kitti,000049,roll,0.5,far>30m,486,485,1052.2353149835672,486,5
kitti,000049,roll,1.0,mid15-30m,1632,1524,5643.936491799411,1632,7
kitti,000049,roll,1.0,near<15m,3059,2966,18317.657119179832,3059,4
kitti,000049,roll,1.0,far>30m,486,484,2104.4913580133543,486,5
kitti,000049,roll,2.0,mid15-30m,1632,1474,11287.284674016735,1632,7
kitti,000049,roll,2.0,near<15m,3059,2868,36634.084710100986,3059,4
kitti,000049,roll,2.0,far>30m,486,483,4208.985425332553,486,5
kitti,000049,roll,3.0,mid15-30m,1632,1411,16929.613840528713,1632,7
kitti,000049,roll,3.0,near<15m,3059,2744,54947.87880066555,3059,4
kitti,000049,roll,3.0,far>30m,486,467,6313.321728516205,486,5
kitti,000049,tx,2.0,mid15-30m,1632,1632,398.36882825223483,1632,7
kitti,000049,tx,2.0,near<15m,3059,3056,2814.2142720629718,3059,4
kitti,000049,tx,2.0,far>30m,486,486,76.94988453496715,486,5
kitti,000049,tx,5.0,mid15-30m,1632,1631,994.0411170210797,1632,7
kitti,000049,tx,5.0,near<15m,3059,3050,7001.990368081815,3059,4
kitti,000049,tx,5.0,far>30m,486,486,192.19077067527786,486,5
kitti,000049,tx,10.0,mid15-30m,1632,1631,1981.8445341179952,1632,7
kitti,000049,tx,10.0,near<15m,3059,3041,13893.768615743116,3059,4
kitti,000049,tx,10.0,far>30m,486,486,383.76997027761274,486,5
kitti,000049,ty,2.0,mid15-30m,1632,1631,1394.0891650963365,1632,7
kitti,000049,ty,2.0,near<15m,3059,3049,5394.589947595172,3059,4
kitti,000049,ty,2.0,far>30m,486,485,213.62637989821803,486,5
kitti,000049,ty,5.0,mid15-30m,1632,1626,3485.222118007014,1632,7
kitti,000049,ty,5.0,near<15m,3059,3039,13486.467426350602,3059,4
kitti,000049,ty,5.0,far>30m,486,484,534.0658882102182,486,5
kitti,000049,ty,10.0,mid15-30m,1632,1616,6970.44158690288,1632,7
kitti,000049,ty,10.0,near<15m,3059,3011,26972.910043952317,3059,4
kitti,000049,ty,10.0,far>30m,486,483,1068.1315713028314,486,5
kitti,000049,tz,2.0,mid15-30m,1632,1628,1394.7890487610618,1632,7
kitti,000049,tz,2.0,near<15m,3059,3059,5400.923175803833,3059,4
kitti,000049,tz,2.0,far>30m,486,486,213.62424223558563,486,5
kitti,000049,tz,5.0,mid15-30m,1632,1611,3486.9058018882465,1632,7
kitti,000049,tz,5.0,near<15m,3059,3026,13501.681711312967,3059,4
kitti,000049,tz,5.0,far>30m,486,484,534.0554344676241,486,5
kitti,000049,tz,10.0,mid15-30m,1632,1526,6973.58888212972,1632,7
kitti,000049,tz,10.0,near<15m,3059,2952,27001.276298477198,3059,4
kitti,000049,tz,10.0,far>30m,486,463,1068.0936323138812,486,5
kitti,000061,none,0.0,mid15-30m,1216,1216,0.0,1216,2
kitti,000061,none,0.0,near<15m,128,128,0.0,128,1
kitti,000061,none,0.0,far>30m,133,133,0.0,133,3
kitti,000061,yaw,0.5,mid15-30m,1216,1210,12073.090201472129,1216,2
kitti,000061,yaw,0.5,near<15m,128,90,1388.33067619336,128,1
kitti,000061,yaw,0.5,far>30m,133,117,1003.5493459772752,133,3
kitti,000061,yaw,1.0,mid15-30m,1216,1179,24033.580619675937,1216,2
kitti,000061,yaw,1.0,near<15m,128,48,2797.402878235317,128,1
kitti,000061,yaw,1.0,far>30m,133,95,2002.0089724994598,133,3
kitti,000061,yaw,2.0,mid15-30m,1216,1041,47636.17391097574,1216,2
kitti,000061,yaw,2.0,near<15m,128,0,5680.572681116088,128,1
kitti,000061,yaw,2.0,far>30m,133,54,3984.6248970135166,133,3
kitti,000061,yaw,3.0,mid15-30m,1216,860,70845.47417154691,1216,2
kitti,000061,yaw,3.0,near<15m,128,0,8655.399982000425,128,1
kitti,000061,yaw,3.0,far>30m,133,14,5949.749103239811,133,3
kitti,000061,pitch,0.5,mid15-30m,1216,1169,7857.317478234076,1216,2
kitti,000061,pitch,0.5,near<15m,128,115,851.253261154071,128,1
kitti,000061,pitch,0.5,far>30m,133,96,845.0790640291618,133,3
kitti,000061,pitch,1.0,mid15-30m,1216,1095,15723.734858137277,1216,2
kitti,000061,pitch,1.0,near<15m,128,110,1705.4878743380436,128,1
kitti,000061,pitch,1.0,far>30m,133,74,1690.2301939735635,133,3
kitti,000061,pitch,2.0,mid15-30m,1216,963,31489.925812244677,1216,2
kitti,000061,pitch,2.0,near<15m,128,83,3423.620679146079,128,1
kitti,000061,pitch,2.0,far>30m,133,0,3381.3091816439264,133,3
kitti,000061,pitch,3.0,mid15-30m,1216,811,47310.75985030821,1216,2
kitti,000061,pitch,3.0,near<15m,128,64,5155.858764446644,128,1
kitti,000061,pitch,3.0,far>30m,133,0,5074.359931616668,133,3
kitti,000061,roll,0.5,mid15-30m,1216,1183,5735.136669096903,1216,2
kitti,000061,roll,0.5,near<15m,128,127,676.0189689183898,128,1
kitti,000061,roll,0.5,far>30m,133,115,362.3417527441204,133,3
kitti,000061,roll,1.0,mid15-30m,1216,1138,11470.447917592508,1216,2
kitti,000061,roll,1.0,near<15m,128,121,1351.973577861184,128,1
kitti,000061,roll,1.0,far>30m,133,102,724.6854599386825,133,3
kitti,000061,roll,2.0,mid15-30m,1216,1057,22941.156078834312,1216,2
kitti,000061,roll,2.0,near<15m,128,108,2703.6379229209833,128,1
kitti,000061,roll,2.0,far>30m,133,88,1449.35114195329,133,3
kitti,000061,roll,3.0,mid15-30m,1216,943,34411.24784969482,1216,2
kitti,000061,roll,3.0,near<15m,128,95,4054.8895543806843,128,1
kitti,000061,roll,3.0,far>30m,133,58,2173.9418411711863,133,3
kitti,000061,tx,2.0,mid15-30m,1216,1216,964.2289753384237,1216,2
kitti,000061,tx,2.0,near<15m,128,127,146.03205776625273,128,1
kitti,000061,tx,2.0,far>30m,133,133,24.27991869086735,133,3
kitti,000061,tx,5.0,mid15-30m,1216,1215,2405.2573622704294,1216,2
kitti,000061,tx,5.0,near<15m,128,125,364.04026822226984,128,1
kitti,000061,tx,5.0,far>30m,133,133,60.64665363516892,133,3
kitti,000061,tx,10.0,mid15-30m,1216,1213,4792.902329744722,1216,2
kitti,000061,tx,10.0,near<15m,128,122,724.6405444557147,128,1
kitti,000061,tx,10.0,far>30m,133,133,121.11657755269056,133,3
kitti,000061,ty,2.0,mid15-30m,1216,1216,1278.8480864815056,1216,2
kitti,000061,ty,2.0,near<15m,128,123,175.6950953253024,128,1
kitti,000061,ty,2.0,far>30m,133,133,55.760714447094976,133,3
kitti,000061,ty,5.0,mid15-30m,1216,1216,3197.119339629832,1216,2
kitti,000061,ty,5.0,near<15m,128,115,439.23758204922285,128,1
kitti,000061,ty,5.0,far>30m,133,132,139.40177097186933,133,3
kitti,000061,ty,10.0,mid15-30m,1216,1213,6394.235757349514,1216,2
kitti,000061,ty,10.0,near<15m,128,103,878.4746432188947,128,1
kitti,000061,ty,10.0,far>30m,133,131,278.8034914575233,133,3
kitti,000061,tz,2.0,mid15-30m,1216,1216,1279.2115404409221,1216,2
kitti,000061,tz,2.0,near<15m,128,128,175.96242929346238,128,1
kitti,000061,tz,2.0,far>30m,133,126,55.752292726850534,133,3
kitti,000061,tz,5.0,mid15-30m,1216,1216,3197.9551698104715,1216,2
kitti,000061,tz,5.0,near<15m,128,128,439.89292174721777,128,1
kitti,000061,tz,5.0,far>30m,133,118,139.37945920255015,133,3
kitti,000061,tz,10.0,mid15-30m,1216,1216,6395.664750515808,1216,2
kitti,000061,tz,10.0,near<15m,128,128,879.7420087089682,128,1
kitti,000061,tz,10.0,far>30m,133,116,278.75467646002807,133,3
nuscenes,scene-0103_001,none,0.0,near<15m,20,20,0.0,20,1
nuscenes,scene-0103_001,yaw,0.5,near<15m,20,20,303.2354388138236,20,1
nuscenes,scene-0103_001,yaw,1.0,near<15m,20,20,603.3643892941534,20,1
nuscenes,scene-0103_001,yaw,2.0,near<15m,20,13,1194.678061695408,20,1
nuscenes,scene-0103_001,yaw,3.0,near<15m,20,0,1774.6639643803296,20,1
nuscenes,scene-0103_001,pitch,0.5,near<15m,20,17,128.18389155260292,20,1
nuscenes,scene-0103_001,pitch,1.0,near<15m,20,14,256.39919945595267,20,1
nuscenes,scene-0103_001,pitch,2.0,near<15m,20,14,512.9137334512483,20,1
nuscenes,scene-0103_001,pitch,3.0,near<15m,20,14,769.5228750473061,20,1
nuscenes,scene-0103_001,roll,0.5,near<15m,20,20,231.06109427085053,20,1
nuscenes,scene-0103_001,roll,1.0,near<15m,20,19,461.69363476901725,20,1
nuscenes,scene-0103_001,roll,2.0,near<15m,20,18,921.8453652669348,20,1
nuscenes,scene-0103_001,roll,3.0,near<15m,20,14,1380.7973238496245,20,1
nuscenes,scene-0103_001,tx,2.0,near<15m,20,20,42.40381607559365,20,1
nuscenes,scene-0103_001,tx,5.0,near<15m,20,19,106.01279475083977,20,1
nuscenes,scene-0103_001,tx,10.0,near<15m,20,17,212.03643892951078,20,1
nuscenes,scene-0103_001,ty,2.0,near<15m,20,20,24.5409538806326,20,1
nuscenes,scene-0103_001,ty,5.0,near<15m,20,20,61.1986073696251,20,1
nuscenes,scene-0103_001,ty,10.0,near<15m,20,20,121.88803596710342,20,1
nuscenes,scene-0103_001,tz,2.0,near<15m,20,20,42.24382482106535,20,1
nuscenes,scene-0103_001,tz,5.0,near<15m,20,20,105.59505592954798,20,1
nuscenes,scene-0103_001,tz,10.0,near<15m,20,20,211.14177582500983,20,1
nuscenes,scene-0103_002,none,0.0,mid15-30m,11,11,0.0,11,1
nuscenes,scene-0103_002,yaw,0.5,mid15-30m,11,8,146.50310452493324,11,1
nuscenes,scene-0103_002,yaw,1.0,mid15-30m,11,7,291.8897402989089,11,1
nuscenes,scene-0103_002,yaw,2.0,mid15-30m,11,1,579.4537916444754,11,1
nuscenes,scene-0103_002,yaw,3.0,mid15-30m,11,0,862.964170463343,11,1
nuscenes,scene-0103_002,pitch,0.5,mid15-30m,11,11,52.153057292995626,11,1
nuscenes,scene-0103_002,pitch,1.0,mid15-30m,11,11,104.31535001255726,11,1
nuscenes,scene-0103_002,pitch,2.0,mid15-30m,11,9,208.66349920114993,11,1
nuscenes,scene-0103_002,pitch,3.0,mid15-30m,11,9,313.0361431231212,11,1
nuscenes,scene-0103_002,roll,0.5,mid15-30m,11,11,124.1832635162978,11,1
nuscenes,scene-0103_002,roll,1.0,mid15-30m,11,11,248.2191448146376,11,1
nuscenes,scene-0103_002,roll,2.0,mid15-30m,11,11,495.9336478653749,11,1
nuscenes,scene-0103_002,roll,3.0,mid15-30m,11,7,743.3125206090456,11,1
nuscenes,scene-0103_002,tx,2.0,mid15-30m,11,11,14.258853105588651,11,1
nuscenes,scene-0103_002,tx,5.0,mid15-30m,11,11,35.647824794665766,11,1
nuscenes,scene-0103_002,tx,10.0,mid15-30m,11,11,71.29795647774831,11,1
nuscenes,scene-0103_002,ty,2.0,mid15-30m,11,11,6.1272057163305735,11,1
nuscenes,scene-0103_002,ty,5.0,mid15-30m,11,11,15.294465529822755,11,1
nuscenes,scene-0103_002,ty,10.0,mid15-30m,11,11,30.51075617504371,11,1
nuscenes,scene-0103_002,tz,2.0,mid15-30m,11,11,14.209074616831101,11,1
nuscenes,scene-0103_002,tz,5.0,mid15-30m,11,11,35.51970619882017,11,1
nuscenes,scene-0103_002,tz,10.0,mid15-30m,11,11,71.02948014255297,11,1
nuscenes,scene-0103_003,none,0.0,mid15-30m,37,37,0.0,37,2
nuscenes,scene-0103_003,yaw,0.5,mid15-30m,37,35,488.200092098206,37,2
nuscenes,scene-0103_003,yaw,1.0,mid15-30m,37,30,973.8247194473905,37,2
nuscenes,scene-0103_003,yaw,2.0,mid15-30m,37,19,1937.819952209837,37,2
nuscenes,scene-0103_003,yaw,3.0,mid15-30m,37,8,2892.9085596954856,37,2
nuscenes,scene-0103_003,pitch,0.5,mid15-30m,37,33,150.2143773093763,37,2
nuscenes,scene-0103_003,pitch,1.0,mid15-30m,37,28,300.454974811039,37,2
nuscenes,scene-0103_003,pitch,2.0,mid15-30m,37,28,601.0028374189653,37,2
nuscenes,scene-0103_003,pitch,3.0,mid15-30m,37,28,901.6195462176865,37,2
nuscenes,scene-0103_003,roll,0.5,mid15-30m,37,37,419.480576989752,37,2
nuscenes,scene-0103_003,roll,1.0,mid15-30m,37,35,838.3691680326884,37,2
nuscenes,scene-0103_003,roll,2.0,mid15-30m,37,34,1674.6585136703784,37,2
nuscenes,scene-0103_003,roll,3.0,mid15-30m,37,28,2509.441051125084,37,2
nuscenes,scene-0103_003,tx,2.0,mid15-30m,37,37,55.23059616226975,37,2
nuscenes,scene-0103_003,tx,5.0,mid15-30m,37,37,138.07985011520768,37,2
nuscenes,scene-0103_003,tx,10.0,mid15-30m,37,36,276.1709000075999,37,2
nuscenes,scene-0103_003,ty,2.0,mid15-30m,37,37,22.152137889129044,37,2
nuscenes,scene-0103_003,ty,5.0,mid15-30m,37,37,55.27183754439454,37,2
nuscenes,scene-0103_003,ty,10.0,mid15-30m,37,37,110.18388596927966,37,2
nuscenes,scene-0103_003,tz,2.0,mid15-30m,37,37,55.14010018059145,37,2
nuscenes,scene-0103_003,tz,5.0,mid15-30m,37,37,137.8363943759665,37,2
nuscenes,scene-0103_003,tz,10.0,mid15-30m,37,37,275.6266145311263,37,2
nuscenes,scene-0103_004,none,0.0,mid15-30m,28,28,0.0,28,2
nuscenes,scene-0103_004,none,0.0,near<15m,64,64,0.0,64,1
nuscenes,scene-0103_004,yaw,0.5,mid15-30m,28,20,431.7724172364045,28,2
nuscenes,scene-0103_004,yaw,0.5,near<15m,64,64,779.5475943852798,64,1
nuscenes,scene-0103_004,yaw,1.0,mid15-30m,28,16,868.2991592354786,28,2
nuscenes,scene-0103_004,yaw,1.0,near<15m,64,64,1562.9246652611357,64,1
nuscenes,scene-0103_004,yaw,2.0,mid15-30m,28,7,1756.2168592922771,28,2
nuscenes,scene-0103_004,yaw,2.0,near<15m,64,62,3141.7941438525145,64,1
nuscenes,scene-0103_004,yaw,3.0,mid15-30m,28,0,2665.0062534996714,28,2
nuscenes,scene-0103_004,yaw,3.0,near<15m,64,58,4737.891946623702,64,1
nuscenes,scene-0103_004,pitch,0.5,mid15-30m,28,28,190.79113700632104,28,2
nuscenes,scene-0103_004,pitch,0.5,near<15m,64,64,199.65786317476542,64,1
nuscenes,scene-0103_004,pitch,1.0,mid15-30m,28,28,381.5181221447465,28,2
nuscenes,scene-0103_004,pitch,1.0,near<15m,64,64,399.28129042385393,64,1
nuscenes,scene-0103_004,pitch,2.0,mid15-30m,28,26,762.7658969163994,28,2
nuscenes,scene-0103_004,pitch,2.0,near<15m,64,64,798.409784420932,64,1
nuscenes,scene-0103_004,pitch,3.0,mid15-30m,28,24,1143.7159574814596,28,2
nuscenes,scene-0103_004,pitch,3.0,near<15m,64,64,1197.3554362735172,64,1
nuscenes,scene-0103_004,roll,0.5,mid15-30m,28,28,314.39836729737016,28,2
nuscenes,scene-0103_004,roll,0.5,near<15m,64,64,726.954564656123,64,1
nuscenes,scene-0103_004,roll,1.0,mid15-30m,28,28,628.4104467881788,28,2
nuscenes,scene-0103_004,roll,1.0,near<15m,64,64,1452.771923346094,64,1
nuscenes,scene-0103_004,roll,2.0,mid15-30m,28,24,1255.5034684772431,28,2
nuscenes,scene-0103_004,roll,2.0,near<15m,64,60,2901.4816333146346,64,1
nuscenes,scene-0103_004,roll,3.0,mid15-30m,28,21,1881.732521993616,28,2
nuscenes,scene-0103_004,roll,3.0,near<15m,64,56,4347.095870635176,64,1
nuscenes,scene-0103_004,tx,2.0,mid15-30m,28,28,47.8880984808528,28,2
nuscenes,scene-0103_004,tx,2.0,near<15m,64,64,124.10483429031136,64,1
nuscenes,scene-0103_004,tx,5.0,mid15-30m,28,28,119.72349107428252,28,2
nuscenes,scene-0103_004,tx,5.0,near<15m,64,64,310.2715763174143,64,1
nuscenes,scene-0103_004,tx,10.0,mid15-30m,28,28,239.45779917840903,28,2
nuscenes,scene-0103_004,tx,10.0,near<15m,64,64,620.5747905456865,64,1
nuscenes,scene-0103_004,ty,2.0,mid15-30m,28,28,29.761066039940488,28,2
nuscenes,scene-0103_004,ty,2.0,near<15m,64,64,35.379261962665595,64,1
nuscenes,scene-0103_004,ty,5.0,mid15-30m,28,28,74.24908803714087,28,2
nuscenes,scene-0103_004,ty,5.0,near<15m,64,64,88.23843190172082,64,1
nuscenes,scene-0103_004,ty,10.0,mid15-30m,28,28,147.98908860914975,28,2
nuscenes,scene-0103_004,ty,10.0,near<15m,64,64,175.78222579000547,64,1
nuscenes,scene-0103_004,tz,2.0,mid15-30m,28,28,48.36295947263551,28,2
nuscenes,scene-0103_004,tz,2.0,near<15m,64,64,124.92195672651758,64,1
nuscenes,scene-0103_004,tz,5.0,mid15-30m,28,28,120.89307787392022,28,2
nuscenes,scene-0103_004,tz,5.0,near<15m,64,64,312.2631380319174,64,1
nuscenes,scene-0103_004,tz,10.0,mid15-30m,28,28,241.73843494214697,28,2
nuscenes,scene-0103_004,tz,10.0,near<15m,64,64,624.3871468669198,64,1
nuscenes,scene-0103_005,none,0.0,mid15-30m,13,13,0.0,13,1
nuscenes,scene-0103_005,none,0.0,near<15m,91,91,0.0,91,1
nuscenes,scene-0103_005,yaw,0.5,mid15-30m,13,13,189.1020962616313,13,1
nuscenes,scene-0103_005,yaw,0.5,near<15m,91,88,1376.933261856843,91,1
nuscenes,scene-0103_005,yaw,1.0,mid15-30m,13,12,376.4067270323987,13,1
nuscenes,scene-0103_005,yaw,1.0,near<15m,91,83,2767.7277625603524,91,1
nuscenes,scene-0103_005,yaw,2.0,mid15-30m,13,2,745.8404531083145,13,1
nuscenes,scene-0103_005,yaw,2.0,near<15m,91,75,5592.703491250903,91,1
nuscenes,scene-0103_005,yaw,3.0,mid15-30m,13,0,1108.7197844444663,13,1
nuscenes,scene-0103_005,yaw,3.0,near<15m,91,66,8478.677452394317,91,1
nuscenes,scene-0103_005,pitch,0.5,mid15-30m,13,13,76.85026738201128,13,1
nuscenes,scene-0103_005,pitch,0.5,near<15m,91,91,575.6235089339848,91,1
nuscenes,scene-0103_005,pitch,1.0,mid15-30m,13,13,153.71823721790838,13,1
nuscenes,scene-0103_005,pitch,1.0,near<15m,91,91,1151.0714487360392,91,1
nuscenes,scene-0103_005,pitch,2.0,mid15-30m,13,13,307.50120653869163,13,1
nuscenes,scene-0103_005,pitch,2.0,near<15m,91,90,2301.397663141565,91,1
nuscenes,scene-0103_005,pitch,3.0,mid15-30m,13,11,461.3367160207829,13,1
nuscenes,scene-0103_005,pitch,3.0,near<15m,91,89,3450.893042782118,91,1
nuscenes,scene-0103_005,roll,0.5,mid15-30m,13,13,147.64740197966947,13,1
nuscenes,scene-0103_005,roll,0.5,near<15m,91,91,1095.4590691210192,91,1
nuscenes,scene-0103_005,roll,1.0,mid15-30m,13,11,295.22163386131587,13,1
nuscenes,scene-0103_005,roll,1.0,near<15m,91,91,2187.3384709177913,91,1
nuscenes,scene-0103_005,roll,2.0,mid15-30m,13,11,590.2557017106602,13,1
nuscenes,scene-0103_005,roll,2.0,near<15m,91,91,4361.2403351304165,91,1
nuscenes,scene-0103_005,roll,3.0,mid15-30m,13,6,885.3121546801391,13,1
nuscenes,scene-0103_005,roll,3.0,near<15m,91,91,6523.445591240872,91,1
nuscenes,scene-0103_005,tx,2.0,mid15-30m,13,13,23.318287121064497,13,1
nuscenes,scene-0103_005,tx,2.0,near<15m,91,91,375.0704389406229,91,1
nuscenes,scene-0103_005,tx,5.0,mid15-30m,13,13,58.29734188154394,13,1
nuscenes,scene-0103_005,tx,5.0,near<15m,91,91,937.7375437420976,91,1
nuscenes,scene-0103_005,tx,10.0,mid15-30m,13,13,116.60009776157321,13,1
nuscenes,scene-0103_005,tx,10.0,near<15m,91,90,1875.6799449203584,91,1
nuscenes,scene-0103_005,ty,2.0,mid15-30m,13,13,12.512357493551416,13,1
nuscenes,scene-0103_005,ty,2.0,near<15m,91,91,215.15442028233124,91,1
nuscenes,scene-0103_005,ty,5.0,mid15-30m,13,13,31.214525326132293,13,1
nuscenes,scene-0103_005,ty,5.0,near<15m,91,91,535.1898164912512,91,1
nuscenes,scene-0103_005,ty,10.0,mid15-30m,13,13,62.209069907846825,13,1
nuscenes,scene-0103_005,ty,10.0,near<15m,91,91,1061.5124309504706,91,1
nuscenes,scene-0103_005,tz,2.0,mid15-30m,13,13,23.149846741851928,13,1
nuscenes,scene-0103_005,tz,2.0,near<15m,91,91,380.07904493497887,91,1
nuscenes,scene-0103_005,tz,5.0,mid15-30m,13,13,57.867968368210306,13,1
nuscenes,scene-0103_005,tz,5.0,near<15m,91,91,949.9408987651236,91,1
nuscenes,scene-0103_005,tz,10.0,mid15-30m,13,13,115.7137819028102,13,1
nuscenes,scene-0103_005,tz,10.0,near<15m,91,91,1899.026707660611,91,1
nuscenes,scene-0103_006,none,0.0,mid15-30m,33,33,0.0,33,2
nuscenes,scene-0103_006,yaw,0.5,mid15-30m,33,32,381.38700108329385,33,2
nuscenes,scene-0103_006,yaw,1.0,mid15-30m,33,31,764.0044969350477,33,2
nuscenes,scene-0103_006,yaw,2.0,mid15-30m,33,25,1533.2004768227189,33,2
nuscenes,scene-0103_006,yaw,3.0,mid15-30m,33,19,2308.1360050749145,33,2
nuscenes,scene-0103_006,pitch,0.5,mid15-30m,33,33,66.87473183040899,33,2
nuscenes,scene-0103_006,pitch,1.0,mid15-30m,33,33,133.74074001281804,33,2
nuscenes,scene-0103_006,pitch,2.0,mid15-30m,33,33,267.44157595926697,33,2
nuscenes,scene-0103_006,pitch,3.0,mid15-30m,33,33,401.0925034890321,33,2
nuscenes,scene-0103_006,roll,0.5,mid15-30m,33,33,367.34145479128745,33,2
nuscenes,scene-0103_006,roll,1.0,mid15-30m,33,33,734.4325603349978,33,2
nuscenes,scene-0103_006,roll,2.0,mid15-30m,33,30,1468.097039275327,33,2
nuscenes,scene-0103_006,roll,3.0,mid15-30m,33,30,2201.4589667581613,33,2
nuscenes,scene-0103_006,tx,2.0,mid15-30m,33,33,37.9684478066772,33,2
nuscenes,scene-0103_006,tx,5.0,mid15-30m,33,33,94.92278056210033,33,2
nuscenes,scene-0103_006,tx,10.0,mid15-30m,33,33,189.8510982020768,33,2
nuscenes,scene-0103_006,ty,2.0,mid15-30m,33,33,6.902282329135268,33,2
nuscenes,scene-0103_006,ty,5.0,mid15-30m,33,33,17.232358385734805,33,2
nuscenes,scene-0103_006,ty,10.0,mid15-30m,33,33,34.38717378729682,33,2
nuscenes,scene-0103_006,tz,2.0,mid15-30m,33,33,38.07345024968332,33,2
nuscenes,scene-0103_006,tz,5.0,mid15-30m,33,33,95.17616702959191,33,2
nuscenes,scene-0103_006,tz,10.0,mid15-30m,33,33,190.3274773010493,33,2
nuscenes,scene-0103_007,none,0.0,near<15m,122,122,0.0,122,1
nuscenes,scene-0103_007,none,0.0,mid15-30m,11,11,0.0,11,1
nuscenes,scene-0103_007,yaw,0.5,near<15m,122,122,1488.891786021408,122,1
nuscenes,scene-0103_007,yaw,0.5,mid15-30m,11,11,138.4181835079292,11,1
nuscenes,scene-0103_007,yaw,1.0,near<15m,122,121,2985.1102974779606,122,1
nuscenes,scene-0103_007,yaw,1.0,mid15-30m,11,10,277.7243302397419,11,1
nuscenes,scene-0103_007,yaw,2.0,near<15m,122,115,6000.7287830511195,122,1
nuscenes,scene-0103_007,yaw,2.0,mid15-30m,11,8,559.1238603149792,11,1
nuscenes,scene-0103_007,yaw,3.0,near<15m,122,108,9049.31502862738,122,1
nuscenes,scene-0103_007,yaw,3.0,mid15-30m,11,8,844.4524219051486,11,1
nuscenes,scene-0103_007,pitch,0.5,near<15m,122,122,382.10108465562064,122,1
nuscenes,scene-0103_007,pitch,0.5,mid15-30m,11,11,44.0645148049378,11,1
nuscenes,scene-0103_007,pitch,1.0,near<15m,122,122,764.1389959217254,122,1
nuscenes,scene-0103_007,pitch,1.0,mid15-30m,11,11,88.12039320417271,11,1
nuscenes,scene-0103_007,pitch,2.0,near<15m,122,122,1527.9963556677824,122,1
nuscenes,scene-0103_007,pitch,2.0,mid15-30m,11,11,176.20298369373225,11,1
nuscenes,scene-0103_007,pitch,3.0,near<15m,122,118,2291.514303598676,122,1
nuscenes,scene-0103_007,pitch,3.0,mid15-30m,11,5,264.2412722233436,11,1
nuscenes,scene-0103_007,roll,0.5,near<15m,122,122,1390.5121559760848,122,1
nuscenes,scene-0103_007,roll,0.5,mid15-30m,11,11,122.5050412580924,11,1
nuscenes,scene-0103_007,roll,1.0,near<15m,122,118,2778.6279873718277,122,1
nuscenes,scene-0103_007,roll,1.0,mid15-30m,11,5,244.92271533120865,11,1
nuscenes,scene-0103_007,roll,2.0,near<15m,122,116,5548.607861597395,122,1
nuscenes,scene-0103_007,roll,2.0,mid15-30m,11,5,489.57653004244816,11,1
nuscenes,scene-0103_007,roll,3.0,near<15m,122,113,8311.800041364018,122,1
nuscenes,scene-0103_007,roll,3.0,mid15-30m,11,5,734.1221915589656,11,1
nuscenes,scene-0103_007,tx,2.0,near<15m,122,122,264.15371313480426,122,1
nuscenes,scene-0103_007,tx,2.0,mid15-30m,11,11,13.976841783494015,11,1
nuscenes,scene-0103_007,tx,5.0,near<15m,122,122,660.4054269174711,122,1
nuscenes,scene-0103_007,tx,5.0,mid15-30m,11,11,34.94275883318158,11,1
nuscenes,scene-0103_007,tx,10.0,near<15m,122,122,1320.8813401586601,122,1
nuscenes,scene-0103_007,tx,10.0,mid15-30m,11,11,69.88769902372024,11,1
nuscenes,scene-0103_007,ty,2.0,near<15m,122,122,75.12357786478579,122,1
nuscenes,scene-0103_007,ty,2.0,mid15-30m,11,11,5.1447758397780206,11,1
nuscenes,scene-0103_007,ty,5.0,near<15m,122,122,187.31432039048582,122,1
nuscenes,scene-0103_007,ty,5.0,mid15-30m,11,11,12.842248030439658,11,1
nuscenes,scene-0103_007,ty,10.0,near<15m,122,122,372.99147868501103,122,1
nuscenes,scene-0103_007,ty,10.0,mid15-30m,11,11,25.619125442728194,11,1
nuscenes,scene-0103_007,tz,2.0,near<15m,122,122,265.8952262518965,122,1
nuscenes,scene-0103_007,tz,2.0,mid15-30m,11,11,14.048793268520244,11,1
nuscenes,scene-0103_007,tz,5.0,near<15m,122,122,664.6448416493612,122,1
nuscenes,scene-0103_007,tz,5.0,mid15-30m,11,11,35.11910183159523,11,1
nuscenes,scene-0103_007,tz,10.0,near<15m,122,122,1328.9790536052228,122,1
nuscenes,scene-0103_007,tz,10.0,mid15-30m,11,11,70.22860130356045,11,1
nuscenes,scene-0103_008,none,0.0,near<15m,64,64,0.0,64,1
nuscenes,scene-0103_008,none,0.0,mid15-30m,54,54,0.0,54,1
nuscenes,scene-0103_008,yaw,0.5,near<15m,64,54,1040.487334386621,64,1
nuscenes,scene-0103_008,yaw,0.5,mid15-30m,54,54,743.5964314659373,54,1
nuscenes,scene-0103_008,yaw,1.0,near<15m,64,43,2092.8618228734676,64,1
nuscenes,scene-0103_008,yaw,1.0,mid15-30m,54,54,1493.5396245631212,54,1
nuscenes,scene-0103_008,yaw,2.0,near<15m,64,27,4234.826985705255,64,1
nuscenes,scene-0103_008,yaw,2.0,mid15-30m,54,49,3013.283401587647,54,1
nuscenes,scene-0103_008,yaw,3.0,near<15m,64,10,6429.13966214954,64,1
nuscenes,scene-0103_008,yaw,3.0,mid15-30m,54,44,4560.923740813206,54,1
nuscenes,scene-0103_008,pitch,0.5,near<15m,64,64,469.26950110280404,64,1
nuscenes,scene-0103_008,pitch,0.5,mid15-30m,54,54,285.8923005478776,54,1
nuscenes,scene-0103_008,pitch,1.0,near<15m,64,60,938.3775387814637,64,1
nuscenes,scene-0103_008,pitch,1.0,mid15-30m,54,54,571.7117671540183,54,1
nuscenes,scene-0103_008,pitch,2.0,near<15m,64,59,1876.0731588005694,64,1
nuscenes,scene-0103_008,pitch,2.0,mid15-30m,54,54,1143.1108509874673,54,1
nuscenes,scene-0103_008,pitch,3.0,near<15m,64,58,2813.0150275134,64,1
nuscenes,scene-0103_008,pitch,3.0,mid15-30m,54,54,1714.1546857129217,54,1
nuscenes,scene-0103_008,roll,0.5,near<15m,64,64,811.7703760470799,64,1
nuscenes,scene-0103_008,roll,0.5,mid15-30m,54,54,610.5213890323766,54,1
nuscenes,scene-0103_008,roll,1.0,near<15m,64,64,1619.1939493426037,64,1
nuscenes,scene-0103_008,roll,1.0,mid15-30m,54,54,1219.8664985569337,54,1
nuscenes,scene-0103_008,roll,2.0,near<15m,64,63,3221.7424089936267,64,1
nuscenes,scene-0103_008,roll,2.0,mid15-30m,54,54,2435.4551592136872,54,1
nuscenes,scene-0103_008,roll,3.0,near<15m,64,63,4809.097375692081,64,1
nuscenes,scene-0103_008,roll,3.0,mid15-30m,54,44,3647.613887386046,54,1
nuscenes,scene-0103_008,tx,2.0,near<15m,64,64,333.19982873991296,64,1
nuscenes,scene-0103_008,tx,2.0,mid15-30m,54,54,90.81810014009392,54,1
nuscenes,scene-0103_008,tx,5.0,near<15m,64,63,833.0582588087543,64,1
nuscenes,scene-0103_008,tx,5.0,mid15-30m,54,54,227.0504199934935,54,1
nuscenes,scene-0103_008,tx,10.0,near<15m,64,62,1666.312177663563,64,1
nuscenes,scene-0103_008,tx,10.0,mid15-30m,54,54,454.11807318198936,54,1
nuscenes,scene-0103_008,ty,2.0,near<15m,64,64,217.08705749188545,64,1
nuscenes,scene-0103_008,ty,2.0,mid15-30m,54,54,44.115968635423656,54,1
nuscenes,scene-0103_008,ty,5.0,near<15m,64,63,539.3362886063311,64,1
nuscenes,scene-0103_008,ty,5.0,mid15-30m,54,54,110.06527748007572,54,1
nuscenes,scene-0103_008,ty,10.0,near<15m,64,63,1067.5871774362047,64,1
nuscenes,scene-0103_008,ty,10.0,mid15-30m,54,54,219.38580958450615,54,1
nuscenes,scene-0103_008,tz,2.0,near<15m,64,64,339.1077761883871,64,1
nuscenes,scene-0103_008,tz,2.0,mid15-30m,54,54,91.65641241989647,54,1
nuscenes,scene-0103_008,tz,5.0,near<15m,64,64,847.485004282019,64,1
nuscenes,scene-0103_008,tz,5.0,mid15-30m,54,54,229.11617233859855,54,1
nuscenes,scene-0103_008,tz,10.0,near<15m,64,64,1694.0227378762254,64,1
nuscenes,scene-0103_008,tz,10.0,mid15-30m,54,54,458.1495063765047,54,1
nuscenes,scene-0103_009,none,0.0,mid15-30m,47,47,0.0,47,2
nuscenes,scene-0103_009,none,0.0,near<15m,65,65,0.0,65,1
nuscenes,scene-0103_009,yaw,0.5,mid15-30m,47,47,554.0097808446417,47,2
nuscenes,scene-0103_009,yaw,0.5,near<15m,65,60,979.6596785912762,65,1
nuscenes,scene-0103_009,yaw,1.0,mid15-30m,47,45,1109.0136184159894,47,2
nuscenes,scene-0103_009,yaw,1.0,near<15m,65,55,1969.5428479939671,65,1
nuscenes,scene-0103_009,yaw,2.0,mid15-30m,47,39,2222.415219528678,47,2
nuscenes,scene-0103_009,yaw,2.0,near<15m,65,45,3981.2799751029283,65,1
nuscenes,scene-0103_009,yaw,3.0,mid15-30m,47,32,3341.036891531854,47,2
nuscenes,scene-0103_009,yaw,3.0,near<15m,65,35,6037.918182149362,65,1
nuscenes,scene-0103_009,pitch,0.5,mid15-30m,47,47,124.06255966127827,47,2
nuscenes,scene-0103_009,pitch,0.5,near<15m,65,65,419.74467976222564,65,1
nuscenes,scene-0103_009,pitch,1.0,mid15-30m,47,47,248.11295798603675,47,2
nuscenes,scene-0103_009,pitch,1.0,near<15m,65,65,839.3584306091839,65,1
nuscenes,scene-0103_009,pitch,2.0,mid15-30m,47,47,496.1678584509264,47,2
nuscenes,scene-0103_009,pitch,2.0,near<15m,65,65,1678.1619929689437,65,1
nuscenes,scene-0103_009,pitch,3.0,mid15-30m,47,45,744.1458965639063,47,2
nuscenes,scene-0103_009,pitch,3.0,near<15m,65,65,2516.348616239129,65,1
nuscenes,scene-0103_009,roll,0.5,mid15-30m,47,47,523.2236526349697,47,2
nuscenes,scene-0103_009,roll,0.5,near<15m,65,65,744.1853202539422,65,1
nuscenes,scene-0103_009,roll,1.0,mid15-30m,47,45,1045.9201171357442,47,2
nuscenes,scene-0103_009,roll,1.0,near<15m,65,65,1486.5630862008713,65,1
nuscenes,scene-0103_009,roll,2.0,mid15-30m,47,38,2090.0669180538807,47,2
nuscenes,scene-0103_009,roll,2.0,near<15m,65,65,2966.4473594723063,65,1
nuscenes,scene-0103_009,roll,3.0,mid15-30m,47,24,3133.108690060799,47,2
nuscenes,scene-0103_009,roll,3.0,near<15m,65,61,4440.744990502328,65,1
nuscenes,scene-0103_009,tx,2.0,mid15-30m,47,47,44.32294842120697,47,2
nuscenes,scene-0103_009,tx,2.0,near<15m,65,65,140.5493672220974,65,1
nuscenes,scene-0103_009,tx,5.0,mid15-30m,47,47,110.80882043493517,47,2
nuscenes,scene-0103_009,tx,5.0,near<15m,65,65,351.38407330009585,65,1
nuscenes,scene-0103_009,tx,10.0,mid15-30m,47,47,221.62247231195198,47,2
nuscenes,scene-0103_009,tx,10.0,near<15m,65,65,702.8036669787665,65,1
nuscenes,scene-0103_009,ty,2.0,mid15-30m,47,47,10.548372040266226,47,2
nuscenes,scene-0103_009,ty,2.0,near<15m,65,65,83.38161703122906,65,1
nuscenes,scene-0103_009,ty,5.0,mid15-30m,47,47,26.341440448725187,47,2
nuscenes,scene-0103_009,ty,5.0,near<15m,65,65,207.90483162833084,65,1
nuscenes,scene-0103_009,ty,10.0,mid15-30m,47,47,52.584875440061545,47,2
nuscenes,scene-0103_009,ty,10.0,near<15m,65,65,413.9918642295698,65,1
nuscenes,scene-0103_009,tz,2.0,mid15-30m,47,47,44.44015294088922,47,2
nuscenes,scene-0103_009,tz,2.0,near<15m,65,65,142.19627277387858,65,1
nuscenes,scene-0103_009,tz,5.0,mid15-30m,47,47,111.09351160476675,47,2
nuscenes,scene-0103_009,tz,5.0,near<15m,65,65,355.4397099422762,65,1
nuscenes,scene-0103_009,tz,10.0,mid15-30m,47,47,222.1641245060929,47,2
nuscenes,scene-0103_009,tz,10.0,near<15m,65,65,710.7095787233956,65,1
nuscenes,scene-0103_010,none,0.0,mid15-30m,97,97,0.0,97,4
nuscenes,scene-0103_010,yaw,0.5,mid15-30m,97,95,1249.2705737377755,97,4
nuscenes,scene-0103_010,yaw,1.0,mid15-30m,97,90,2500.4982782075717,97,4
nuscenes,scene-0103_010,yaw,2.0,mid15-30m,97,74,5010.006608141552,97,4
nuscenes,scene-0103_010,yaw,3.0,mid15-30m,97,58,7530.911839105527,97,4
nuscenes,scene-0103_010,pitch,0.5,mid15-30m,97,97,391.2227904675584,97,4
nuscenes,scene-0103_010,pitch,1.0,mid15-30m,97,97,782.4142317848333,97,4
nuscenes,scene-0103_010,pitch,2.0,mid15-30m,97,92,1564.6734158799156,97,4
nuscenes,scene-0103_010,pitch,3.0,mid15-30m,97,90,2346.7182967159974,97,4
nuscenes,scene-0103_010,roll,0.5,mid15-30m,97,94,1084.811152877067,97,4
nuscenes,scene-0103_010,roll,1.0,mid15-30m,97,94,2168.585424868948,97,4
nuscenes,scene-0103_010,roll,2.0,mid15-30m,97,80,4333.746941060796,97,4
nuscenes,scene-0103_010,roll,3.0,mid15-30m,97,60,6496.926763869054,97,4
nuscenes,scene-0103_010,tx,2.0,mid15-30m,97,97,113.69117739131765,97,4
nuscenes,scene-0103_010,tx,5.0,mid15-30m,97,96,284.2319822425368,97,4
nuscenes,scene-0103_010,tx,10.0,mid15-30m,97,96,568.4774275466051,97,4
nuscenes,scene-0103_010,ty,2.0,mid15-30m,97,97,42.22907873185019,97,4
nuscenes,scene-0103_010,ty,5.0,mid15-30m,97,97,105.42234137855013,97,4
nuscenes,scene-0103_010,ty,10.0,mid15-30m,97,97,210.34541197838257,97,4
nuscenes,scene-0103_010,tz,2.0,mid15-30m,97,97,113.90108156983423,97,4
nuscenes,scene-0103_010,tz,5.0,mid15-30m,97,97,284.73126782237125,97,4
nuscenes,scene-0103_010,tz,10.0,mid15-30m,97,97,569.3910964229921,97,4
nuscenes,scene-0103_011,none,0.0,mid15-30m,93,93,0.0,93,3
nuscenes,scene-0103_011,yaw,0.5,mid15-30m,93,92,1181.4473085515701,93,3
nuscenes,scene-0103_011,yaw,1.0,mid15-30m,93,88,2362.1952782574335,93,3
nuscenes,scene-0103_011,yaw,2.0,mid15-30m,93,77,4722.646369639748,93,3
nuscenes,scene-0103_011,yaw,3.0,mid15-30m,93,66,7083.454965856873,93,3
nuscenes,scene-0103_011,pitch,0.5,mid15-30m,93,92,352.5859353982313,93,3
nuscenes,scene-0103_011,pitch,1.0,mid15-30m,93,92,705.1734538691562,93,3
nuscenes,scene-0103_011,pitch,2.0,mid15-30m,93,88,1410.3262299304947,93,3
nuscenes,scene-0103_011,pitch,3.0,mid15-30m,93,88,2115.4042936603882,93,3
nuscenes,scene-0103_011,roll,0.5,mid15-30m,93,93,1047.7425006073272,93,3
nuscenes,scene-0103_011,roll,1.0,mid15-30m,93,93,2094.5559218833264,93,3
nuscenes,scene-0103_011,roll,2.0,mid15-30m,93,86,4186.096034062634,93,3
nuscenes,scene-0103_011,roll,3.0,mid15-30m,93,65,6276.016831403787,93,3
nuscenes,scene-0103_011,tx,2.0,mid15-30m,93,92,130.59100791441298,93,3
nuscenes,scene-0103_011,tx,5.0,mid15-30m,93,91,326.4832928346957,93,3
nuscenes,scene-0103_011,tx,10.0,mid15-30m,93,90,652.9858300816742,93,3
nuscenes,scene-0103_011,ty,2.0,mid15-30m,93,93,45.824618832556254,93,3
nuscenes,scene-0103_011,ty,5.0,mid15-30m,93,93,114.36455133109268,93,3
nuscenes,scene-0103_011,ty,10.0,mid15-30m,93,93,228.0754873728457,93,3
nuscenes,scene-0103_011,tz,2.0,mid15-30m,93,93,130.65252850156958,93,3
nuscenes,scene-0103_011,tz,5.0,mid15-30m,93,93,326.6008862046784,93,3
nuscenes,scene-0103_011,tz,10.0,mid15-30m,93,93,653.1003477076742,93,3
nuscenes,scene-0103_012,none,0.0,mid15-30m,144,144,0.0,144,3
nuscenes,scene-0103_012,yaw,0.5,mid15-30m,144,144,1818.0188163456974,144,3
nuscenes,scene-0103_012,yaw,1.0,mid15-30m,144,141,3638.632863849765,144,3
nuscenes,scene-0103_012,yaw,2.0,mid15-30m,144,132,7289.23611206505,144,3
nuscenes,scene-0103_012,yaw,3.0,mid15-30m,144,119,10955.017728251476,144,3
nuscenes,scene-0103_012,pitch,0.5,mid15-30m,144,144,524.9230520345585,144,3
nuscenes,scene-0103_012,pitch,1.0,mid15-30m,144,144,1049.8030911215526,144,3
nuscenes,scene-0103_012,pitch,2.0,mid15-30m,144,144,2099.394155130992,144,3
nuscenes,scene-0103_012,pitch,3.0,mid15-30m,144,139,3148.693306720823,144,3
nuscenes,scene-0103_012,roll,0.5,mid15-30m,144,144,1634.4199249944295,144,3
nuscenes,scene-0103_012,roll,1.0,mid15-30m,144,137,3266.8653295306485,144,3
nuscenes,scene-0103_012,roll,2.0,mid15-30m,144,126,6526.934346589698,144,3
nuscenes,scene-0103_012,roll,3.0,mid15-30m,144,106,9782.400025864981,144,3
nuscenes,scene-0103_012,tx,2.0,mid15-30m,144,144,227.69561781223436,144,3
nuscenes,scene-0103_012,tx,5.0,mid15-30m,144,143,569.2508155047076,144,3
nuscenes,scene-0103_012,tx,10.0,mid15-30m,144,143,1138.5408697936953,144,3
nuscenes,scene-0103_012,ty,2.0,mid15-30m,144,144,76.57885049792705,144,3
nuscenes,scene-0103_012,ty,5.0,mid15-30m,144,144,191.0752432080601,144,3
nuscenes,scene-0103_012,ty,10.0,mid15-30m,144,144,380.91736464269593,144,3
nuscenes,scene-0103_012,tz,2.0,mid15-30m,144,144,228.23964336793904,144,3
nuscenes,scene-0103_012,tz,5.0,mid15-30m,144,144,570.5390185740348,144,3
nuscenes,scene-0103_012,tz,10.0,mid15-30m,144,144,1140.877794945522,144,3
nuscenes,scene-0103_013,none,0.0,mid15-30m,90,90,0.0,90,2
nuscenes,scene-0103_013,none,0.0,near<15m,89,89,0.0,89,1
nuscenes,scene-0103_013,yaw,0.5,mid15-30m,90,90,1176.7069303855951,90,2
nuscenes,scene-0103_013,yaw,0.5,near<15m,89,89,1156.9948483870542,89,1
nuscenes,scene-0103_013,yaw,1.0,mid15-30m,90,89,2361.5972081815476,90,2
nuscenes,scene-0103_013,yaw,1.0,near<15m,89,89,2306.5535510106515,89,1
nuscenes,scene-0103_013,yaw,2.0,mid15-30m,90,85,4757.074658973972,90,2
nuscenes,scene-0103_013,yaw,2.0,near<15m,89,85,4584.391663018668,89,1
nuscenes,scene-0103_013,yaw,3.0,mid15-30m,90,79,7188.7978934366565,90,2
nuscenes,scene-0103_013,yaw,3.0,near<15m,89,79,6835.518535828047,89,1
nuscenes,scene-0103_013,pitch,0.5,mid15-30m,90,90,378.6973113343716,90,2
nuscenes,scene-0103_013,pitch,0.5,near<15m,89,89,352.82269873694236,89,1
nuscenes,scene-0103_013,pitch,1.0,mid15-30m,90,90,757.3092498306813,90,2
nuscenes,scene-0103_013,pitch,1.0,near<15m,89,89,705.6975007027987,89,1
nuscenes,scene-0103_013,pitch,2.0,mid15-30m,90,90,1514.248857942135,90,2
nuscenes,scene-0103_013,pitch,2.0,near<15m,89,89,1411.5754714859934,89,1
nuscenes,scene-0103_013,pitch,3.0,mid15-30m,90,88,2270.76267334636,90,2
nuscenes,scene-0103_013,pitch,3.0,near<15m,89,89,2117.577915981988,89,1
nuscenes,scene-0103_013,roll,0.5,mid15-30m,90,90,1021.0156662154559,90,2
nuscenes,scene-0103_013,roll,0.5,near<15m,89,89,1031.9814204053341,89,1
nuscenes,scene-0103_013,roll,1.0,mid15-30m,90,90,2040.8196285897652,90,2
nuscenes,scene-0103_013,roll,1.0,near<15m,89,89,2062.3295300398977,89,1
nuscenes,scene-0103_013,roll,2.0,mid15-30m,90,85,4077.4896260370824,90,2
nuscenes,scene-0103_013,roll,2.0,near<15m,89,86,4118.848528060017,89,1
nuscenes,scene-0103_013,roll,3.0,mid15-30m,90,56,6111.3979229191045,90,2
nuscenes,scene-0103_013,roll,3.0,near<15m,89,83,6170.992911980706,89,1
nuscenes,scene-0103_013,tx,2.0,mid15-30m,90,90,145.36206085111442,90,2
nuscenes,scene-0103_013,tx,2.0,near<15m,89,89,190.83246649315655,89,1
nuscenes,scene-0103_013,tx,5.0,mid15-30m,90,90,363.41301051231704,90,2
nuscenes,scene-0103_013,tx,5.0,near<15m,89,89,477.0944998157334,89,1
nuscenes,scene-0103_013,tx,10.0,mid15-30m,90,90,726.8522171758461,90,2
nuscenes,scene-0103_013,tx,10.0,near<15m,89,89,954.2334482364093,89,1
nuscenes,scene-0103_013,ty,2.0,mid15-30m,90,90,58.19285584198242,90,2
nuscenes,scene-0103_013,ty,2.0,near<15m,89,89,68.98175477769013,89,1
nuscenes,scene-0103_013,ty,5.0,mid15-30m,90,90,145.18569541241226,90,2
nuscenes,scene-0103_013,ty,5.0,near<15m,89,89,172.0095765228667,89,1
nuscenes,scene-0103_013,ty,10.0,mid15-30m,90,90,289.3886355009611,90,2
nuscenes,scene-0103_013,ty,10.0,near<15m,89,89,342.54664514799106,89,1
nuscenes,scene-0103_013,tz,2.0,mid15-30m,90,90,146.27032315265004,90,2
nuscenes,scene-0103_013,tz,2.0,near<15m,89,89,190.60099773493565,89,1
nuscenes,scene-0103_013,tz,5.0,mid15-30m,90,90,365.63610722556126,90,2
nuscenes,scene-0103_013,tz,5.0,near<15m,89,89,476.43564983159854,89,1
nuscenes,scene-0103_013,tz,10.0,mid15-30m,90,90,731.1399178814207,90,2
nuscenes,scene-0103_013,tz,10.0,near<15m,89,89,952.6485683825016,89,1
nuscenes,scene-0103_014,none,0.0,near<15m,282,282,0.0,282,2
nuscenes,scene-0103_014,none,0.0,mid15-30m,29,29,0.0,29,1
nuscenes,scene-0103_014,yaw,0.5,near<15m,282,282,3869.0973883142533,282,2
nuscenes,scene-0103_014,yaw,0.5,mid15-30m,29,29,337.84049335006773,29,1
nuscenes,scene-0103_014,yaw,1.0,near<15m,282,278,7741.187873284316,282,2
nuscenes,scene-0103_014,yaw,1.0,mid15-30m,29,27,676.8028406633334,29,1
nuscenes,scene-0103_014,yaw,2.0,near<15m,282,269,15498.379088336562,282,2
nuscenes,scene-0103_014,yaw,2.0,mid15-30m,29,21,1358.333416691518,29,1
nuscenes,scene-0103_014,yaw,3.0,near<15m,282,260,23279.68231431341,282,2
nuscenes,scene-0103_014,yaw,3.0,mid15-30m,29,15,2045.0805718650556,29,1
nuscenes,scene-0103_014,pitch,0.5,near<15m,282,282,1350.77385260052,282,2
nuscenes,scene-0103_014,pitch,0.5,mid15-30m,29,29,60.23911241305375,29,1
nuscenes,scene-0103_014,pitch,1.0,near<15m,282,282,2701.4735381625187,282,2
nuscenes,scene-0103_014,pitch,1.0,mid15-30m,29,29,120.47124335978323,29,1
nuscenes,scene-0103_014,pitch,2.0,near<15m,282,282,5402.546703835859,282,2
nuscenes,scene-0103_014,pitch,2.0,mid15-30m,29,29,240.91000675351398,29,1
nuscenes,scene-0103_014,pitch,3.0,near<15m,282,266,8103.01218235558,282,2
nuscenes,scene-0103_014,pitch,3.0,mid15-30m,29,29,361.3071935805874,29,1
nuscenes,scene-0103_014,roll,0.5,near<15m,282,282,3281.388679094118,282,2
nuscenes,scene-0103_014,roll,0.5,mid15-30m,29,29,326.68263099690694,29,1
nuscenes,scene-0103_014,roll,1.0,near<15m,282,282,6557.236873471568,282,2
nuscenes,scene-0103_014,roll,1.0,mid15-30m,29,29,653.0671925060358,29,1
nuscenes,scene-0103_014,roll,2.0,near<15m,282,261,13094.672809066458,282,2
nuscenes,scene-0103_014,roll,2.0,mid15-30m,29,28,1305.1532538859467,29,1
nuscenes,scene-0103_014,roll,3.0,near<15m,282,241,19616.997156782454,282,2
nuscenes,scene-0103_014,roll,3.0,mid15-30m,29,14,1956.6790118826698,29,1
nuscenes,scene-0103_014,tx,2.0,near<15m,282,282,633.4967564470517,282,2
nuscenes,scene-0103_014,tx,2.0,mid15-30m,29,29,34.66207535806424,29,1
nuscenes,scene-0103_014,tx,5.0,near<15m,282,282,1583.7887913426073,282,2
nuscenes,scene-0103_014,tx,5.0,mid15-30m,29,29,86.65652721228311,29,1
nuscenes,scene-0103_014,tx,10.0,near<15m,282,282,3167.7339294013964,282,2
nuscenes,scene-0103_014,tx,10.0,mid15-30m,29,29,173.31751733247287,29,1
nuscenes,scene-0103_014,ty,2.0,near<15m,282,282,277.21202783673925,282,2
nuscenes,scene-0103_014,ty,2.0,mid15-30m,29,29,6.589394750669033,29,1
nuscenes,scene-0103_014,ty,5.0,near<15m,282,282,691.1194299739096,282,2
nuscenes,scene-0103_014,ty,5.0,mid15-30m,29,29,16.449813881242612,29,1
nuscenes,scene-0103_014,ty,10.0,near<15m,282,282,1375.9177178644372,282,2
nuscenes,scene-0103_014,ty,10.0,mid15-30m,29,29,32.82101980881281,29,1
nuscenes,scene-0103_014,tz,2.0,near<15m,282,282,635.2597013078406,282,2
nuscenes,scene-0103_014,tz,2.0,mid15-30m,29,29,34.7757444664845,29,1
nuscenes,scene-0103_014,tz,5.0,near<15m,282,282,1587.9104983721209,282,2
nuscenes,scene-0103_014,tz,5.0,mid15-30m,29,29,86.932537435048,29,1
nuscenes,scene-0103_014,tz,10.0,near<15m,282,282,3175.025473460996,282,2
nuscenes,scene-0103_014,tz,10.0,mid15-30m,29,29,173.8423338673591,29,1
nuscenes,scene-0103_015,none,0.0,near<15m,331,331,0.0,331,2
nuscenes,scene-0103_015,none,0.0,mid15-30m,25,25,0.0,25,1
nuscenes,scene-0103_015,yaw,0.5,near<15m,331,329,4602.887311429854,331,2
nuscenes,scene-0103_015,yaw,0.5,mid15-30m,25,25,292.18883872295527,25,1
nuscenes,scene-0103_015,yaw,1.0,near<15m,331,328,9202.730757714524,331,2
nuscenes,scene-0103_015,yaw,1.0,mid15-30m,25,25,585.3463613247673,25,1
nuscenes,scene-0103_015,yaw,2.0,near<15m,331,314,18398.154548842045,331,2
nuscenes,scene-0103_015,yaw,2.0,mid15-30m,25,22,1174.7762156648103,25,1
nuscenes,scene-0103_015,yaw,3.0,near<15m,331,302,27595.99644680023,331,2
nuscenes,scene-0103_015,yaw,3.0,mid15-30m,25,19,1768.714195805236,25,1
nuscenes,scene-0103_015,pitch,0.5,near<15m,331,331,1606.0475531543634,331,2
nuscenes,scene-0103_015,pitch,0.5,mid15-30m,25,25,51.73455299412152,25,1
nuscenes,scene-0103_015,pitch,1.0,near<15m,331,331,3212.085210900012,331,2
nuscenes,scene-0103_015,pitch,1.0,mid15-30m,25,25,103.4631949291459,25,1
nuscenes,scene-0103_015,pitch,2.0,near<15m,331,331,6424.006434308875,331,2
nuscenes,scene-0103_015,pitch,2.0,mid15-30m,25,25,206.8988411040957,25,1
nuscenes,scene-0103_015,pitch,3.0,near<15m,331,325,9635.514820493046,331,2
nuscenes,scene-0103_015,pitch,3.0,mid15-30m,25,25,310.29913927500166,25,1
nuscenes,scene-0103_015,roll,0.5,near<15m,331,331,3903.926488691515,331,2
nuscenes,scene-0103_015,roll,0.5,mid15-30m,25,25,282.57487967969905,25,1
nuscenes,scene-0103_015,roll,1.0,near<15m,331,331,7800.711248636693,331,2
nuscenes,scene-0103_015,roll,1.0,mid15-30m,25,25,564.9095815382013,25,1
nuscenes,scene-0103_015,roll,2.0,near<15m,331,293,15575.728398977339,331,2
nuscenes,scene-0103_015,roll,2.0,mid15-30m,25,24,1129.0419225816631,25,1
nuscenes,scene-0103_015,roll,3.0,near<15m,331,274,23330.7534748842,331,2
nuscenes,scene-0103_015,roll,3.0,mid15-30m,25,9,1692.7628005584197,25,1
nuscenes,scene-0103_015,tx,2.0,near<15m,331,329,841.1950492828337,331,2
nuscenes,scene-0103_015,tx,2.0,mid15-30m,25,24,31.407413904211595,25,1
nuscenes,scene-0103_015,tx,5.0,near<15m,331,328,2103.0587942235798,331,2
nuscenes,scene-0103_015,tx,5.0,mid15-30m,25,24,78.51981765722473,25,1
nuscenes,scene-0103_015,tx,10.0,near<15m,331,323,4206.354847225226,331,2
nuscenes,scene-0103_015,tx,10.0,mid15-30m,25,24,157.04391182370833,25,1
nuscenes,scene-0103_015,ty,2.0,near<15m,331,331,376.7011710389885,331,2
nuscenes,scene-0103_015,ty,2.0,mid15-30m,25,25,5.968532169589056,25,1
nuscenes,scene-0103_015,ty,5.0,near<15m,331,331,938.7623291749716,331,2
nuscenes,scene-0103_015,ty,5.0,mid15-30m,25,25,14.898703365976015,25,1
nuscenes,scene-0103_015,ty,10.0,near<15m,331,331,1867.6423895026057,331,2
nuscenes,scene-0103_015,ty,10.0,mid15-30m,25,25,29.722288235055764,25,1
nuscenes,scene-0103_015,tz,2.0,near<15m,331,331,843.0571491996348,331,2
nuscenes,scene-0103_015,tz,2.0,mid15-30m,25,25,31.503106264593207,25,1
nuscenes,scene-0103_015,tz,5.0,near<15m,331,331,2107.286129769647,331,2
nuscenes,scene-0103_015,tz,5.0,mid15-30m,25,25,78.75132505211369,25,1
nuscenes,scene-0103_015,tz,10.0,near<15m,331,331,4213.383668194786,331,2
nuscenes,scene-0103_015,tz,10.0,mid15-30m,25,25,157.48118610305985,25,1
nuscenes,scene-0103_016,none,0.0,near<15m,346,346,0.0,346,2
nuscenes,scene-0103_016,yaw,0.5,near<15m,346,344,4733.562295048738,346,2
nuscenes,scene-0103_016,yaw,1.0,near<15m,346,342,9455.88360347489,346,2
nuscenes,scene-0103_016,yaw,2.0,near<15m,346,330,18871.58876534712,346,2
nuscenes,scene-0103_016,yaw,3.0,near<15m,346,315,28256.589663815823,346,2
nuscenes,scene-0103_016,pitch,0.5,near<15m,346,346,1535.5487337921336,346,2
nuscenes,scene-0103_016,pitch,1.0,near<15m,346,346,3071.188110420082,346,2
nuscenes,scene-0103_016,pitch,2.0,near<15m,346,338,6142.617879025527,346,2
nuscenes,scene-0103_016,pitch,3.0,near<15m,346,318,9214.047251641621,346,2
nuscenes,scene-0103_016,roll,0.5,near<15m,346,346,4127.22141524441,346,2
nuscenes,scene-0103_016,roll,1.0,near<15m,346,340,8245.582376344397,346,2
nuscenes,scene-0103_016,roll,2.0,near<15m,346,311,16458.80103442493,346,2
nuscenes,scene-0103_016,roll,3.0,near<15m,346,280,24645.75578026103,346,2
nuscenes,scene-0103_016,tx,2.0,near<15m,346,344,938.9594160765382,346,2
nuscenes,scene-0103_016,tx,5.0,near<15m,346,342,2347.483732359167,346,2
nuscenes,scene-0103_016,tx,10.0,near<15m,346,337,4695.251467281487,346,2
nuscenes,scene-0103_016,ty,2.0,near<15m,346,346,395.50372306774096,346,2
nuscenes,scene-0103_016,ty,5.0,near<15m,346,346,985.2596927916426,346,2
nuscenes,scene-0103_016,ty,10.0,near<15m,346,346,1958.9673671967164,346,2
nuscenes,scene-0103_016,tz,2.0,near<15m,346,346,941.0512821893919,346,2
nuscenes,scene-0103_016,tz,5.0,near<15m,346,346,2352.1947824530303,346,2
nuscenes,scene-0103_016,tz,10.0,near<15m,346,346,4702.945561676429,346,2
nuscenes,scene-0103_017,none,0.0,near<15m,279,279,0.0,279,2
nuscenes,scene-0103_017,none,0.0,mid15-30m,28,28,0.0,28,1
nuscenes,scene-0103_017,yaw,0.5,near<15m,279,279,3828.296717627457,279,2
nuscenes,scene-0103_017,yaw,0.5,mid15-30m,28,28,371.66291529078563,28,1
nuscenes,scene-0103_017,yaw,1.0,near<15m,279,279,7640.3437344639015,279,2
nuscenes,scene-0103_017,yaw,1.0,mid15-30m,28,27,746.1392569795355,28,1
nuscenes,scene-0103_017,yaw,2.0,near<15m,279,270,15219.572221236169,279,2
nuscenes,scene-0103_017,yaw,2.0,mid15-30m,28,22,1503.9045395895916,28,1
nuscenes,scene-0103_017,yaw,3.0,near<15m,279,255,22745.306834221537,279,2
nuscenes,scene-0103_017,yaw,3.0,mid15-30m,28,16,2274.0647887793384,28,1
nuscenes,scene-0103_017,pitch,0.5,near<15m,279,279,1192.1210598500616,279,2
nuscenes,scene-0103_017,pitch,0.5,mid15-30m,28,28,131.28063249023802,28,1
nuscenes,scene-0103_017,pitch,1.0,near<15m,279,279,2384.391494883308,279,2
nuscenes,scene-0103_017,pitch,1.0,mid15-30m,28,28,262.5310257042116,28,1
nuscenes,scene-0103_017,pitch,2.0,near<15m,279,279,4769.2851451903625,279,2
nuscenes,scene-0103_017,pitch,2.0,mid15-30m,28,28,524.9312829935823,28,1
nuscenes,scene-0103_017,pitch,3.0,near<15m,279,272,7154.489930267916,279,2
nuscenes,scene-0103_017,pitch,3.0,mid15-30m,28,28,787.1812026196623,28,1
nuscenes,scene-0103_017,roll,0.5,near<15m,279,279,3358.4051545717202,279,2
nuscenes,scene-0103_017,roll,0.5,mid15-30m,28,28,317.1080079246592,28,1
nuscenes,scene-0103_017,roll,1.0,near<15m,279,255,6708.8367521389055,279,2
nuscenes,scene-0103_017,roll,1.0,mid15-30m,28,28,633.7386194592233,28,1
nuscenes,scene-0103_017,roll,2.0,near<15m,279,245,13388.327635361795,279,2
nuscenes,scene-0103_017,roll,2.0,mid15-30m,28,27,1265.7854525155342,28,1
nuscenes,scene-0103_017,roll,3.0,near<15m,279,219,20043.517133373818,279,2
nuscenes,scene-0103_017,roll,3.0,mid15-30m,28,14,1896.573512704043,28,1
nuscenes,scene-0103_017,tx,2.0,near<15m,279,277,808.1990371415482,279,2
nuscenes,scene-0103_017,tx,2.0,mid15-30m,28,28,33.96145499633352,28,1
nuscenes,scene-0103_017,tx,5.0,near<15m,279,272,2020.578664428031,279,2
nuscenes,scene-0103_017,tx,5.0,mid15-30m,28,28,84.90499106644644,28,1
nuscenes,scene-0103_017,tx,10.0,near<15m,279,266,4041.427597887089,279,2
nuscenes,scene-0103_017,tx,10.0,mid15-30m,28,28,169.81449424356836,28,1
nuscenes,scene-0103_017,ty,2.0,near<15m,279,279,339.8433112897463,279,2
nuscenes,scene-0103_017,ty,2.0,mid15-30m,28,28,14.555690900455037,28,1
nuscenes,scene-0103_017,ty,5.0,near<15m,279,279,846.2632402144116,279,2
nuscenes,scene-0103_017,ty,5.0,mid15-30m,28,28,36.33624219427727,28,1
nuscenes,scene-0103_017,ty,10.0,near<15m,279,279,1681.4964752294595,279,2
nuscenes,scene-0103_017,ty,10.0,mid15-30m,28,28,72.49655211633062,28,1
nuscenes,scene-0103_017,tz,2.0,near<15m,279,279,809.622224491573,279,2
nuscenes,scene-0103_017,tz,2.0,mid15-30m,28,28,34.2196801690048,28,1
nuscenes,scene-0103_017,tz,5.0,near<15m,279,279,2023.6498430280308,279,2
nuscenes,scene-0103_017,tz,5.0,mid15-30m,28,28,85.54238306580032,28,1
nuscenes,scene-0103_017,tz,10.0,near<15m,279,279,4045.9480530234323,279,2
nuscenes,scene-0103_017,tz,10.0,mid15-30m,28,28,171.06204644115883,28,1
nuscenes,scene-0103_018,none,0.0,near<15m,268,268,0.0,268,2
nuscenes,scene-0103_018,none,0.0,mid15-30m,84,84,0.0,84,2
nuscenes,scene-0103_018,yaw,0.5,near<15m,268,267,3675.6636680497495,268,2
nuscenes,scene-0103_018,yaw,0.5,mid15-30m,84,84,1072.8480577297328,84,2
nuscenes,scene-0103_018,yaw,1.0,near<15m,268,266,7331.513590763119,268,2
nuscenes,scene-0103_018,yaw,1.0,mid15-30m,84,82,2152.4866551680234,84,2
nuscenes,scene-0103_018,yaw,2.0,near<15m,268,252,14587.49461476273,268,2
nuscenes,scene-0103_018,yaw,2.0,mid15-30m,84,72,4333.110352548863,84,2
nuscenes,scene-0103_018,yaw,3.0,near<15m,268,234,21775.21271077865,268,2
nuscenes,scene-0103_018,yaw,3.0,mid15-30m,84,59,6543.877099221712,84,2
nuscenes,scene-0103_018,pitch,0.5,near<15m,268,268,1101.309441941204,268,2
nuscenes,scene-0103_018,pitch,0.5,mid15-30m,84,84,328.5225525185941,84,2
nuscenes,scene-0103_018,pitch,1.0,near<15m,268,268,2202.800210687416,268,2
nuscenes,scene-0103_018,pitch,1.0,mid15-30m,84,84,656.9789209754242,84,2
nuscenes,scene-0103_018,pitch,2.0,near<15m,268,268,4406.236639520828,268,2
nuscenes,scene-0103_018,pitch,2.0,mid15-30m,84,84,1313.6683914724827,84,2
nuscenes,scene-0103_018,pitch,3.0,near<15m,268,268,6610.130719090252,268,2
nuscenes,scene-0103_018,pitch,3.0,mid15-30m,84,83,1970.0190991622922,84,2
nuscenes,scene-0103_018,roll,0.5,near<15m,268,268,3244.128017814883,268,2
nuscenes,scene-0103_018,roll,0.5,mid15-30m,84,84,957.6395467212449,84,2
nuscenes,scene-0103_018,roll,1.0,near<15m,268,251,6479.718243115876,268,2
nuscenes,scene-0103_018,roll,1.0,mid15-30m,84,84,1913.7928068085537,84,2
nuscenes,scene-0103_018,roll,2.0,near<15m,268,236,12927.776337931427,268,2
nuscenes,scene-0103_018,roll,2.0,mid15-30m,84,81,3822.2937400254377,84,2
nuscenes,scene-0103_018,roll,3.0,near<15m,268,213,19349.099478538254,268,2
nuscenes,scene-0103_018,roll,3.0,mid15-30m,84,47,5726.8010882939625,84,2
nuscenes,scene-0103_018,tx,2.0,near<15m,268,264,792.0444743616972,268,2
nuscenes,scene-0103_018,tx,2.0,mid15-30m,84,84,118.8847467963485,84,2
nuscenes,scene-0103_018,tx,5.0,near<15m,268,262,1980.1919633549455,268,2
nuscenes,scene-0103_018,tx,5.0,mid15-30m,84,84,297.2174206414352,84,2
nuscenes,scene-0103_018,tx,10.0,near<15m,268,254,3960.653215879703,268,2
nuscenes,scene-0103_018,tx,10.0,mid15-30m,84,84,594.4533543897031,84,2
nuscenes,scene-0103_018,ty,2.0,near<15m,268,268,329.2085205339591,268,2
nuscenes,scene-0103_018,ty,2.0,mid15-30m,84,84,41.447354128989915,84,2
nuscenes,scene-0103_018,ty,5.0,near<15m,268,268,819.6250560473172,268,2
nuscenes,scene-0103_018,ty,5.0,mid15-30m,84,84,103.4431026898121,84,2
nuscenes,scene-0103_018,ty,10.0,near<15m,268,268,1628.0564619164059,268,2
nuscenes,scene-0103_018,ty,10.0,mid15-30m,84,84,206.30460519190143,84,2
nuscenes,scene-0103_018,tz,2.0,near<15m,268,268,793.5519079651697,268,2
nuscenes,scene-0103_018,tz,2.0,mid15-30m,84,84,119.68771728253978,84,2
nuscenes,scene-0103_018,tz,5.0,near<15m,268,268,1983.469903316099,268,2
nuscenes,scene-0103_018,tz,5.0,mid15-30m,84,84,299.1909673996301,84,2
nuscenes,scene-0103_018,tz,10.0,near<15m,268,268,3965.574380921961,268,2
nuscenes,scene-0103_018,tz,10.0,mid15-30m,84,84,598.2875396834955,84,2
nuscenes,scene-0103_019,none,0.0,mid15-30m,182,182,0.0,182,3
nuscenes,scene-0103_019,none,0.0,near<15m,110,110,0.0,110,1
nuscenes,scene-0103_019,yaw,0.5,mid15-30m,182,181,2249.741738390415,182,3
nuscenes,scene-0103_019,yaw,0.5,near<15m,110,110,1667.6567585516498,110,1
nuscenes,scene-0103_019,yaw,1.0,mid15-30m,182,177,4509.312236081906,182,3
nuscenes,scene-0103_019,yaw,1.0,near<15m,110,109,3319.622083251527,110,1
nuscenes,scene-0103_019,yaw,2.0,mid15-30m,182,166,9059.812581102167,182,3
nuscenes,scene-0103_019,yaw,2.0,near<15m,110,101,6578.4752411765885,110,1
nuscenes,scene-0103_019,yaw,3.0,mid15-30m,182,155,13655.330484991511,182,3
nuscenes,scene-0103_019,yaw,3.0,near<15m,110,91,9780.414034033169,110,1
nuscenes,scene-0103_019,pitch,0.5,mid15-30m,182,182,505.3201876218036,182,3
nuscenes,scene-0103_019,pitch,0.5,near<15m,110,110,657.1593481477812,110,1
nuscenes,scene-0103_019,pitch,1.0,mid15-30m,182,182,1010.5453160998883,182,3
nuscenes,scene-0103_019,pitch,1.0,near<15m,110,110,1314.4586472438937,110,1
nuscenes,scene-0103_019,pitch,2.0,mid15-30m,182,182,2020.6722876904182,182,3
nuscenes,scene-0103_019,pitch,2.0,near<15m,110,110,2629.422878291543,110,1
nuscenes,scene-0103_019,pitch,3.0,mid15-30m,182,179,3030.3048649379225,182,3
nuscenes,scene-0103_019,pitch,3.0,near<15m,110,110,3944.7839572113703,110,1
nuscenes,scene-0103_019,roll,0.5,mid15-30m,182,182,2087.3547015494105,182,3
nuscenes,scene-0103_019,roll,0.5,near<15m,110,110,1385.764880850722,110,1
nuscenes,scene-0103_019,roll,1.0,mid15-30m,182,161,4171.761464365942,182,3
nuscenes,scene-0103_019,roll,1.0,near<15m,110,110,2765.921174621695,110,1
nuscenes,scene-0103_019,roll,2.0,mid15-30m,182,156,8333.14603775744,182,3
nuscenes,scene-0103_019,roll,2.0,near<15m,110,108,5510.5867144319545,110,1
nuscenes,scene-0103_019,roll,3.0,mid15-30m,182,108,12486.96700449533,182,3
nuscenes,scene-0103_019,roll,3.0,near<15m,110,107,8236.31467655766,110,1
nuscenes,scene-0103_019,tx,2.0,mid15-30m,182,182,299.60776506579555,182,3
nuscenes,scene-0103_019,tx,2.0,near<15m,110,106,408.46127646159243,110,1
nuscenes,scene-0103_019,tx,5.0,mid15-30m,182,182,749.0355539484333,182,3
nuscenes,scene-0103_019,tx,5.0,near<15m,110,104,1021.2021322330131,110,1
nuscenes,scene-0103_019,tx,10.0,mid15-30m,182,182,1498.1249153135818,182,3
nuscenes,scene-0103_019,tx,10.0,near<15m,110,98,2042.5674224514007,110,1
nuscenes,scene-0103_019,ty,2.0,mid15-30m,182,182,71.37064418304925,182,3
nuscenes,scene-0103_019,ty,2.0,near<15m,110,110,218.48673029461335,110,1
nuscenes,scene-0103_019,ty,5.0,mid15-30m,182,182,178.08747453500922,182,3
nuscenes,scene-0103_019,ty,5.0,near<15m,110,110,543.7768513778412,110,1
nuscenes,scene-0103_019,ty,10.0,mid15-30m,182,182,355.0503032566715,182,3
nuscenes,scene-0103_019,ty,10.0,near<15m,110,110,1079.5174900368672,110,1
nuscenes,scene-0103_019,tz,2.0,mid15-30m,182,182,301.05068898610307,182,3
nuscenes,scene-0103_019,tz,2.0,near<15m,110,110,409.62151190420025,110,1
nuscenes,scene-0103_019,tz,5.0,mid15-30m,182,182,752.5443110705164,182,3
nuscenes,scene-0103_019,tz,5.0,near<15m,110,110,1023.8044234535348,110,1
nuscenes,scene-0103_019,tz,10.0,mid15-30m,182,182,1504.8139988526582,182,3
nuscenes,scene-0103_019,tz,10.0,near<15m,110,110,2046.7782039746392,110,1
nuscenes,scene-0103_020,none,0.0,mid15-30m,176,176,0.0,176,3
nuscenes,scene-0103_020,none,0.0,far>30m,10,10,0.0,10,1
nuscenes,scene-0103_020,none,0.0,near<15m,73,73,0.0,73,1
nuscenes,scene-0103_020,yaw,0.5,mid15-30m,176,176,2275.4019889942083,176,3
nuscenes,scene-0103_020,yaw,0.5,far>30m,10,9,114.74123023972533,10,1
nuscenes,scene-0103_020,yaw,0.5,near<15m,73,73,1131.452351498729,73,1
nuscenes,scene-0103_020,yaw,1.0,mid15-30m,176,175,4564.667563133477,176,3
nuscenes,scene-0103_020,yaw,1.0,far>30m,10,7,229.1442726203007,10,1
nuscenes,scene-0103_020,yaw,1.0,near<15m,73,73,2251.733183077633,73,1
nuscenes,scene-0103_020,yaw,2.0,mid15-30m,176,163,9186.918728712466,176,3
nuscenes,scene-0103_020,yaw,2.0,far>30m,10,4,457.01284007511293,10,1
nuscenes,scene-0103_020,yaw,2.0,near<15m,73,66,4460.190572454409,73,1
nuscenes,scene-0103_020,yaw,3.0,mid15-30m,176,147,13871.133189246295,176,3
nuscenes,scene-0103_020,yaw,3.0,far>30m,10,0,683.7578091817419,10,1
nuscenes,scene-0103_020,yaw,3.0,near<15m,73,55,6628.091458633179,73,1
nuscenes,scene-0103_020,pitch,0.5,mid15-30m,176,176,672.5689942850826,176,3
nuscenes,scene-0103_020,pitch,0.5,far>30m,10,10,18.23977973048883,10,1
nuscenes,scene-0103_020,pitch,0.5,near<15m,73,73,459.1942677752052,73,1
nuscenes,scene-0103_020,pitch,1.0,mid15-30m,176,176,1344.9934326822672,176,3
nuscenes,scene-0103_020,pitch,1.0,far>30m,10,10,36.48060640538292,10,1
nuscenes,scene-0103_020,pitch,1.0,near<15m,73,73,918.4920146200124,73,1
nuscenes,scene-0103_020,pitch,2.0,mid15-30m,176,173,2689.3579413162947,176,3
nuscenes,scene-0103_020,pitch,2.0,far>30m,10,2,72.9639897401307,10,1
nuscenes,scene-0103_020,pitch,2.0,near<15m,73,73,1837.3599613307595,73,1
nuscenes,scene-0103_020,pitch,3.0,mid15-30m,176,163,4032.9923802067638,176,3
nuscenes,scene-0103_020,pitch,3.0,far>30m,10,2,109.4473258155775,10,1
nuscenes,scene-0103_020,pitch,3.0,near<15m,73,73,2756.5276533077854,73,1
nuscenes,scene-0103_020,roll,0.5,mid15-30m,176,176,2025.2860271278955,176,3
nuscenes,scene-0103_020,roll,0.5,far>30m,10,10,111.73422687313767,10,1
nuscenes,scene-0103_020,roll,0.5,near<15m,73,73,925.2230666488981,73,1
nuscenes,scene-0103_020,roll,1.0,mid15-30m,176,162,4047.1441535974545,176,3
nuscenes,scene-0103_020,roll,1.0,far>30m,10,8,223.3936984475141,10,1
nuscenes,scene-0103_020,roll,1.0,near<15m,73,73,1846.506243987578,73,1
nuscenes,scene-0103_020,roll,2.0,mid15-30m,176,149,8081.983446330603,176,3
nuscenes,scene-0103_020,roll,2.0,far>30m,10,8,446.5594095080318,10,1
nuscenes,scene-0103_020,roll,2.0,near<15m,73,73,3678.054448337904,73,1
nuscenes,scene-0103_020,roll,3.0,mid15-30m,176,122,12107.311647997307,176,3
nuscenes,scene-0103_020,roll,3.0,far>30m,10,0,669.638888169033,10,1
nuscenes,scene-0103_020,roll,3.0,near<15m,73,73,5496.219769246257,73,1
nuscenes,scene-0103_020,tx,2.0,mid15-30m,176,176,308.49594992499215,176,3
nuscenes,scene-0103_020,tx,2.0,far>30m,10,10,7.112741218743533,10,1
nuscenes,scene-0103_020,tx,2.0,near<15m,73,72,286.7107216485048,73,1
nuscenes,scene-0103_020,tx,5.0,mid15-30m,176,176,771.2571861122528,176,3
nuscenes,scene-0103_020,tx,5.0,far>30m,10,10,17.782011593730143,10,1
nuscenes,scene-0103_020,tx,5.0,near<15m,73,67,716.8120907378919,73,1
nuscenes,scene-0103_020,tx,10.0,mid15-30m,176,176,1542.5720800619447,176,3
nuscenes,scene-0103_020,tx,10.0,far>30m,10,10,35.56455168959895,10,1
nuscenes,scene-0103_020,tx,10.0,near<15m,73,64,1433.741819033058,73,1
nuscenes,scene-0103_020,ty,2.0,mid15-30m,176,176,108.1074073737943,176,3
nuscenes,scene-0103_020,ty,2.0,far>30m,10,10,1.1852375216545579,10,1
nuscenes,scene-0103_020,ty,2.0,near<15m,73,73,160.379453280671,73,1
nuscenes,scene-0103_020,ty,5.0,mid15-30m,176,176,269.6865682493069,176,3
nuscenes,scene-0103_020,ty,5.0,far>30m,10,10,2.96058212013116,10,1
nuscenes,scene-0103_020,ty,5.0,near<15m,73,73,399.0779961732572,73,1
nuscenes,scene-0103_020,ty,10.0,mid15-30m,176,176,537.4445848572296,176,3
nuscenes,scene-0103_020,ty,10.0,far>30m,10,10,5.91281085908124,10,1
nuscenes,scene-0103_020,ty,10.0,near<15m,73,73,791.9977966879947,73,1
nuscenes,scene-0103_020,tz,2.0,mid15-30m,176,176,310.59569662743104,176,3
nuscenes,scene-0103_020,tz,2.0,far>30m,10,10,7.1054013969395635,10,1
nuscenes,scene-0103_020,tz,2.0,near<15m,73,73,287.5973349087922,73,1
nuscenes,scene-0103_020,tz,5.0,mid15-30m,176,176,776.398301143124,176,3
nuscenes,scene-0103_020,tz,5.0,far>30m,10,10,17.762677093578237,10,1
nuscenes,scene-0103_020,tz,5.0,near<15m,73,73,718.8087343672103,73,1
nuscenes,scene-0103_020,tz,10.0,mid15-30m,176,176,1552.4935635814122,176,3
nuscenes,scene-0103_020,tz,10.0,far>30m,10,10,35.52259986631093,10,1
nuscenes,scene-0103_020,tz,10.0,near<15m,73,73,1437.00254846005,73,1
nuscenes,scene-0103_021,none,0.0,mid15-30m,46,46,0.0,46,2
nuscenes,scene-0103_021,none,0.0,far>30m,22,22,0.0,22,2
nuscenes,scene-0103_021,none,0.0,near<15m,177,177,0.0,177,1
nuscenes,scene-0103_021,yaw,0.5,mid15-30m,46,46,567.1036793361044,46,2
nuscenes,scene-0103_021,yaw,0.5,far>30m,22,21,254.13829179725917,22,2
nuscenes,scene-0103_021,yaw,0.5,near<15m,177,177,2400.2359067568436,177,1
nuscenes,scene-0103_021,yaw,1.0,mid15-30m,46,41,1135.7014438759265,46,2
nuscenes,scene-0103_021,yaw,1.0,far>30m,22,19,508.43139052751485,22,2
nuscenes,scene-0103_021,yaw,1.0,near<15m,177,175,4818.838421682063,177,1
nuscenes,scene-0103_021,yaw,2.0,mid15-30m,46,33,2277.85980196698,46,2
nuscenes,scene-0103_021,yaw,2.0,far>30m,22,16,1017.6590413342615,22,2
nuscenes,scene-0103_021,yaw,2.0,near<15m,177,172,9713.64627191994,177,1
nuscenes,scene-0103_021,yaw,3.0,mid15-30m,46,28,3427.452771169356,46,2
nuscenes,scene-0103_021,yaw,3.0,far>30m,22,11,1528.0386021664356,22,2
nuscenes,scene-0103_021,yaw,3.0,near<15m,177,166,14689.596558089437,177,1
nuscenes,scene-0103_021,pitch,0.5,mid15-30m,46,46,105.67348258675096,46,2
nuscenes,scene-0103_021,pitch,0.5,far>30m,22,22,46.30649067547229,22,2
nuscenes,scene-0103_021,pitch,0.5,near<15m,177,177,831.1681166216631,177,1
nuscenes,scene-0103_021,pitch,1.0,mid15-30m,46,46,211.32449341338028,46,2
nuscenes,scene-0103_021,pitch,1.0,far>30m,22,22,92.61070546923582,22,2
nuscenes,scene-0103_021,pitch,1.0,near<15m,177,177,1662.1370271425217,177,1
nuscenes,scene-0103_021,pitch,2.0,mid15-30m,46,40,422.5512045807887,46,2
nuscenes,scene-0103_021,pitch,2.0,far>30m,22,22,185.20878236051902,22,2
nuscenes,scene-0103_021,pitch,2.0,near<15m,177,167,3323.414543250049,177,1
nuscenes,scene-0103_021,pitch,3.0,mid15-30m,46,40,633.6643822814513,46,2
nuscenes,scene-0103_021,pitch,3.0,far>30m,22,14,277.7871835926937,22,2
nuscenes,scene-0103_021,pitch,3.0,near<15m,177,166,4983.707529861336,177,1
nuscenes,scene-0103_021,roll,0.5,mid15-30m,46,46,524.2881174914149,46,2
nuscenes,scene-0103_021,roll,0.5,far>30m,22,22,245.24687605409537,22,2
nuscenes,scene-0103_021,roll,0.5,near<15m,177,177,2061.249444304919,177,1
nuscenes,scene-0103_021,roll,1.0,mid15-30m,46,40,1047.8938513140122,46,2
nuscenes,scene-0103_021,roll,1.0,far>30m,22,18,490.3271594493346,22,2
nuscenes,scene-0103_021,roll,1.0,near<15m,177,166,4118.0389251829465,177,1
nuscenes,scene-0103_021,roll,2.0,mid15-30m,46,38,2093.4100510612834,46,2
nuscenes,scene-0103_021,roll,2.0,far>30m,22,8,980.143878993636,22,2
nuscenes,scene-0103_021,roll,2.0,near<15m,177,166,8219.725027838584,177,1
nuscenes,scene-0103_021,roll,3.0,mid15-30m,46,34,3137.2486671295173,46,2
nuscenes,scene-0103_021,roll,3.0,far>30m,22,0,1469.7613208656494,22,2
nuscenes,scene-0103_021,roll,3.0,near<15m,177,147,12308.005520546089,177,1
nuscenes,scene-0103_021,tx,2.0,mid15-30m,46,46,67.31804973530419,46,2
nuscenes,scene-0103_021,tx,2.0,far>30m,22,22,15.57359417564328,22,2
nuscenes,scene-0103_021,tx,2.0,near<15m,177,177,371.67479787532733,177,1
nuscenes,scene-0103_021,tx,5.0,mid15-30m,46,46,168.29828702486856,46,2
nuscenes,scene-0103_021,tx,5.0,far>30m,22,22,38.93434035833117,22,2
nuscenes,scene-0103_021,tx,5.0,near<15m,177,177,929.2122498162612,177,1
nuscenes,scene-0103_021,tx,10.0,mid15-30m,46,46,336.60711686829967,46,2
nuscenes,scene-0103_021,tx,10.0,far>30m,22,22,77.86986380968338,22,2
nuscenes,scene-0103_021,tx,10.0,near<15m,177,177,1858.508689541147,177,1
nuscenes,scene-0103_021,ty,2.0,mid15-30m,46,46,13.743041750480133,46,2
nuscenes,scene-0103_021,ty,2.0,far>30m,22,22,3.007131915367127,22,2
nuscenes,scene-0103_021,ty,2.0,near<15m,177,177,160.93819765901188,177,1
nuscenes,scene-0103_021,ty,5.0,mid15-30m,46,46,34.29744976847341,46,2
nuscenes,scene-0103_021,ty,5.0,far>30m,22,22,7.511407355828645,22,2
nuscenes,scene-0103_021,ty,5.0,near<15m,177,177,401.3103144019128,177,1
nuscenes,scene-0103_021,ty,10.0,mid15-30m,46,46,68.39532296317287,46,2
nuscenes,scene-0103_021,ty,10.0,far>30m,22,22,15.001455613597855,22,2
nuscenes,scene-0103_021,ty,10.0,near<15m,177,177,799.1937643958067,177,1
nuscenes,scene-0103_021,tz,2.0,mid15-30m,46,46,67.55591277236945,46,2
nuscenes,scene-0103_021,tz,2.0,far>30m,22,22,15.590188253946543,22,2
nuscenes,scene-0103_021,tz,2.0,near<15m,177,177,375.01797711201715,177,1
nuscenes,scene-0103_021,tz,5.0,mid15-30m,46,46,168.87349785065842,46,2
nuscenes,scene-0103_021,tz,5.0,far>30m,22,22,38.973647690016506,22,2
nuscenes,scene-0103_021,tz,5.0,near<15m,177,177,937.4141970951441,177,1
nuscenes,scene-0103_021,tz,10.0,mid15-30m,46,46,337.69272942911255,46,2
nuscenes,scene-0103_021,tz,10.0,far>30m,22,22,77.94121965983231,22,2
nuscenes,scene-0103_021,tz,10.0,near<15m,177,177,1874.3927385195097,177,1
nuscenes,scene-0103_022,none,0.0,far>30m,27,27,0.0,27,2
nuscenes,scene-0103_022,none,0.0,near<15m,182,182,0.0,182,1
nuscenes,scene-0103_022,yaw,0.5,far>30m,27,27,315.1460552686161,27,2
nuscenes,scene-0103_022,yaw,0.5,near<15m,182,176,2607.09094406064,182,1
nuscenes,scene-0103_022,yaw,1.0,far>30m,27,24,630.7503226249065,27,2
nuscenes,scene-0103_022,yaw,1.0,near<15m,182,172,5237.459140825851,182,1
nuscenes,scene-0103_022,yaw,2.0,far>30m,27,19,1263.5602238653928,27,2
nuscenes,scene-0103_022,yaw,2.0,near<15m,182,160,10571.105080979287,182,1
nuscenes,scene-0103_022,yaw,3.0,far>30m,27,12,1898.8870632330224,27,2
nuscenes,scene-0103_022,yaw,3.0,near<15m,182,151,16007.32256402216,182,1
nuscenes,scene-0103_022,pitch,0.5,far>30m,27,27,63.742182517044085,27,2
nuscenes,scene-0103_022,pitch,0.5,near<15m,182,182,996.9344896313372,182,1
nuscenes,scene-0103_022,pitch,1.0,far>30m,27,27,127.47944573495886,27,2
nuscenes,scene-0103_022,pitch,1.0,near<15m,182,181,1993.5945312951358,182,1
nuscenes,scene-0103_022,pitch,2.0,far>30m,27,27,254.9343707606426,27,2
nuscenes,scene-0103_022,pitch,2.0,near<15m,182,180,3986.0160575985165,182,1
nuscenes,scene-0103_022,pitch,3.0,far>30m,27,20,382.35509560195976,27,2
nuscenes,scene-0103_022,pitch,3.0,near<15m,182,180,5977.11464590765,182,1
nuscenes,scene-0103_022,roll,0.5,far>30m,27,26,301.2452935776583,27,2
nuscenes,scene-0103_022,roll,0.5,near<15m,182,182,2144.826045539718,182,1
nuscenes,scene-0103_022,roll,1.0,far>30m,27,24,602.2469474494085,27,2
nuscenes,scene-0103_022,roll,1.0,near<15m,182,182,4283.810812619724,182,1
nuscenes,scene-0103_022,roll,2.0,far>30m,27,14,1203.7119565930682,27,2
nuscenes,scene-0103_022,roll,2.0,near<15m,182,172,8545.871855063593,182,1
nuscenes,scene-0103_022,roll,3.0,far>30m,27,6,1804.7791633409151,27,2
nuscenes,scene-0103_022,roll,3.0,near<15m,182,172,12789.377434746897,182,1
nuscenes,scene-0103_022,tx,2.0,far>30m,27,27,20.549526672801754,27,2
nuscenes,scene-0103_022,tx,2.0,near<15m,182,182,439.6311851824504,182,1
nuscenes,scene-0103_022,tx,5.0,far>30m,27,27,51.37433777959782,27,2
nuscenes,scene-0103_022,tx,5.0,near<15m,182,182,1099.113351631885,182,1
nuscenes,scene-0103_022,tx,10.0,far>30m,27,27,102.75041259872843,27,2
nuscenes,scene-0103_022,tx,10.0,near<15m,182,182,2198.344675732241,182,1
nuscenes,scene-0103_022,ty,2.0,far>30m,27,27,4.501062955414611,27,2
nuscenes,scene-0103_022,ty,2.0,near<15m,182,182,221.84087870027759,182,1
nuscenes,scene-0103_022,ty,5.0,far>30m,27,27,11.242120320476612,27,2
nuscenes,scene-0103_022,ty,5.0,near<15m,182,182,552.9584402881158,182,1
nuscenes,scene-0103_022,ty,10.0,far>30m,27,27,22.449205732060065,27,2
nuscenes,scene-0103_022,ty,10.0,near<15m,182,182,1100.4811210713392,182,1
nuscenes,scene-0103_022,tz,2.0,far>30m,27,27,20.59218155995127,27,2
nuscenes,scene-0103_022,tz,2.0,near<15m,182,182,444.55054490415364,182,1
nuscenes,scene-0103_022,tz,5.0,far>30m,27,27,51.477849821332704,27,2
nuscenes,scene-0103_022,tz,5.0,near<15m,182,182,1111.197929444335,182,1
nuscenes,scene-0103_022,tz,10.0,far>30m,27,27,102.94702056607105,27,2
nuscenes,scene-0103_022,tz,10.0,near<15m,182,182,2221.8013395924445,182,1
nuscenes,scene-0103_023,none,0.0,mid15-30m,10,10,0.0,10,1
nuscenes,scene-0103_023,none,0.0,far>30m,25,25,0.0,25,2
nuscenes,scene-0103_023,none,0.0,near<15m,187,187,0.0,187,1
nuscenes,scene-0103_023,yaw,0.5,mid15-30m,10,10,113.69110187833587,10,1
nuscenes,scene-0103_023,yaw,0.5,far>30m,25,25,291.85458241810284,25,2
nuscenes,scene-0103_023,yaw,0.5,near<15m,187,177,2790.821220745095,187,1
nuscenes,scene-0103_023,yaw,1.0,mid15-30m,10,9,227.21001562640572,10,1
nuscenes,scene-0103_023,yaw,1.0,far>30m,25,21,584.041091323546,25,2
nuscenes,scene-0103_023,yaw,1.0,near<15m,187,170,5608.982962928649,187,1
nuscenes,scene-0103_023,yaw,2.0,mid15-30m,10,5,453.8049490333825,10,1
nuscenes,scene-0103_023,yaw,2.0,far>30m,25,18,1169.6195593386688,25,2
nuscenes,scene-0103_023,yaw,2.0,near<15m,187,151,11330.896873705064,187,1
nuscenes,scene-0103_023,yaw,3.0,mid15-30m,10,5,679.9312274734642,10,1
nuscenes,scene-0103_023,yaw,3.0,far>30m,25,15,1757.1577102726856,25,2
nuscenes,scene-0103_023,yaw,3.0,near<15m,187,131,17173.160999477812,187,1
nuscenes,scene-0103_023,pitch,0.5,mid15-30m,10,10,9.491796046955411,10,1
nuscenes,scene-0103_023,pitch,0.5,far>30m,25,25,59.03655534888436,25,2
nuscenes,scene-0103_023,pitch,0.5,near<15m,187,186,1125.3898107212508,187,1
nuscenes,scene-0103_023,pitch,1.0,mid15-30m,10,10,18.9837629881162,10,1
nuscenes,scene-0103_023,pitch,1.0,far>30m,25,25,118.06921253763696,25,2
nuscenes,scene-0103_023,pitch,1.0,near<15m,187,185,2250.4472901854833,187,1
nuscenes,scene-0103_023,pitch,2.0,mid15-30m,10,10,37.96747659101599,10,1
nuscenes,scene-0103_023,pitch,2.0,far>30m,25,24,236.11833823844938,25,2
nuscenes,scene-0103_023,pitch,2.0,near<15m,187,176,4499.480526388839,187,1
nuscenes,scene-0103_023,pitch,3.0,mid15-30m,10,10,56.9496743064112,10,1
nuscenes,scene-0103_023,pitch,3.0,far>30m,25,24,354.1383944556891,25,2
nuscenes,scene-0103_023,pitch,3.0,near<15m,187,159,6746.930849599976,187,1
nuscenes,scene-0103_023,roll,0.5,mid15-30m,10,10,112.96407427919475,10,1
nuscenes,scene-0103_023,roll,0.5,far>30m,25,24,279.03652575621203,25,2
nuscenes,scene-0103_023,roll,0.5,near<15m,187,187,2224.6675106333287,187,1
nuscenes,scene-0103_023,roll,1.0,mid15-30m,10,10,225.81457689410166,10,1
nuscenes,scene-0103_023,roll,1.0,far>30m,25,23,557.8469416956847,25,2
nuscenes,scene-0103_023,roll,1.0,near<15m,187,187,4442.932068758909,187,1
nuscenes,scene-0103_023,roll,2.0,mid15-30m,10,10,451.24747528489866,10,1
nuscenes,scene-0103_023,roll,2.0,far>30m,25,14,1114.9679409731912,25,2
nuscenes,scene-0103_023,roll,2.0,near<15m,187,163,8861.978173939253,187,1
nuscenes,scene-0103_023,roll,3.0,mid15-30m,10,7,676.4433360341051,10,1
nuscenes,scene-0103_023,roll,3.0,far>30m,25,0,1671.7189637762108,25,2
nuscenes,scene-0103_023,roll,3.0,near<15m,187,138,13260.549327681325,187,1
nuscenes,scene-0103_023,tx,2.0,mid15-30m,10,10,11.72534413875292,10,1
nuscenes,scene-0103_023,tx,2.0,far>30m,25,25,19.397286627463547,25,2
nuscenes,scene-0103_023,tx,2.0,near<15m,187,187,513.0399564658467,187,1
nuscenes,scene-0103_023,tx,5.0,mid15-30m,10,10,29.31379315293398,10,1
nuscenes,scene-0103_023,tx,5.0,far>30m,25,25,48.49369701484025,25,2
nuscenes,scene-0103_023,tx,5.0,near<15m,187,187,1282.6447268411562,187,1
nuscenes,scene-0103_023,tx,10.0,mid15-30m,10,10,58.629029049518856,10,1
nuscenes,scene-0103_023,tx,10.0,far>30m,25,25,96.9889955597607,25,2
nuscenes,scene-0103_023,tx,10.0,near<15m,187,187,2565.438919945017,187,1
nuscenes,scene-0103_023,ty,2.0,mid15-30m,10,10,0.9940754223057541,10,1
nuscenes,scene-0103_023,ty,2.0,far>30m,25,25,4.227542222931303,25,2
nuscenes,scene-0103_023,ty,2.0,near<15m,187,187,282.5399380498608,187,1
nuscenes,scene-0103_023,ty,5.0,mid15-30m,10,10,2.481709402175568,10,1
nuscenes,scene-0103_023,ty,5.0,far>30m,25,25,10.558823460925474,25,2
nuscenes,scene-0103_023,ty,5.0,near<15m,187,187,703.9973954298284,187,1
nuscenes,scene-0103_023,ty,10.0,mid15-30m,10,10,4.951864824946406,10,1
nuscenes,scene-0103_023,ty,10.0,far>30m,25,25,21.084292145849023,25,2
nuscenes,scene-0103_023,ty,10.0,near<15m,187,187,1400.2229028495406,187,1
nuscenes,scene-0103_023,tz,2.0,mid15-30m,10,10,11.732862295167294,10,1
nuscenes,scene-0103_023,tz,2.0,far>30m,25,25,19.431571679973406,25,2
nuscenes,scene-0103_023,tz,2.0,near<15m,187,187,518.9947261627577,187,1
nuscenes,scene-0103_023,tz,5.0,mid15-30m,10,10,29.32990004099169,10,1
nuscenes,scene-0103_023,tz,5.0,far>30m,25,25,48.576422251837826,25,2
nuscenes,scene-0103_023,tz,5.0,near<15m,187,187,1297.2505987696297,187,1
nuscenes,scene-0103_023,tz,10.0,mid15-30m,10,10,58.65228263420728,10,1
nuscenes,scene-0103_023,tz,10.0,far>30m,25,25,97.14448917355438,25,2
nuscenes,scene-0103_023,tz,10.0,near<15m,187,187,2593.714192956346,187,1
nuscenes,scene-0103_024,none,0.0,mid15-30m,41,41,0.0,41,3
nuscenes,scene-0103_024,none,0.0,far>30m,43,43,0.0,43,3
nuscenes,scene-0103_024,none,0.0,near<15m,114,114,0.0,114,1
nuscenes,scene-0103_024,yaw,0.5,mid15-30m,41,39,549.0166263430353,41,3
nuscenes,scene-0103_024,yaw,0.5,far>30m,43,42,502.68523057771904,43,3
nuscenes,scene-0103_024,yaw,0.5,near<15m,114,103,1773.0456442641014,114,1
nuscenes,scene-0103_024,yaw,1.0,mid15-30m,41,35,1101.6791856195823,41,3
nuscenes,scene-0103_024,yaw,1.0,far>30m,43,41,1006.41178204007,43,3
nuscenes,scene-0103_024,yaw,1.0,near<15m,114,94,3564.886643998494,114,1
nuscenes,scene-0103_024,yaw,2.0,mid15-30m,41,31,2218.5186881587115,41,3
nuscenes,scene-0103_024,yaw,2.0,far>30m,43,33,2017.3540178687008,43,3
nuscenes,scene-0103_024,yaw,2.0,near<15m,114,79,7207.401142723737,114,1
nuscenes,scene-0103_024,yaw,3.0,mid15-30m,41,23,3351.707787800706,41,3
nuscenes,scene-0103_024,yaw,3.0,far>30m,43,25,3033.5653834041755,43,3
nuscenes,scene-0103_024,yaw,3.0,near<15m,114,64,10932.638920791518,114,1
nuscenes,scene-0103_024,pitch,0.5,mid15-30m,41,41,176.45289377552524,41,3
nuscenes,scene-0103_024,pitch,0.5,far>30m,43,43,103.53950692832319,43,3
nuscenes,scene-0103_024,pitch,0.5,near<15m,114,113,749.3390959028542,114,1
nuscenes,scene-0103_024,pitch,1.0,mid15-30m,41,39,352.8608560332781,41,3
nuscenes,scene-0103_024,pitch,1.0,far>30m,43,41,207.06960059092657,43,3
nuscenes,scene-0103_024,pitch,1.0,near<15m,114,112,1498.441758783771,114,1
nuscenes,scene-0103_024,pitch,2.0,mid15-30m,41,27,705.5288664830658,41,3
nuscenes,scene-0103_024,pitch,2.0,far>30m,43,41,414.0937078426117,43,3
nuscenes,scene-0103_024,pitch,2.0,near<15m,114,108,2995.8811230660585,114,1
nuscenes,scene-0103_024,pitch,3.0,mid15-30m,41,25,1057.9778716762496,41,3
nuscenes,scene-0103_024,pitch,3.0,far>30m,43,41,621.0566561293052,43,3
nuscenes,scene-0103_024,pitch,3.0,near<15m,114,108,4492.2051968895685,114,1
nuscenes,scene-0103_024,roll,0.5,mid15-30m,41,41,464.54736722930807,41,3
nuscenes,scene-0103_024,roll,0.5,far>30m,43,41,479.1955971092434,43,3
nuscenes,scene-0103_024,roll,0.5,near<15m,114,114,1380.8170044222488,114,1
nuscenes,scene-0103_024,roll,1.0,mid15-30m,41,41,928.4135166803289,41,3
nuscenes,scene-0103_024,roll,1.0,far>30m,43,35,958.0478599952942,43,3
nuscenes,scene-0103_024,roll,1.0,near<15m,114,114,2756.707436615743,114,1
nuscenes,scene-0103_024,roll,2.0,mid15-30m,41,32,1854.4225197461997,41,3
nuscenes,scene-0103_024,roll,2.0,far>30m,43,26,1915.0286379284735,43,3
nuscenes,scene-0103_024,roll,2.0,near<15m,114,114,5494.83178638787,114,1
nuscenes,scene-0103_024,roll,3.0,mid15-30m,41,28,2778.664033481291,41,3
nuscenes,scene-0103_024,roll,3.0,far>30m,43,2,2871.553358855083,43,3
nuscenes,scene-0103_024,roll,3.0,near<15m,114,105,8216.587038826912,114,1
nuscenes,scene-0103_024,tx,2.0,mid15-30m,41,41,56.44941912678043,41,3
nuscenes,scene-0103_024,tx,2.0,far>30m,43,43,32.87292003424141,43,3
nuscenes,scene-0103_024,tx,2.0,near<15m,114,114,364.5994696556048,114,1
nuscenes,scene-0103_024,tx,5.0,mid15-30m,41,40,141.1261498971544,41,3
nuscenes,scene-0103_024,tx,5.0,far>30m,43,42,82.1831414372779,43,3
nuscenes,scene-0103_024,tx,5.0,near<15m,114,114,911.5363211173592,114,1
nuscenes,scene-0103_024,tx,10.0,mid15-30m,41,40,282.2609738389006,41,3
nuscenes,scene-0103_024,tx,10.0,far>30m,43,42,164.36908745954383,43,3
nuscenes,scene-0103_024,tx,10.0,near<15m,114,114,1823.1981460191596,114,1
nuscenes,scene-0103_024,ty,2.0,mid15-30m,41,41,24.29008050047665,41,3
nuscenes,scene-0103_024,ty,2.0,far>30m,43,43,7.5582052397900155,43,3
nuscenes,scene-0103_024,ty,2.0,near<15m,114,114,217.19721796437588,114,1
nuscenes,scene-0103_024,ty,5.0,mid15-30m,41,41,60.61233549931702,41,3
nuscenes,scene-0103_024,ty,5.0,far>30m,43,43,18.87677005450792,43,3
nuscenes,scene-0103_024,ty,5.0,near<15m,114,114,540.9047020756802,114,1
nuscenes,scene-0103_024,ty,10.0,mid15-30m,41,41,120.85036117484738,41,3
nuscenes,scene-0103_024,ty,10.0,far>30m,43,43,37.691233508265036,43,3
nuscenes,scene-0103_024,ty,10.0,near<15m,114,114,1074.9193739140346,114,1
nuscenes,scene-0103_024,tz,2.0,mid15-30m,41,41,56.843330445605744,41,3
nuscenes,scene-0103_024,tz,2.0,far>30m,43,43,32.94607080224324,43,3
nuscenes,scene-0103_024,tz,2.0,near<15m,114,114,369.5660472607969,114,1
nuscenes,scene-0103_024,tz,5.0,mid15-30m,41,41,142.0949821984584,41,3
nuscenes,scene-0103_024,tz,5.0,far>30m,43,43,82.36088390681411,43,3
nuscenes,scene-0103_024,tz,5.0,near<15m,114,114,923.7209164666162,114,1
nuscenes,scene-0103_024,tz,10.0,mid15-30m,41,41,284.1454962681217,41,3
nuscenes,scene-0103_024,tz,10.0,far>30m,43,43,164.70745954694715,43,3
nuscenes,scene-0103_024,tz,10.0,near<15m,114,114,1846.7948575995943,114,1
nuscenes,scene-0103_025,none,0.0,mid15-30m,45,45,0.0,45,2
nuscenes,scene-0103_025,none,0.0,near<15m,13,13,0.0,13,1
nuscenes,scene-0103_025,none,0.0,far>30m,31,31,0.0,31,2
nuscenes,scene-0103_025,yaw,0.5,mid15-30m,45,45,606.3985442155972,45,2
nuscenes,scene-0103_025,yaw,0.5,near<15m,13,11,207.69438272822921,13,1
nuscenes,scene-0103_025,yaw,0.5,far>30m,31,31,368.0988378011957,31,2
nuscenes,scene-0103_025,yaw,1.0,mid15-30m,45,42,1216.1772367379474,45,2
nuscenes,scene-0103_025,yaw,1.0,near<15m,13,6,417.78842433117194,13,1
nuscenes,scene-0103_025,yaw,1.0,far>30m,31,30,737.8321894765986,31,2
nuscenes,scene-0103_025,yaw,2.0,mid15-30m,45,32,2446.515516009387,45,2
nuscenes,scene-0103_025,yaw,2.0,near<15m,13,0,845.4823603875441,13,1
nuscenes,scene-0103_025,yaw,2.0,far>30m,31,28,1482.4849450981105,31,2
nuscenes,scene-0103_025,yaw,3.0,mid15-30m,45,25,3692.330946199296,45,2
nuscenes,scene-0103_025,yaw,3.0,near<15m,13,0,1283.7222670305086,13,1
nuscenes,scene-0103_025,yaw,3.0,far>30m,31,23,2234.5357218574136,31,2
nuscenes,scene-0103_025,pitch,0.5,mid15-30m,45,45,208.81274067823557,45,2
nuscenes,scene-0103_025,pitch,0.5,near<15m,13,13,92.54631054640274,13,1
nuscenes,scene-0103_025,pitch,0.5,far>30m,31,30,85.43579477694786,31,2
nuscenes,scene-0103_025,pitch,1.0,mid15-30m,45,45,417.5794221900419,45,2
nuscenes,scene-0103_025,pitch,1.0,near<15m,13,13,185.06144464655688,13,1
nuscenes,scene-0103_025,pitch,1.0,far>30m,31,30,170.85825301524886,31,2
nuscenes,scene-0103_025,pitch,2.0,mid15-30m,45,45,834.9589375078863,45,2
nuscenes,scene-0103_025,pitch,2.0,near<15m,13,10,369.99136293602163,13,1
nuscenes,scene-0103_025,pitch,2.0,far>30m,31,30,341.65673023682365,31,2
nuscenes,scene-0103_025,pitch,3.0,mid15-30m,45,45,1252.1072864185364,45,2
nuscenes,scene-0103_025,pitch,3.0,near<15m,13,10,554.7761694921265,13,1
nuscenes,scene-0103_025,pitch,3.0,far>30m,31,30,512.3825952866563,31,2
nuscenes,scene-0103_025,roll,0.5,mid15-30m,45,45,509.95577417510754,45,2
nuscenes,scene-0103_025,roll,0.5,near<15m,13,13,149.60334845987157,13,1
nuscenes,scene-0103_025,roll,0.5,far>30m,31,30,345.57459661692997,31,2
nuscenes,scene-0103_025,roll,1.0,mid15-30m,45,41,1019.1106318517868,45,2
nuscenes,scene-0103_025,roll,1.0,near<15m,13,10,298.87064375740914,13,1
nuscenes,scene-0103_025,roll,1.0,far>30m,31,26,690.838595770256,31,2
nuscenes,scene-0103_025,roll,2.0,mid15-30m,45,41,2035.3710141883698,45,2
nuscenes,scene-0103_025,roll,2.0,near<15m,13,10,596.5107496306583,13,1
nuscenes,scene-0103_025,roll,2.0,far>30m,31,20,1380.6574964963525,31,2
nuscenes,scene-0103_025,roll,3.0,mid15-30m,45,30,3049.483593352027,45,2
nuscenes,scene-0103_025,roll,3.0,near<15m,13,7,893.1457207730745,13,1
nuscenes,scene-0103_025,roll,3.0,far>30m,31,9,2069.9006238299066,31,2
nuscenes,scene-0103_025,tx,2.0,mid15-30m,45,45,59.62772066399593,45,2
nuscenes,scene-0103_025,tx,2.0,near<15m,13,13,25.12621348056067,13,1
nuscenes,scene-0103_025,tx,2.0,far>30m,31,31,24.83679533827609,31,2
nuscenes,scene-0103_025,tx,5.0,mid15-30m,45,45,149.07200652966256,45,2
nuscenes,scene-0103_025,tx,5.0,near<15m,13,13,62.81712413466131,13,1
nuscenes,scene-0103_025,tx,5.0,far>30m,31,31,62.09268461541842,31,2
nuscenes,scene-0103_025,tx,10.0,mid15-30m,45,45,298.153029744311,45,2
nuscenes,scene-0103_025,tx,10.0,near<15m,13,13,125.63955007161347,13,1
nuscenes,scene-0103_025,tx,10.0,far>30m,31,31,124.18769020364212,31,2
nuscenes,scene-0103_025,ty,2.0,mid15-30m,45,45,27.28259783509771,45,2
nuscenes,scene-0103_025,ty,2.0,near<15m,13,13,16.354042374278123,13,1
nuscenes,scene-0103_025,ty,2.0,far>30m,31,31,6.78873061121973,31,2
nuscenes,scene-0103_025,ty,5.0,mid15-30m,45,45,68.0862460921026,45,2
nuscenes,scene-0103_025,ty,5.0,near<15m,13,13,40.790286523867266,13,1
nuscenes,scene-0103_025,ty,5.0,far>30m,31,31,16.953098800950844,31,2
nuscenes,scene-0103_025,ty,10.0,mid15-30m,45,45,135.7735798134112,45,2
nuscenes,scene-0103_025,ty,10.0,near<15m,13,13,81.26645617642058,13,1
nuscenes,scene-0103_025,ty,10.0,far>30m,31,31,33.84396368315798,31,2
nuscenes,scene-0103_025,tz,2.0,mid15-30m,45,45,60.057564531899345,45,2
nuscenes,scene-0103_025,tz,2.0,near<15m,13,13,25.414266762709843,13,1
nuscenes,scene-0103_025,tz,2.0,far>30m,31,30,24.95348476774708,31,2
nuscenes,scene-0103_025,tz,5.0,mid15-30m,45,45,150.1302348341379,45,2
nuscenes,scene-0103_025,tz,5.0,near<15m,13,13,63.52759952513805,13,1
nuscenes,scene-0103_025,tz,5.0,far>30m,31,30,62.380201294479164,31,2
nuscenes,scene-0103_025,tz,10.0,mid15-30m,45,45,300.21489283567416,45,2
nuscenes,scene-0103_025,tz,10.0,near<15m,13,13,127.0283168847191,13,1
nuscenes,scene-0103_025,tz,10.0,far>30m,31,30,124.7487023706621,31,2
nuscenes,scene-0103_026,none,0.0,mid15-30m,86,86,0.0,86,3
nuscenes,scene-0103_026,none,0.0,far>30m,15,15,0.0,15,1
nuscenes,scene-0103_026,yaw,0.5,mid15-30m,86,84,1151.295584447901,86,3
nuscenes,scene-0103_026,yaw,0.5,far>30m,15,15,171.2036419869459,15,1
nuscenes,scene-0103_026,yaw,1.0,mid15-30m,86,81,2309.4349081232995,86,3
nuscenes,scene-0103_026,yaw,1.0,far>30m,15,15,342.9394490653361,15,1
nuscenes,scene-0103_026,yaw,2.0,mid15-30m,86,66,4647.451889304813,86,3
nuscenes,scene-0103_026,yaw,2.0,far>30m,15,14,688.1250071934287,15,1
nuscenes,scene-0103_026,yaw,3.0,mid15-30m,86,53,7016.534769685775,86,3
nuscenes,scene-0103_026,yaw,3.0,far>30m,15,9,1035.7953574684268,15,1
nuscenes,scene-0103_026,pitch,0.5,mid15-30m,86,86,391.4667619834163,86,3
nuscenes,scene-0103_026,pitch,0.5,far>30m,15,15,29.640560385036554,15,1
nuscenes,scene-0103_026,pitch,1.0,mid15-30m,86,86,782.8455913037242,86,3
nuscenes,scene-0103_026,pitch,1.0,far>30m,15,15,59.27786490767685,15,1
nuscenes,scene-0103_026,pitch,2.0,mid15-30m,86,75,1565.3100072625984,86,3
nuscenes,scene-0103_026,pitch,2.0,far>30m,15,15,118.54048298363021,15,1
nuscenes,scene-0103_026,pitch,3.0,mid15-30m,86,74,2347.334513412596,86,3
nuscenes,scene-0103_026,pitch,3.0,far>30m,15,15,177.78341279391108,15,1
nuscenes,scene-0103_026,roll,0.5,mid15-30m,86,86,975.7787078171298,86,3
nuscenes,scene-0103_026,roll,0.5,far>30m,15,15,166.0859732706627,15,1
nuscenes,scene-0103_026,roll,1.0,mid15-30m,86,84,1949.8427846788159,86,3
nuscenes,scene-0103_026,roll,1.0,far>30m,15,13,332.0979193201236,15,1
nuscenes,scene-0103_026,roll,2.0,mid15-30m,86,80,3893.504091196648,86,3
nuscenes,scene-0103_026,roll,2.0,far>30m,15,6,664.0040569944844,15,1
nuscenes,scene-0103_026,roll,3.0,mid15-30m,86,59,5832.328429165764,86,3
nuscenes,scene-0103_026,roll,3.0,far>30m,15,6,995.9268399640193,15,1
nuscenes,scene-0103_026,tx,2.0,mid15-30m,86,86,113.7100190792141,86,3
nuscenes,scene-0103_026,tx,2.0,far>30m,15,15,9.000821312362284,15,1
nuscenes,scene-0103_026,tx,5.0,mid15-30m,86,86,284.28043950254664,86,3
nuscenes,scene-0103_026,tx,5.0,far>30m,15,15,22.502232666900134,15,1
nuscenes,scene-0103_026,tx,10.0,mid15-30m,86,86,568.5788526598841,86,3
nuscenes,scene-0103_026,tx,10.0,far>30m,15,15,45.00506329984148,15,1
nuscenes,scene-0103_026,ty,2.0,mid15-30m,86,86,51.983011356496746,86,3
nuscenes,scene-0103_026,ty,2.0,far>30m,15,15,1.632981514946724,15,1
nuscenes,scene-0103_026,ty,5.0,mid15-30m,86,86,129.7160408207222,86,3
nuscenes,scene-0103_026,ty,5.0,far>30m,15,15,4.079517562769131,15,1
nuscenes,scene-0103_026,ty,10.0,mid15-30m,86,86,258.63130042345574,86,3
nuscenes,scene-0103_026,ty,10.0,far>30m,15,15,8.149266481859392,15,1
nuscenes,scene-0103_026,tz,2.0,mid15-30m,86,86,114.62724951510552,86,3
nuscenes,scene-0103_026,tz,2.0,far>30m,15,15,9.019449104524226,15,1
nuscenes,scene-0103_026,tz,5.0,mid15-30m,86,86,286.5411273461102,86,3
nuscenes,scene-0103_026,tz,5.0,far>30m,15,15,22.547730824810678,15,1
nuscenes,scene-0103_026,tz,10.0,mid15-30m,86,86,572.9922907429379,86,3
nuscenes,scene-0103_026,tz,10.0,far>30m,15,15,45.092488841927626,15,1
nuscenes,scene-0103_027,none,0.0,mid15-30m,96,96,0.0,96,3
nuscenes,scene-0103_027,none,0.0,far>30m,19,19,0.0,19,1
nuscenes,scene-0103_027,yaw,0.5,mid15-30m,96,94,1264.752502152031,96,3
nuscenes,scene-0103_027,yaw,0.5,far>30m,19,19,218.31545355888332,19,1
nuscenes,scene-0103_027,yaw,1.0,mid15-30m,96,90,2536.13346902301,96,3
nuscenes,scene-0103_027,yaw,1.0,far>30m,19,19,437.37364173404103,19,1
nuscenes,scene-0103_027,yaw,2.0,mid15-30m,96,79,5100.047310589248,96,3
nuscenes,scene-0103_027,yaw,2.0,far>30m,19,18,877.8708588019601,19,1
nuscenes,scene-0103_027,yaw,3.0,mid15-30m,96,69,7694.340065816153,96,3
nuscenes,scene-0103_027,yaw,3.0,far>30m,19,12,1321.802237621477,19,1
nuscenes,scene-0103_027,pitch,0.5,mid15-30m,96,96,421.8115968875006,96,3
nuscenes,scene-0103_027,pitch,0.5,far>30m,19,19,40.82348983751864,19,1
nuscenes,scene-0103_027,pitch,1.0,mid15-30m,96,96,843.539647652763,96,3
nuscenes,scene-0103_027,pitch,1.0,far>30m,19,19,81.64223928070554,19,1
nuscenes,scene-0103_027,pitch,2.0,mid15-30m,96,96,1686.7132640048603,96,3
nuscenes,scene-0103_027,pitch,2.0,far>30m,19,19,163.2624499247939,19,1
nuscenes,scene-0103_027,pitch,3.0,mid15-30m,96,89,2529.457301493969,96,3
nuscenes,scene-0103_027,pitch,3.0,far>30m,19,19,244.85450564945697,19,1
nuscenes,scene-0103_027,roll,0.5,mid15-30m,96,96,1088.2453648900569,96,3
nuscenes,scene-0103_027,roll,0.5,far>30m,19,19,210.5267627299833,19,1
nuscenes,scene-0103_027,roll,1.0,mid15-30m,96,94,2174.600143297069,96,3
nuscenes,scene-0103_027,roll,1.0,far>30m,19,19,420.93126155512954,19,1
nuscenes,scene-0103_027,roll,2.0,mid15-30m,96,81,4342.387609521095,96,3
nuscenes,scene-0103_027,roll,2.0,far>30m,19,10,841.5061667702118,19,1
nuscenes,scene-0103_027,roll,3.0,mid15-30m,96,62,6504.851174259633,96,3
nuscenes,scene-0103_027,roll,3.0,far>30m,19,10,1261.9896479706797,19,1
nuscenes,scene-0103_027,tx,2.0,mid15-30m,96,96,125.98957410903368,96,3
nuscenes,scene-0103_027,tx,2.0,far>30m,19,19,12.260794354849136,19,1
nuscenes,scene-0103_027,tx,5.0,mid15-30m,96,96,314.9797924320518,96,3
nuscenes,scene-0103_027,tx,5.0,far>30m,19,19,30.652251216074927,19,1
nuscenes,scene-0103_027,tx,10.0,mid15-30m,96,96,629.9791097518498,96,3
nuscenes,scene-0103_027,tx,10.0,far>30m,19,19,61.305386882437446,19,1
nuscenes,scene-0103_027,ty,2.0,mid15-30m,96,96,54.13280341405387,96,3
nuscenes,scene-0103_027,ty,2.0,far>30m,19,19,2.417560347476101,19,1
nuscenes,scene-0103_027,ty,5.0,mid15-30m,96,96,135.0912061255747,96,3
nuscenes,scene-0103_027,ty,5.0,far>30m,19,19,6.03921754426635,19,1
nuscenes,scene-0103_027,ty,10.0,mid15-30m,96,96,269.38372503988586,96,3
nuscenes,scene-0103_027,ty,10.0,far>30m,19,19,12.062856266903253,19,1
nuscenes,scene-0103_027,tz,2.0,mid15-30m,96,96,126.91305622577906,96,3
nuscenes,scene-0103_027,tz,2.0,far>30m,19,19,12.293723264328811,19,1
nuscenes,scene-0103_027,tz,5.0,mid15-30m,96,96,317.2541743988777,96,3
nuscenes,scene-0103_027,tz,5.0,far>30m,19,19,30.733025666841083,19,1
nuscenes,scene-0103_027,tz,10.0,mid15-30m,96,96,634.4134855581483,96,3
nuscenes,scene-0103_027,tz,10.0,far>30m,19,19,61.461776830090784,19,1
nuscenes,scene-0103_028,none,0.0,mid15-30m,119,119,0.0,119,4
nuscenes,scene-0103_028,none,0.0,far>30m,23,23,0.0,23,1
nuscenes,scene-0103_028,yaw,0.5,mid15-30m,119,115,1543.1906156918674,119,4
nuscenes,scene-0103_028,yaw,0.5,far>30m,23,23,266.3390697639966,23,1
nuscenes,scene-0103_028,yaw,1.0,mid15-30m,119,107,3089.783257750307,119,4
nuscenes,scene-0103_028,yaw,1.0,far>30m,23,22,533.6709083923638,23,1
nuscenes,scene-0103_028,yaw,2.0,mid15-30m,119,94,6194.63718417022,119,4
nuscenes,scene-0103_028,yaw,2.0,far>30m,23,19,1071.503310201604,23,1
nuscenes,scene-0103_028,yaw,3.0,mid15-30m,119,79,9317.525461445086,119,4
nuscenes,scene-0103_028,yaw,3.0,far>30m,23,15,1613.885200177179,23,1
nuscenes,scene-0103_028,pitch,0.5,mid15-30m,119,117,494.7690709039252,119,4
nuscenes,scene-0103_028,pitch,0.5,far>30m,23,23,54.03078549996061,23,1
nuscenes,scene-0103_028,pitch,1.0,mid15-30m,119,117,989.4816814181256,119,4
nuscenes,scene-0103_028,pitch,1.0,far>30m,23,23,108.05474625158932,23,1
nuscenes,scene-0103_028,pitch,2.0,mid15-30m,119,115,1978.6996942720962,119,4
nuscenes,scene-0103_028,pitch,2.0,far>30m,23,23,216.07814023274358,23,1
nuscenes,scene-0103_028,pitch,3.0,mid15-30m,119,102,2967.5784769260563,119,4
nuscenes,scene-0103_028,pitch,3.0,far>30m,23,23,324.06208678413566,23,1
nuscenes,scene-0103_028,roll,0.5,mid15-30m,119,117,1348.6167898207127,119,4
nuscenes,scene-0103_028,roll,0.5,far>30m,23,23,255.01158308073735,23,1
nuscenes,scene-0103_028,roll,1.0,mid15-30m,119,110,2694.996391992183,119,4
nuscenes,scene-0103_028,roll,1.0,far>30m,23,23,509.86883580884773,23,1
nuscenes,scene-0103_028,roll,2.0,mid15-30m,119,100,5381.965673948305,119,4
nuscenes,scene-0103_028,roll,2.0,far>30m,23,11,1019.2817319192743,23,1
nuscenes,scene-0103_028,roll,3.0,mid15-30m,119,81,8062.738739543027,119,4
nuscenes,scene-0103_028,roll,3.0,far>30m,23,4,1528.5608468604953,23,1
nuscenes,scene-0103_028,tx,2.0,mid15-30m,119,119,153.42768377069902,119,4
nuscenes,scene-0103_028,tx,2.0,far>30m,23,23,15.755527395754259,23,1
nuscenes,scene-0103_028,tx,5.0,mid15-30m,119,119,383.57595250324164,119,4
nuscenes,scene-0103_028,tx,5.0,far>30m,23,23,39.38917759925041,23,1
nuscenes,scene-0103_028,tx,10.0,mid15-30m,119,119,767.1743830087843,119,4
nuscenes,scene-0103_028,tx,10.0,far>30m,23,23,78.77955226053811,23,1
nuscenes,scene-0103_028,ty,2.0,mid15-30m,119,119,60.584125326808206,119,4
nuscenes,scene-0103_028,ty,2.0,far>30m,23,23,3.400896437130167,23,1
nuscenes,scene-0103_028,ty,5.0,mid15-30m,119,119,151.2105141656279,119,4
nuscenes,scene-0103_028,ty,5.0,far>30m,23,23,8.495234542554496,23,1
nuscenes,scene-0103_028,ty,10.0,mid15-30m,119,119,301.5920982262175,119,4
nuscenes,scene-0103_028,ty,10.0,far>30m,23,23,16.96716525077755,23,1
nuscenes,scene-0103_028,tz,2.0,mid15-30m,119,119,154.1796867358514,119,4
nuscenes,scene-0103_028,tz,2.0,far>30m,23,23,15.801383788670973,23,1
nuscenes,scene-0103_028,tz,5.0,mid15-30m,119,119,385.415884496996,119,4
nuscenes,scene-0103_028,tz,5.0,far>30m,23,23,39.50168852604934,23,1
nuscenes,scene-0103_028,tz,10.0,mid15-30m,119,119,770.7206874581026,119,4
nuscenes,scene-0103_028,tz,10.0,far>30m,23,23,78.99747460687266,23,1
nuscenes,scene-0103_029,none,0.0,mid15-30m,152,152,0.0,152,3
nuscenes,scene-0103_029,none,0.0,far>30m,26,26,0.0,26,1
nuscenes,scene-0103_029,yaw,0.5,mid15-30m,152,149,2039.067401748583,152,3
nuscenes,scene-0103_029,yaw,0.5,far>30m,26,26,304.3859815205978,26,1
nuscenes,scene-0103_029,yaw,1.0,mid15-30m,152,140,4084.7627010697925,152,3
nuscenes,scene-0103_029,yaw,1.0,far>30m,26,26,610.0351674468077,26,1
nuscenes,scene-0103_029,yaw,2.0,mid15-30m,152,123,8198.144424329052,152,3
nuscenes,scene-0103_029,yaw,2.0,far>30m,26,23,1225.3475054549838,26,1
nuscenes,scene-0103_029,yaw,3.0,mid15-30m,152,100,12344.439119500179,152,3
nuscenes,scene-0103_029,yaw,3.0,far>30m,26,20,1846.3949410430766,26,1
nuscenes,scene-0103_029,pitch,0.5,mid15-30m,152,152,704.1989735176619,152,3
nuscenes,scene-0103_029,pitch,0.5,far>30m,26,26,67.76357959964668,26,1
nuscenes,scene-0103_029,pitch,1.0,mid15-30m,152,151,1408.2890140830118,152,3
nuscenes,scene-0103_029,pitch,1.0,far>30m,26,26,135.5177501884,26,1
nuscenes,scene-0103_029,pitch,2.0,mid15-30m,152,137,2816.0885109948654,152,3
nuscenes,scene-0103_029,pitch,2.0,far>30m,26,26,270.9927850583008,26,1
nuscenes,scene-0103_029,pitch,3.0,mid15-30m,152,132,4223.291105593134,152,3
nuscenes,scene-0103_029,pitch,3.0,far>30m,26,26,406.41496194553315,26,1
nuscenes,scene-0103_029,roll,0.5,mid15-30m,152,151,1734.8865301284404,152,3
nuscenes,scene-0103_029,roll,0.5,far>30m,26,26,288.57388936378067,26,1
nuscenes,scene-0103_029,roll,1.0,mid15-30m,152,147,3466.2459306489745,152,3
nuscenes,scene-0103_029,roll,1.0,far>30m,26,26,576.958948328776,26,1
nuscenes,scene-0103_029,roll,2.0,mid15-30m,152,139,6919.599676864129,152,3
nuscenes,scene-0103_029,roll,2.0,far>30m,26,13,1153.346227908757,26,1
nuscenes,scene-0103_029,roll,3.0,mid15-30m,152,111,10362.473646833707,152,3
nuscenes,scene-0103_029,roll,3.0,far>30m,26,13,1729.5283684954259,26,1
nuscenes,scene-0103_029,tx,2.0,mid15-30m,152,152,228.7350445638407,152,3
nuscenes,scene-0103_029,tx,2.0,far>30m,26,26,19.508507448602938,26,1
nuscenes,scene-0103_029,tx,5.0,mid15-30m,152,152,571.849128500922,152,3
nuscenes,scene-0103_029,tx,5.0,far>30m,26,26,48.77174534602334,26,1
nuscenes,scene-0103_029,tx,10.0,mid15-30m,152,152,1143.7366494281976,152,3
nuscenes,scene-0103_029,tx,10.0,far>30m,26,26,97.54507981528579,26,1
nuscenes,scene-0103_029,ty,2.0,mid15-30m,152,152,100.3964118498771,152,3
nuscenes,scene-0103_029,ty,2.0,far>30m,26,26,4.674056417756216,26,1
nuscenes,scene-0103_029,ty,5.0,mid15-30m,152,152,250.50583664197612,152,3
nuscenes,scene-0103_029,ty,5.0,far>30m,26,26,11.674575669572354,26,1
nuscenes,scene-0103_029,ty,10.0,mid15-30m,152,152,499.40290457174206,152,3
nuscenes,scene-0103_029,ty,10.0,far>30m,26,26,23.314018400492177,26,1
nuscenes,scene-0103_029,tz,2.0,mid15-30m,152,152,230.18595753507,152,3
nuscenes,scene-0103_029,tz,2.0,far>30m,26,26,19.571817053588095,26,1
nuscenes,scene-0103_029,tz,5.0,mid15-30m,152,152,575.4059625280636,152,3
nuscenes,scene-0103_029,tz,5.0,far>30m,26,26,48.92711191609705,26,1
nuscenes,scene-0103_029,tz,10.0,mid15-30m,152,151,1150.615542556292,152,3
nuscenes,scene-0103_029,tz,10.0,far>30m,26,26,97.84612251511317,26,1
nuscenes,scene-0103_030,none,0.0,mid15-30m,203,203,0.0,203,4
nuscenes,scene-0103_030,none,0.0,far>30m,45,45,0.0,45,1
nuscenes,scene-0103_030,yaw,0.5,mid15-30m,203,195,2681.743666872884,203,4
nuscenes,scene-0103_030,yaw,0.5,far>30m,45,45,534.4186984245763,45,1
nuscenes,scene-0103_030,yaw,1.0,mid15-30m,203,184,5361.889618518569,203,4
nuscenes,scene-0103_030,yaw,1.0,far>30m,45,44,1071.3360810256981,45,1
nuscenes,scene-0103_030,yaw,2.0,mid15-30m,203,163,10720.008224097477,203,4
nuscenes,scene-0103_030,yaw,2.0,far>30m,45,41,2153.0769121578905,45,1
nuscenes,scene-0103_030,yaw,3.0,mid15-30m,203,141,16079.609192650869,203,4
nuscenes,scene-0103_030,yaw,3.0,far>30m,45,38,3246.061089183316,45,1
nuscenes,scene-0103_030,pitch,0.5,mid15-30m,203,190,884.8491714180021,203,4
nuscenes,scene-0103_030,pitch,0.5,far>30m,45,45,132.11391017080604,45,1
nuscenes,scene-0103_030,pitch,1.0,mid15-30m,203,189,1769.660655791846,203,4
nuscenes,scene-0103_030,pitch,1.0,far>30m,45,45,264.207731855249,45,1
nuscenes,scene-0103_030,pitch,2.0,mid15-30m,203,188,3539.102189231504,203,4
nuscenes,scene-0103_030,pitch,2.0,far>30m,45,45,528.3252693384178,45,1
nuscenes,scene-0103_030,pitch,3.0,mid15-30m,203,188,5308.187894979978,203,4
nuscenes,scene-0103_030,pitch,3.0,far>30m,45,45,792.3329656881347,45,1
nuscenes,scene-0103_030,roll,0.5,mid15-30m,203,201,2318.251595430066,203,4
nuscenes,scene-0103_030,roll,0.5,far>30m,45,45,499.596554514974,45,1
nuscenes,scene-0103_030,roll,1.0,mid15-30m,203,180,4632.551501761999,203,4
nuscenes,scene-0103_030,roll,1.0,far>30m,45,38,998.9411964721456,45,1
nuscenes,scene-0103_030,roll,2.0,mid15-30m,203,165,9250.907564902824,203,4
nuscenes,scene-0103_030,roll,2.0,far>30m,45,38,1997.194531839012,45,1
nuscenes,scene-0103_030,roll,3.0,mid15-30m,203,138,13858.268434844163,203,4
nuscenes,scene-0103_030,roll,3.0,far>30m,45,19,2995.3987005909303,45,1
nuscenes,scene-0103_030,tx,2.0,mid15-30m,203,203,327.39337886706664,203,4
nuscenes,scene-0103_030,tx,2.0,far>30m,45,45,36.93489747200758,45,1
nuscenes,scene-0103_030,tx,5.0,mid15-30m,203,203,818.5017099497381,203,4
nuscenes,scene-0103_030,tx,5.0,far>30m,45,44,92.33825892134678,45,1
nuscenes,scene-0103_030,tx,10.0,mid15-30m,203,203,1637.0642995787437,203,4
nuscenes,scene-0103_030,tx,10.0,far>30m,45,44,184.67990207998258,45,1
nuscenes,scene-0103_030,ty,2.0,mid15-30m,203,203,134.37110202114056,203,4
nuscenes,scene-0103_030,ty,2.0,far>30m,45,45,9.977929367673816,45,1
nuscenes,scene-0103_030,ty,5.0,mid15-30m,203,203,335.2370458235157,203,4
nuscenes,scene-0103_030,ty,5.0,far>30m,45,45,24.920136415718773,45,1
nuscenes,scene-0103_030,ty,10.0,mid15-30m,203,203,668.1846218599857,203,4
nuscenes,scene-0103_030,ty,10.0,far>30m,45,45,49.75820026127573,45,1
nuscenes,scene-0103_030,tz,2.0,mid15-30m,203,203,328.2750912896663,203,4
nuscenes,scene-0103_030,tz,2.0,far>30m,45,45,37.05255477691693,45,1
nuscenes,scene-0103_030,tz,5.0,mid15-30m,203,203,820.5977378640135,203,4
nuscenes,scene-0103_030,tz,5.0,far>30m,45,45,92.62638151950983,45,1
nuscenes,scene-0103_030,tz,10.0,mid15-30m,203,203,1640.8955983781007,203,4
nuscenes,scene-0103_030,tz,10.0,far>30m,45,45,185.23608070772468,45,1
nuscenes,scene-0103_031,none,0.0,mid15-30m,146,146,0.0,146,5
nuscenes,scene-0103_031,none,0.0,near<15m,176,176,0.0,176,2
nuscenes,scene-0103_031,yaw,0.5,mid15-30m,146,146,1808.9115055298316,146,5
nuscenes,scene-0103_031,yaw,0.5,near<15m,176,173,2530.3666522336353,176,2
nuscenes,scene-0103_031,yaw,1.0,mid15-30m,146,143,3614.446267084756,146,5
nuscenes,scene-0103_031,yaw,1.0,near<15m,176,168,5049.861025375096,176,2
nuscenes,scene-0103_031,yaw,2.0,mid15-30m,146,124,7216.884568751695,146,5
nuscenes,scene-0103_031,yaw,2.0,near<15m,176,158,10059.103878288926,176,2
nuscenes,scene-0103_031,yaw,3.0,mid15-30m,146,98,10810.290952958117,146,5
nuscenes,scene-0103_031,yaw,3.0,near<15m,176,142,15033.39090009086,176,2
nuscenes,scene-0103_031,pitch,0.5,mid15-30m,146,146,500.9420806032989,146,5
nuscenes,scene-0103_031,pitch,0.5,near<15m,176,175,990.0066797184618,176,2
nuscenes,scene-0103_031,pitch,1.0,mid15-30m,146,146,1001.8990885164333,146,5
nuscenes,scene-0103_031,pitch,1.0,near<15m,176,175,1980.0901128023638,176,2
nuscenes,scene-0103_031,pitch,2.0,mid15-30m,146,144,2003.8191524051665,146,5
nuscenes,scene-0103_031,pitch,2.0,near<15m,176,175,3960.4089192825068,176,2
nuscenes,scene-0103_031,pitch,3.0,mid15-30m,146,141,3005.6826795376182,146,5
nuscenes,scene-0103_031,pitch,3.0,near<15m,176,160,5940.79959652837,176,2
nuscenes,scene-0103_031,roll,0.5,mid15-30m,146,144,1646.7013530418108,146,5
nuscenes,scene-0103_031,roll,0.5,near<15m,176,164,2051.048580494729,176,2
nuscenes,scene-0103_031,roll,1.0,mid15-30m,146,137,3291.633162886622,146,5
nuscenes,scene-0103_031,roll,1.0,near<15m,176,161,4097.290578277795,176,2
nuscenes,scene-0103_031,roll,2.0,mid15-30m,146,120,6577.28267296887,146,5
nuscenes,scene-0103_031,roll,2.0,near<15m,176,150,8176.874073330416,176,2
nuscenes,scene-0103_031,roll,3.0,mid15-30m,146,96,9859.128471827382,146,5
nuscenes,scene-0103_031,roll,3.0,near<15m,176,143,12241.759917724108,176,2
nuscenes,scene-0103_031,tx,2.0,mid15-30m,146,146,184.86430329711317,146,5
nuscenes,scene-0103_031,tx,2.0,near<15m,176,174,397.59922076639725,176,2
nuscenes,scene-0103_031,tx,5.0,mid15-30m,146,145,462.1691545098215,146,5
nuscenes,scene-0103_031,tx,5.0,near<15m,176,172,994.029028821737,176,2
nuscenes,scene-0103_031,tx,10.0,mid15-30m,146,144,924.3662980157359,146,5
nuscenes,scene-0103_031,tx,10.0,near<15m,176,170,1988.1613227575076,176,2
nuscenes,scene-0103_031,ty,2.0,mid15-30m,146,146,58.38103645712107,146,5
nuscenes,scene-0103_031,ty,2.0,near<15m,176,176,202.2711027557856,176,2
nuscenes,scene-0103_031,ty,5.0,mid15-30m,146,146,145.7149956710013,146,5
nuscenes,scene-0103_031,ty,5.0,near<15m,176,176,504.28288212150807,176,2
nuscenes,scene-0103_031,ty,10.0,mid15-30m,146,146,290.6416398399464,146,5
nuscenes,scene-0103_031,ty,10.0,near<15m,176,176,1003.9509367489267,176,2
nuscenes,scene-0103_031,tz,2.0,mid15-30m,146,146,184.90687484331593,146,5
nuscenes,scene-0103_031,tz,2.0,near<15m,176,175,398.0520868776618,176,2
nuscenes,scene-0103_031,tz,5.0,mid15-30m,146,144,462.2263742658016,146,5
nuscenes,scene-0103_031,tz,5.0,near<15m,176,175,994.9795641729042,176,2
nuscenes,scene-0103_031,tz,10.0,mid15-30m,146,144,924.3167397173377,146,5
nuscenes,scene-0103_031,tz,10.0,near<15m,176,164,1989.457158567471,176,2
nuscenes,scene-0103_032,none,0.0,near<15m,204,204,0.0,204,3
nuscenes,scene-0103_032,none,0.0,mid15-30m,143,143,0.0,143,4
nuscenes,scene-0103_032,none,0.0,far>30m,10,10,0.0,10,1
nuscenes,scene-0103_032,yaw,0.5,near<15m,204,200,2885.9603948395165,204,3
nuscenes,scene-0103_032,yaw,0.5,mid15-30m,143,142,1768.4777399878758,143,4
nuscenes,scene-0103_032,yaw,0.5,far>30m,10,10,117.86677358867587,10,1
nuscenes,scene-0103_032,yaw,1.0,near<15m,204,191,5757.0167420243215,204,3
nuscenes,scene-0103_032,yaw,1.0,mid15-30m,143,138,3541.4289486401576,143,4
nuscenes,scene-0103_032,yaw,1.0,far>30m,10,10,236.25445505479246,10,1
nuscenes,scene-0103_032,yaw,2.0,near<15m,204,171,11457.587069510166,204,3
nuscenes,scene-0103_032,yaw,2.0,mid15-30m,143,122,7102.235967854626,143,4
nuscenes,scene-0103_032,yaw,2.0,far>30m,10,10,474.681043802846,10,1
nuscenes,scene-0103_032,yaw,3.0,near<15m,204,148,17107.94295571255,204,3
nuscenes,scene-0103_032,yaw,3.0,mid15-30m,143,92,10685.430344274144,143,4
nuscenes,scene-0103_032,yaw,3.0,far>30m,10,8,715.4605968430119,10,1
nuscenes,scene-0103_032,pitch,0.5,near<15m,204,204,1091.367543018317,204,3
nuscenes,scene-0103_032,pitch,0.5,mid15-30m,143,143,503.7873283821648,143,4
nuscenes,scene-0103_032,pitch,0.5,far>30m,10,10,27.69156039223065,10,1
nuscenes,scene-0103_032,pitch,1.0,near<15m,204,203,2182.8418155784834,204,3
nuscenes,scene-0103_032,pitch,1.0,mid15-30m,143,137,1007.5167131381932,143,4
nuscenes,scene-0103_032,pitch,1.0,far>30m,10,10,55.379102463279956,10,1
nuscenes,scene-0103_032,pitch,2.0,near<15m,204,189,4366.023904340881,204,3
nuscenes,scene-0103_032,pitch,2.0,mid15-30m,143,137,2014.7636149364703,143,4
nuscenes,scene-0103_032,pitch,2.0,far>30m,10,10,110.74005032475203,10,1
nuscenes,scene-0103_032,pitch,3.0,near<15m,204,186,6549.372732090073,204,3
nuscenes,scene-0103_032,pitch,3.0,mid15-30m,143,133,3021.664726082452,143,4
nuscenes,scene-0103_032,pitch,3.0,far>30m,10,10,166.07868778596907,10,1
nuscenes,scene-0103_032,roll,0.5,near<15m,204,204,2379.4454084111303,204,3
nuscenes,scene-0103_032,roll,0.5,mid15-30m,143,142,1605.0554803082543,143,4
nuscenes,scene-0103_032,roll,0.5,far>30m,10,10,111.01849668199378,10,1
nuscenes,scene-0103_032,roll,1.0,near<15m,204,204,4753.277522003707,204,3
nuscenes,scene-0103_032,roll,1.0,mid15-30m,143,133,3208.5280453504197,143,4
nuscenes,scene-0103_032,roll,1.0,far>30m,10,10,221.94323283372012,10,1
nuscenes,scene-0103_032,roll,2.0,near<15m,204,191,9485.857601119471,204,3
nuscenes,scene-0103_032,roll,2.0,mid15-30m,143,117,6411.783974097814,143,4
nuscenes,scene-0103_032,roll,2.0,far>30m,10,2,443.58229660847365,10,1
nuscenes,scene-0103_032,roll,3.0,near<15m,204,184,14201.217486818803,204,3
nuscenes,scene-0103_032,roll,3.0,mid15-30m,143,87,9611.878993474804,143,4
nuscenes,scene-0103_032,roll,3.0,far>30m,10,2,665.058507369665,10,1
nuscenes,scene-0103_032,tx,2.0,near<15m,204,204,473.0083853443277,204,3
nuscenes,scene-0103_032,tx,2.0,mid15-30m,143,143,173.11046167293136,143,4
nuscenes,scene-0103_032,tx,2.0,far>30m,10,10,7.958761249943466,10,1
nuscenes,scene-0103_032,tx,5.0,near<15m,204,201,1182.5579773014986,204,3
nuscenes,scene-0103_032,tx,5.0,mid15-30m,143,142,432.7832285543699,143,4
nuscenes,scene-0103_032,tx,5.0,far>30m,10,10,19.897111764885008,10,1
nuscenes,scene-0103_032,tx,10.0,near<15m,204,199,2365.2393450440536,204,3
nuscenes,scene-0103_032,tx,10.0,mid15-30m,143,142,865.5900394059477,143,4
nuscenes,scene-0103_032,tx,10.0,far>30m,10,10,39.794919016009516,10,1
nuscenes,scene-0103_032,ty,2.0,near<15m,204,204,231.29735588596125,204,3
nuscenes,scene-0103_032,ty,2.0,mid15-30m,143,143,55.81593584482033,143,4
nuscenes,scene-0103_032,ty,2.0,far>30m,10,10,2.018572345068966,10,1
nuscenes,scene-0103_032,ty,5.0,near<15m,204,204,576.5755605159583,204,3
nuscenes,scene-0103_032,ty,5.0,mid15-30m,143,143,139.33171050891832,143,4
nuscenes,scene-0103_032,ty,5.0,far>30m,10,10,5.041602355341915,10,1
nuscenes,scene-0103_032,ty,10.0,near<15m,204,204,1147.6356742552416,204,3
nuscenes,scene-0103_032,ty,10.0,mid15-30m,143,143,277.9724860337756,143,4
nuscenes,scene-0103_032,ty,10.0,far>30m,10,10,10.067150761636718,10,1
nuscenes,scene-0103_032,tz,2.0,near<15m,204,204,473.49666415806155,204,3
nuscenes,scene-0103_032,tz,2.0,mid15-30m,143,143,173.61308070791034,143,4
nuscenes,scene-0103_032,tz,2.0,far>30m,10,10,7.990696210783658,10,1
nuscenes,scene-0103_032,tz,5.0,near<15m,204,204,1183.5566971470025,204,3
nuscenes,scene-0103_032,tz,5.0,mid15-30m,143,143,433.9972702595147,143,4
nuscenes,scene-0103_032,tz,5.0,far>30m,10,10,19.975694306674075,10,1
nuscenes,scene-0103_032,tz,10.0,near<15m,204,204,2366.4971154485447,204,3
nuscenes,scene-0103_032,tz,10.0,mid15-30m,143,143,867.8764619203826,143,4
nuscenes,scene-0103_032,tz,10.0,far>30m,10,10,39.9479017003271,10,1
nuscenes,scene-0103_033,none,0.0,mid15-30m,258,258,0.0,258,4
nuscenes,scene-0103_033,none,0.0,near<15m,158,158,0.0,158,2
nuscenes,scene-0103_033,yaw,0.5,mid15-30m,258,257,3303.855243083354,258,4
nuscenes,scene-0103_033,yaw,0.5,near<15m,158,152,2341.535365932591,158,2
nuscenes,scene-0103_033,yaw,1.0,mid15-30m,258,253,6613.901311316324,258,4
nuscenes,scene-0103_033,yaw,1.0,near<15m,158,144,4674.33022833187,158,2
nuscenes,scene-0103_033,yaw,2.0,mid15-30m,258,238,13255.576830968683,258,4
nuscenes,scene-0103_033,yaw,2.0,near<15m,158,120,9316.53063159616,158,2
nuscenes,scene-0103_033,yaw,3.0,mid15-30m,258,209,19931.114965643697,258,4
nuscenes,scene-0103_033,yaw,3.0,near<15m,158,101,13932.21059389201,158,2
nuscenes,scene-0103_033,pitch,0.5,mid15-30m,258,258,1048.9734461934163,258,4
nuscenes,scene-0103_033,pitch,0.5,near<15m,158,158,947.4819835121714,158,2
nuscenes,scene-0103_033,pitch,1.0,mid15-30m,258,256,2097.84756271702,258,4
nuscenes,scene-0103_033,pitch,1.0,near<15m,158,157,1895.0165740708317,158,2
nuscenes,scene-0103_033,pitch,2.0,mid15-30m,258,249,4195.218158860527,258,4
nuscenes,scene-0103_033,pitch,2.0,near<15m,158,156,3790.1687079212206,158,2
nuscenes,scene-0103_033,pitch,3.0,mid15-30m,258,233,6291.952647287735,258,4
nuscenes,scene-0103_033,pitch,3.0,near<15m,158,153,5685.306527676879,158,2
nuscenes,scene-0103_033,roll,0.5,mid15-30m,258,258,2911.456124128431,258,4
nuscenes,scene-0103_033,roll,0.5,near<15m,158,158,1861.6470867801002,158,2
nuscenes,scene-0103_033,roll,1.0,mid15-30m,258,247,5819.442013101743,258,4
nuscenes,scene-0103_033,roll,1.0,near<15m,158,158,3718.2572453263647,158,2
nuscenes,scene-0103_033,roll,2.0,mid15-30m,258,214,11626.967285270264,258,4
nuscenes,scene-0103_033,roll,2.0,near<15m,158,155,7417.788873129707,158,2
nuscenes,scene-0103_033,roll,3.0,mid15-30m,258,176,17426.48591605259,258,4
nuscenes,scene-0103_033,roll,3.0,near<15m,158,154,11101.407566923059,158,2
nuscenes,scene-0103_033,tx,2.0,mid15-30m,258,258,367.07326682173414,258,4
nuscenes,scene-0103_033,tx,2.0,near<15m,158,156,435.4911215184422,158,2
nuscenes,scene-0103_033,tx,5.0,mid15-30m,258,257,917.7003156871697,258,4
nuscenes,scene-0103_033,tx,5.0,near<15m,158,155,1088.7657855484274,158,2
nuscenes,scene-0103_033,tx,10.0,mid15-30m,258,257,1835.4577964563343,258,4
nuscenes,scene-0103_033,tx,10.0,near<15m,158,152,2177.6581888464384,158,2
nuscenes,scene-0103_033,ty,2.0,mid15-30m,258,258,137.04435400054223,258,4
nuscenes,scene-0103_033,ty,2.0,near<15m,158,158,236.20872529862567,158,2
nuscenes,scene-0103_033,ty,5.0,mid15-30m,258,258,341.9999092379325,258,4
nuscenes,scene-0103_033,ty,5.0,near<15m,158,158,588.5625232964827,158,2
nuscenes,scene-0103_033,ty,10.0,mid15-30m,258,258,681.9732726221462,258,4
nuscenes,scene-0103_033,ty,10.0,near<15m,158,158,1170.6521587189682,158,2
nuscenes,scene-0103_033,tz,2.0,mid15-30m,258,258,368.0191020781361,258,4
nuscenes,scene-0103_033,tz,2.0,near<15m,158,158,436.6395674846648,158,2
nuscenes,scene-0103_033,tz,5.0,mid15-30m,258,258,919.9589208932664,258,4
nuscenes,scene-0103_033,tz,5.0,near<15m,158,158,1091.4021519159853,158,2
nuscenes,scene-0103_033,tz,10.0,mid15-30m,258,258,1839.6218069892134,258,4
nuscenes,scene-0103_033,tz,10.0,near<15m,158,158,2182.148733155184,158,2
nuscenes,scene-0103_034,none,0.0,mid15-30m,273,273,0.0,273,4
nuscenes,scene-0103_034,none,0.0,near<15m,151,151,0.0,151,1
nuscenes,scene-0103_034,yaw,0.5,mid15-30m,273,264,3698.0404765403587,273,4
nuscenes,scene-0103_034,yaw,0.5,near<15m,151,150,2130.5965627224705,151,1
nuscenes,scene-0103_034,yaw,1.0,mid15-30m,273,257,7415.9370686969105,273,4
nuscenes,scene-0103_034,yaw,1.0,near<15m,151,147,4243.046868890519,151,1
nuscenes,scene-0103_034,yaw,2.0,mid15-30m,273,234,14915.237267307783,273,4
nuscenes,scene-0103_034,yaw,2.0,near<15m,151,140,8415.786879140142,151,1
nuscenes,scene-0103_034,yaw,3.0,mid15-30m,273,202,22505.983825450046,273,4
nuscenes,scene-0103_034,yaw,3.0,near<15m,151,130,12522.628206371543,151,1
nuscenes,scene-0103_034,pitch,0.5,mid15-30m,273,273,1325.0774177319113,273,4
nuscenes,scene-0103_034,pitch,0.5,near<15m,151,151,804.3123980541588,151,1
nuscenes,scene-0103_034,pitch,1.0,mid15-30m,273,273,2649.8871053627995,273,4
nuscenes,scene-0103_034,pitch,1.0,near<15m,151,151,1608.7872511939795,151,1
nuscenes,scene-0103_034,pitch,2.0,mid15-30m,273,272,5298.604408852939,273,4
nuscenes,scene-0103_034,pitch,2.0,near<15m,151,140,3218.159513793633,151,1
nuscenes,scene-0103_034,pitch,3.0,mid15-30m,273,264,7945.954609910755,273,4
nuscenes,scene-0103_034,pitch,3.0,near<15m,151,136,4827.98682929943,151,1
nuscenes,scene-0103_034,roll,0.5,mid15-30m,273,273,3082.67993228717,273,4
nuscenes,scene-0103_034,roll,0.5,near<15m,151,151,1769.7378166705435,151,1
nuscenes,scene-0103_034,roll,1.0,mid15-30m,273,251,6161.5601859307735,273,4
nuscenes,scene-0103_034,roll,1.0,near<15m,151,151,3535.1329331192883,151,1
nuscenes,scene-0103_034,roll,2.0,mid15-30m,273,228,12310.052157923792,273,4
nuscenes,scene-0103_034,roll,2.0,near<15m,151,145,7054.208850784476,151,1
nuscenes,scene-0103_034,roll,3.0,mid15-30m,273,214,18449.716834858467,273,4
nuscenes,scene-0103_034,roll,3.0,near<15m,151,145,10559.828495032118,151,1
nuscenes,scene-0103_034,tx,2.0,mid15-30m,273,273,419.42444096777666,273,4
nuscenes,scene-0103_034,tx,2.0,near<15m,151,151,386.9095100979388,151,1
nuscenes,scene-0103_034,tx,5.0,mid15-30m,273,273,1048.5818130647672,273,4
nuscenes,scene-0103_034,tx,5.0,near<15m,151,151,967.3050682689491,151,1
nuscenes,scene-0103_034,tx,10.0,mid15-30m,273,272,2097.232665322084,273,4
nuscenes,scene-0103_034,tx,10.0,near<15m,151,149,1934.7144557246772,151,1
nuscenes,scene-0103_034,ty,2.0,mid15-30m,273,273,191.51504970114937,273,4
nuscenes,scene-0103_034,ty,2.0,near<15m,151,151,187.9214252270708,151,1
nuscenes,scene-0103_034,ty,5.0,mid15-30m,273,273,477.8630999416992,273,4
nuscenes,scene-0103_034,ty,5.0,near<15m,151,151,468.3414420456103,151,1
nuscenes,scene-0103_034,ty,10.0,mid15-30m,273,273,952.6605327535515,273,4
nuscenes,scene-0103_034,ty,10.0,near<15m,151,151,931.8498052683184,151,1
nuscenes,scene-0103_034,tz,2.0,mid15-30m,273,273,421.56281880587085,273,4
nuscenes,scene-0103_034,tz,2.0,near<15m,151,151,386.8404622674668,151,1
nuscenes,scene-0103_034,tz,5.0,mid15-30m,273,273,1053.797415757494,273,4
nuscenes,scene-0103_034,tz,5.0,near<15m,151,151,966.9364485715312,151,1
nuscenes,scene-0103_034,tz,10.0,mid15-30m,273,273,2107.229497349524,273,4
nuscenes,scene-0103_034,tz,10.0,near<15m,151,151,1933.3241257226016,151,1
nuscenes,scene-0103_035,none,0.0,far>30m,18,18,0.0,18,1
nuscenes,scene-0103_035,none,0.0,mid15-30m,96,96,0.0,96,3
nuscenes,scene-0103_035,none,0.0,near<15m,291,291,0.0,291,3
nuscenes,scene-0103_035,yaw,0.5,far>30m,18,17,215.82424325419785,18,1
nuscenes,scene-0103_035,yaw,0.5,mid15-30m,96,93,1218.4621059288495,96,3
nuscenes,scene-0103_035,yaw,0.5,near<15m,291,280,4207.6255843844265,291,3
nuscenes,scene-0103_035,yaw,1.0,far>30m,18,15,432.7469300900966,18,1
nuscenes,scene-0103_035,yaw,1.0,mid15-30m,96,91,2439.8574658363464,96,3
nuscenes,scene-0103_035,yaw,1.0,near<15m,291,268,8411.083378645551,291,3
nuscenes,scene-0103_035,yaw,2.0,far>30m,18,8,870.0580032337589,18,1
nuscenes,scene-0103_035,yaw,2.0,mid15-30m,96,84,4892.54277624317,96,3
nuscenes,scene-0103_035,yaw,2.0,near<15m,291,231,16810.43959486415,291,3
nuscenes,scene-0103_035,yaw,3.0,far>30m,18,4,1312.2822019278715,18,1
nuscenes,scene-0103_035,yaw,3.0,mid15-30m,96,68,7360.276509819041,96,3
nuscenes,scene-0103_035,yaw,3.0,near<15m,291,183,25207.966288044357,291,3
nuscenes,scene-0103_035,pitch,0.5,far>30m,18,18,57.31671879936665,18,1
nuscenes,scene-0103_035,pitch,0.5,mid15-30m,96,95,374.75824424981073,96,3
nuscenes,scene-0103_035,pitch,0.5,near<15m,291,291,1665.0237410916286,291,3
nuscenes,scene-0103_035,pitch,1.0,far>30m,18,18,114.62404736781266,18,1
nuscenes,scene-0103_035,pitch,1.0,mid15-30m,96,95,749.4698336546392,96,3
nuscenes,scene-0103_035,pitch,1.0,near<15m,291,291,3330.0165471934897,291,3
nuscenes,scene-0103_035,pitch,2.0,far>30m,18,18,229.20624627184765,18,1
nuscenes,scene-0103_035,pitch,2.0,mid15-30m,96,95,1498.724600436966,96,3
nuscenes,scene-0103_035,pitch,2.0,near<15m,291,273,6659.7810020633815,291,3
nuscenes,scene-0103_035,pitch,3.0,far>30m,18,18,343.7380377514496,18,1
nuscenes,scene-0103_035,pitch,3.0,mid15-30m,96,95,2247.707482612456,96,3
nuscenes,scene-0103_035,pitch,3.0,near<15m,291,272,9989.03665276572,291,3
nuscenes,scene-0103_035,roll,0.5,far>30m,18,18,199.45293129992123,18,1
nuscenes,scene-0103_035,roll,0.5,mid15-30m,96,95,1080.085283999003,96,3
nuscenes,scene-0103_035,roll,0.5,near<15m,291,291,3356.410016514837,291,3
nuscenes,scene-0103_035,roll,1.0,far>30m,18,18,398.7588547701869,18,1
nuscenes,scene-0103_035,roll,1.0,mid15-30m,96,82,2158.7603264664776,96,3
nuscenes,scene-0103_035,roll,1.0,near<15m,291,272,6706.8552578532435,291,3
nuscenes,scene-0103_035,roll,2.0,far>30m,18,12,797.0575813813401,18,1
nuscenes,scene-0103_035,roll,2.0,mid15-30m,96,76,4312.603128826654,96,3
nuscenes,scene-0103_035,roll,2.0,near<15m,291,268,13392.30744287158,291,3
nuscenes,scene-0103_035,roll,3.0,far>30m,18,5,1195.151350311647,18,1
nuscenes,scene-0103_035,roll,3.0,mid15-30m,96,68,6462.967818930465,96,3
nuscenes,scene-0103_035,roll,3.0,near<15m,291,258,20061.233500127997,291,3
nuscenes,scene-0103_035,tx,2.0,far>30m,18,18,14.124066744603656,18,1
nuscenes,scene-0103_035,tx,2.0,mid15-30m,96,96,126.18385120986306,96,3
nuscenes,scene-0103_035,tx,2.0,near<15m,291,288,659.6470451475651,291,3
nuscenes,scene-0103_035,tx,5.0,far>30m,18,18,35.310517882108456,18,1
nuscenes,scene-0103_035,tx,5.0,mid15-30m,96,96,315.4649798432681,96,3
nuscenes,scene-0103_035,tx,5.0,near<15m,291,287,1649.1663674077752,291,3
nuscenes,scene-0103_035,tx,10.0,far>30m,18,18,70.6222058639295,18,1
nuscenes,scene-0103_035,tx,10.0,mid15-30m,96,96,630.947799902739,96,3
nuscenes,scene-0103_035,tx,10.0,near<15m,291,281,3298.4952632549357,291,3
nuscenes,scene-0103_035,ty,2.0,far>30m,18,18,4.118507781827444,18,1
nuscenes,scene-0103_035,ty,2.0,mid15-30m,96,96,45.737774729675536,96,3
nuscenes,scene-0103_035,ty,2.0,near<15m,291,291,343.08832107931875,291,3
nuscenes,scene-0103_035,ty,5.0,far>30m,18,18,10.286579379153638,18,1
nuscenes,scene-0103_035,ty,5.0,mid15-30m,96,95,114.15878177345947,96,3
nuscenes,scene-0103_035,ty,5.0,near<15m,291,291,855.3175711412941,291,3
nuscenes,scene-0103_035,ty,10.0,far>30m,18,18,20.54093951527139,18,1
nuscenes,scene-0103_035,ty,10.0,mid15-30m,96,95,227.70141628805942,96,3
nuscenes,scene-0103_035,ty,10.0,near<15m,291,291,1702.686381871772,291,3
nuscenes,scene-0103_035,tz,2.0,far>30m,18,18,14.180363164779413,18,1
nuscenes,scene-0103_035,tz,2.0,mid15-30m,96,96,126.65001230944361,96,3
nuscenes,scene-0103_035,tz,2.0,near<15m,291,291,660.8669111710074,291,3
nuscenes,scene-0103_035,tz,5.0,far>30m,18,18,35.44906533483335,18,1
nuscenes,scene-0103_035,tz,5.0,mid15-30m,96,96,316.5969474462783,96,3
nuscenes,scene-0103_035,tz,5.0,near<15m,291,291,1651.9120553860892,291,3
nuscenes,scene-0103_035,tz,10.0,far>30m,18,18,70.89198959794481,18,1
nuscenes,scene-0103_035,tz,10.0,mid15-30m,96,96,633.1003063148503,96,3
nuscenes,scene-0103_035,tz,10.0,near<15m,291,291,3302.9737329219934,291,3
nuscenes,scene-0103_036,none,0.0,far>30m,25,25,0.0,25,1
nuscenes,scene-0103_036,none,0.0,mid15-30m,161,161,0.0,161,4
nuscenes,scene-0103_036,none,0.0,near<15m,126,126,0.0,126,1
nuscenes,scene-0103_036,yaw,0.5,far>30m,25,25,304.78308128286346,25,1
nuscenes,scene-0103_036,yaw,0.5,mid15-30m,161,157,2144.294266989972,161,4
nuscenes,scene-0103_036,yaw,0.5,near<15m,126,126,1829.9042255505096,126,1
nuscenes,scene-0103_036,yaw,1.0,far>30m,25,23,611.2670269865721,25,1
nuscenes,scene-0103_036,yaw,1.0,mid15-30m,161,149,4296.148747475066,161,4
nuscenes,scene-0103_036,yaw,1.0,near<15m,126,126,3643.1114296740466,126,1
nuscenes,scene-0103_036,yaw,2.0,far>30m,25,16,1229.5886336262215,25,1
nuscenes,scene-0103_036,yaw,2.0,mid15-30m,161,136,8624.722228073753,161,4
nuscenes,scene-0103_036,yaw,2.0,near<15m,126,118,7221.503547542663,126,1
nuscenes,scene-0103_036,yaw,3.0,far>30m,25,8,1855.4801242693875,25,1
nuscenes,scene-0103_036,yaw,3.0,mid15-30m,161,118,12990.172118303366,161,4
nuscenes,scene-0103_036,yaw,3.0,near<15m,126,110,10739.172979533461,126,1
nuscenes,scene-0103_036,pitch,0.5,far>30m,25,25,87.1565070614399,25,1
nuscenes,scene-0103_036,pitch,0.5,mid15-30m,161,160,726.9073759476789,161,4
nuscenes,scene-0103_036,pitch,0.5,near<15m,126,126,721.2383530517869,126,1
nuscenes,scene-0103_036,pitch,1.0,far>30m,25,25,174.29776135184417,25,1
nuscenes,scene-0103_036,pitch,1.0,mid15-30m,161,160,1453.7029913681577,161,4
nuscenes,scene-0103_036,pitch,1.0,near<15m,126,126,1442.630334932095,126,1
nuscenes,scene-0103_036,pitch,2.0,far>30m,25,25,348.5279960976395,25,1
nuscenes,scene-0103_036,pitch,2.0,mid15-30m,161,153,2906.9038423192424,161,4
nuscenes,scene-0103_036,pitch,2.0,near<15m,126,126,2885.8169158739775,126,1
nuscenes,scene-0103_036,pitch,3.0,far>30m,25,25,522.6776995290207,25,1
nuscenes,scene-0103_036,pitch,3.0,mid15-30m,161,153,4359.492544903913,161,4
nuscenes,scene-0103_036,pitch,3.0,near<15m,126,125,4329.442882729226,126,1
nuscenes,scene-0103_036,roll,0.5,far>30m,25,25,277.5402329033166,25,1
nuscenes,scene-0103_036,roll,0.5,mid15-30m,161,161,1823.7051073407995,161,4
nuscenes,scene-0103_036,roll,0.5,near<15m,126,126,1486.651106753994,126,1
nuscenes,scene-0103_036,roll,1.0,far>30m,25,25,554.8426236572392,25,1
nuscenes,scene-0103_036,roll,1.0,mid15-30m,161,159,3644.378749621863,161,4
nuscenes,scene-0103_036,roll,1.0,near<15m,126,126,2969.4567838682588,126,1
nuscenes,scene-0103_036,roll,2.0,far>30m,25,18,1108.9135103673098,25,1
nuscenes,scene-0103_036,roll,2.0,mid15-30m,161,147,7277.890152232631,161,4
nuscenes,scene-0103_036,roll,2.0,near<15m,126,120,5924.660142255707,126,1
nuscenes,scene-0103_036,roll,3.0,far>30m,25,12,1662.5708270418502,25,1
nuscenes,scene-0103_036,roll,3.0,mid15-30m,161,136,10903.034346718916,161,4
nuscenes,scene-0103_036,roll,3.0,near<15m,126,116,8867.84247381442,126,1
nuscenes,scene-0103_036,tx,2.0,far>30m,25,25,21.905259798653724,25,1
nuscenes,scene-0103_036,tx,2.0,mid15-30m,161,161,253.90193646032952,161,4
nuscenes,scene-0103_036,tx,2.0,near<15m,126,125,362.00773076176455,126,1
nuscenes,scene-0103_036,tx,5.0,far>30m,25,25,54.763766723186656,25,1
nuscenes,scene-0103_036,tx,5.0,mid15-30m,161,161,634.7680262197692,161,4
nuscenes,scene-0103_036,tx,5.0,near<15m,126,124,905.0529248924338,126,1
nuscenes,scene-0103_036,tx,10.0,far>30m,25,25,109.52959093013204,25,1
nuscenes,scene-0103_036,tx,10.0,mid15-30m,161,161,1269.5800051571803,161,4
nuscenes,scene-0103_036,tx,10.0,near<15m,126,119,1810.21785432227,126,1
nuscenes,scene-0103_036,ty,2.0,far>30m,25,25,6.9946485222687755,25,1
nuscenes,scene-0103_036,ty,2.0,mid15-30m,161,161,107.23355667267285,161,4
nuscenes,scene-0103_036,ty,2.0,near<15m,126,126,188.34580267324498,126,1
nuscenes,scene-0103_036,ty,5.0,far>30m,25,25,17.468222603769533,25,1
nuscenes,scene-0103_036,ty,5.0,mid15-30m,161,161,267.55479108770936,161,4
nuscenes,scene-0103_036,ty,5.0,near<15m,126,126,469.2225464775932,126,1
nuscenes,scene-0103_036,ty,10.0,far>30m,25,25,34.87528816681054,25,1
nuscenes,scene-0103_036,ty,10.0,mid15-30m,161,161,533.3553034521015,161,4
nuscenes,scene-0103_036,ty,10.0,near<15m,126,126,933.0231553220266,126,1
nuscenes,scene-0103_036,tz,2.0,far>30m,25,25,22.00735656059193,25,1
nuscenes,scene-0103_036,tz,2.0,mid15-30m,161,161,255.18793601460152,161,4
nuscenes,scene-0103_036,tz,2.0,near<15m,126,126,361.80402689120336,126,1
nuscenes,scene-0103_036,tz,5.0,far>30m,25,25,55.01524768788766,25,1
nuscenes,scene-0103_036,tz,5.0,mid15-30m,161,161,637.9026686909235,161,4
nuscenes,scene-0103_036,tz,5.0,near<15m,126,126,904.3398880091538,126,1
nuscenes,scene-0103_036,tz,10.0,far>30m,25,25,110.02001792896584,25,1
nuscenes,scene-0103_036,tz,10.0,mid15-30m,161,161,1275.581497120154,161,4
nuscenes,scene-0103_036,tz,10.0,near<15m,126,126,1808.112800481382,126,1
nuscenes,scene-0103_037,none,0.0,mid15-30m,114,114,0.0,114,3
nuscenes,scene-0103_037,none,0.0,near<15m,242,242,0.0,242,2
nuscenes,scene-0103_037,yaw,0.5,mid15-30m,114,106,1563.5918689680852,114,3
nuscenes,scene-0103_037,yaw,0.5,near<15m,242,242,3252.8103361020385,242,2
nuscenes,scene-0103_037,yaw,1.0,mid15-30m,114,97,3136.887175369414,114,3
nuscenes,scene-0103_037,yaw,1.0,near<15m,242,240,6495.141284715124,242,2
nuscenes,scene-0103_037,yaw,2.0,mid15-30m,114,80,6314.320061216925,114,3
nuscenes,scene-0103_037,yaw,2.0,near<15m,242,225,12951.587339071162,242,2
nuscenes,scene-0103_037,yaw,3.0,mid15-30m,114,59,9535.86477348484,114,3
nuscenes,scene-0103_037,yaw,3.0,near<15m,242,212,19375.691370841603,242,2
nuscenes,scene-0103_037,pitch,0.5,mid15-30m,114,114,569.8202838497681,114,3
nuscenes,scene-0103_037,pitch,0.5,near<15m,242,242,1094.5803865610824,242,2
nuscenes,scene-0103_037,pitch,1.0,mid15-30m,114,106,1139.5132505549054,114,3
nuscenes,scene-0103_037,pitch,1.0,near<15m,242,242,2189.2586839395476,242,2
nuscenes,scene-0103_037,pitch,2.0,mid15-30m,114,105,2278.474573308611,114,3
nuscenes,scene-0103_037,pitch,2.0,near<15m,242,228,4378.822188813153,242,2
nuscenes,scene-0103_037,pitch,3.0,mid15-30m,114,93,3416.7988727451907,114,3
nuscenes,scene-0103_037,pitch,3.0,near<15m,242,215,6568.516645057693,242,2
nuscenes,scene-0103_037,roll,0.5,mid15-30m,114,114,1287.5076334333248,114,3
nuscenes,scene-0103_037,roll,0.5,near<15m,242,242,2815.9517284393696,242,2
nuscenes,scene-0103_037,roll,1.0,mid15-30m,114,104,2572.9507729399656,114,3
nuscenes,scene-0103_037,roll,1.0,near<15m,242,213,5625.444378622717,242,2
nuscenes,scene-0103_037,roll,2.0,mid15-30m,114,97,5138.540075688995,114,3
nuscenes,scene-0103_037,roll,2.0,near<15m,242,210,11227.086055122343,242,2
nuscenes,scene-0103_037,roll,3.0,mid15-30m,114,78,7698.549553246745,114,3
nuscenes,scene-0103_037,roll,3.0,near<15m,242,195,16808.952721333895,242,2
nuscenes,scene-0103_037,tx,2.0,mid15-30m,114,114,168.9619005079822,114,3
nuscenes,scene-0103_037,tx,2.0,near<15m,242,239,598.6552185562517,242,2
nuscenes,scene-0103_037,tx,5.0,mid15-30m,114,114,422.4133366132435,114,3
nuscenes,scene-0103_037,tx,5.0,near<15m,242,238,1496.685543270225,242,2
nuscenes,scene-0103_037,tx,10.0,mid15-30m,114,114,844.8552926884611,114,3
nuscenes,scene-0103_037,tx,10.0,near<15m,242,232,2993.5294230355244,242,2
nuscenes,scene-0103_037,ty,2.0,mid15-30m,114,114,83.21191194015753,114,3
nuscenes,scene-0103_037,ty,2.0,near<15m,242,242,250.10045840183471,242,2
nuscenes,scene-0103_037,ty,5.0,mid15-30m,114,114,207.60487357896142,114,3
nuscenes,scene-0103_037,ty,5.0,near<15m,242,242,623.3398884279846,242,2
nuscenes,scene-0103_037,ty,10.0,mid15-30m,114,114,413.80145265316946,114,3
nuscenes,scene-0103_037,ty,10.0,near<15m,242,242,1240.3611172316341,242,2
nuscenes,scene-0103_037,tz,2.0,mid15-30m,114,114,170.19905789251106,114,3
nuscenes,scene-0103_037,tz,2.0,near<15m,242,242,600.2199819752634,242,2
nuscenes,scene-0103_037,tz,5.0,mid15-30m,114,114,425.4538474515433,114,3
nuscenes,scene-0103_037,tz,5.0,near<15m,242,242,1500.309106179906,242,2
nuscenes,scene-0103_037,tz,10.0,mid15-30m,114,114,850.7617466070119,114,3
nuscenes,scene-0103_037,tz,10.0,near<15m,242,242,2999.815730892853,242,2
nuscenes,scene-0103_038,none,0.0,mid15-30m,151,151,0.0,151,5
nuscenes,scene-0103_038,none,0.0,near<15m,260,260,0.0,260,2
nuscenes,scene-0103_038,yaw,0.5,mid15-30m,151,149,1916.0877672394224,151,5
nuscenes,scene-0103_038,yaw,0.5,near<15m,260,251,3973.713720167216,260,2
nuscenes,scene-0103_038,yaw,1.0,mid15-30m,151,144,3831.2088806216852,151,5
nuscenes,scene-0103_038,yaw,1.0,near<15m,260,232,7978.675387421062,260,2
nuscenes,scene-0103_038,yaw,2.0,mid15-30m,151,125,7660.247247363385,151,5
nuscenes,scene-0103_038,yaw,2.0,near<15m,260,200,16087.575152620992,260,2
nuscenes,scene-0103_038,yaw,3.0,mid15-30m,151,103,11490.508897176795,151,5
nuscenes,scene-0103_038,yaw,3.0,near<15m,260,166,24337.502084417592,260,2
nuscenes,scene-0103_038,pitch,0.5,mid15-30m,151,151,591.5422355016105,151,5
nuscenes,scene-0103_038,pitch,0.5,near<15m,260,259,1671.0995503601227,260,2
nuscenes,scene-0103_038,pitch,1.0,mid15-30m,151,150,1183.0688231090394,151,5
nuscenes,scene-0103_038,pitch,1.0,near<15m,260,259,3341.780762308005,260,2
nuscenes,scene-0103_038,pitch,2.0,mid15-30m,151,142,2366.0297229221583,151,5
nuscenes,scene-0103_038,pitch,2.0,near<15m,260,249,6681.758811929606,260,2
nuscenes,scene-0103_038,pitch,3.0,mid15-30m,151,113,3548.792046514251,151,5
nuscenes,scene-0103_038,pitch,3.0,near<15m,260,236,10019.67618720801,260,2
nuscenes,scene-0103_038,roll,0.5,mid15-30m,151,151,1697.1046683884401,151,5
nuscenes,scene-0103_038,roll,0.5,near<15m,260,260,3239.789366096681,260,2
nuscenes,scene-0103_038,roll,1.0,mid15-30m,151,138,3392.3542003308007,151,5
nuscenes,scene-0103_038,roll,1.0,near<15m,260,260,6465.160527087788,260,2
nuscenes,scene-0103_038,roll,2.0,mid15-30m,151,118,6778.420652465184,151,5
nuscenes,scene-0103_038,roll,2.0,near<15m,260,237,12875.44140715863,260,2
nuscenes,scene-0103_038,roll,3.0,mid15-30m,151,97,10160.45545831232,151,5
nuscenes,scene-0103_038,roll,3.0,near<15m,260,232,19236.325943381195,260,2
nuscenes,scene-0103_038,tx,2.0,mid15-30m,151,151,202.2659142577457,151,5
nuscenes,scene-0103_038,tx,2.0,near<15m,260,259,1250.575347862844,260,2
nuscenes,scene-0103_038,tx,5.0,mid15-30m,151,151,505.6737575835869,151,5
nuscenes,scene-0103_038,tx,5.0,near<15m,260,258,3126.638108035433,260,2
nuscenes,scene-0103_038,tx,10.0,mid15-30m,151,151,1011.3774230874493,151,5
nuscenes,scene-0103_038,tx,10.0,near<15m,260,253,6253.942126930253,260,2
nuscenes,scene-0103_038,ty,2.0,mid15-30m,151,151,72.97694870650814,151,5
nuscenes,scene-0103_038,ty,2.0,near<15m,260,260,719.8607759445051,260,2
nuscenes,scene-0103_038,ty,5.0,mid15-30m,151,150,182.13873669492403,151,5
nuscenes,scene-0103_038,ty,5.0,near<15m,260,260,1788.9234355826898,260,2
nuscenes,scene-0103_038,ty,10.0,mid15-30m,151,150,363.2699621580983,151,5
nuscenes,scene-0103_038,ty,10.0,near<15m,260,260,3542.6616225512903,260,2
nuscenes,scene-0103_038,tz,2.0,mid15-30m,151,151,202.44604001424077,151,5
nuscenes,scene-0103_038,tz,2.0,near<15m,260,260,1268.2401364814036,260,2
nuscenes,scene-0103_038,tz,5.0,mid15-30m,151,151,506.0701013246203,151,5
nuscenes,scene-0103_038,tz,5.0,near<15m,260,260,3169.584728068608,260,2
nuscenes,scene-0103_038,tz,10.0,mid15-30m,151,151,1011.9902435371969,151,5
nuscenes,scene-0103_038,tz,10.0,near<15m,260,257,6335.787040687938,260,2
nuscenes,scene-0103_039,none,0.0,mid15-30m,165,165,0.0,165,4
nuscenes,scene-0103_039,none,0.0,near<15m,121,121,0.0,121,1
nuscenes,scene-0103_039,yaw,0.5,mid15-30m,165,161,2236.7606619644757,165,4
nuscenes,scene-0103_039,yaw,0.5,near<15m,121,120,1630.8103758129669,121,1
nuscenes,scene-0103_039,yaw,1.0,mid15-30m,165,156,4485.588130100068,165,4
nuscenes,scene-0103_039,yaw,1.0,near<15m,121,116,3249.198273950409,121,1
nuscenes,scene-0103_039,yaw,2.0,mid15-30m,165,139,9021.840726993261,165,4
nuscenes,scene-0103_039,yaw,2.0,near<15m,121,110,6450.299216887347,121,1
nuscenes,scene-0103_039,yaw,3.0,mid15-30m,165,115,13613.679620030598,165,4
nuscenes,scene-0103_039,yaw,3.0,near<15m,121,102,9606.392499793044,121,1
nuscenes,scene-0103_039,pitch,0.5,mid15-30m,165,165,801.6020718723621,165,4
nuscenes,scene-0103_039,pitch,0.5,near<15m,121,121,574.1750251090227,121,1
nuscenes,scene-0103_039,pitch,1.0,mid15-30m,165,165,1603.0388685820315,165,4
nuscenes,scene-0103_039,pitch,1.0,near<15m,121,121,1148.4502657964345,121,1
nuscenes,scene-0103_039,pitch,2.0,mid15-30m,165,165,3205.35648103125,165,4
nuscenes,scene-0103_039,pitch,2.0,near<15m,121,116,2297.255503688035,121,1
nuscenes,scene-0103_039,pitch,3.0,mid15-30m,165,161,4806.832814279646,165,4
nuscenes,scene-0103_039,pitch,3.0,near<15m,121,99,3446.323722008681,121,1
nuscenes,scene-0103_039,roll,0.5,mid15-30m,165,165,1860.31941297518,165,4
nuscenes,scene-0103_039,roll,0.5,near<15m,121,121,1392.8141673169876,121,1
nuscenes,scene-0103_039,roll,1.0,mid15-30m,165,162,3717.759105508543,165,4
nuscenes,scene-0103_039,roll,1.0,near<15m,121,116,2782.9238433468545,121,1
nuscenes,scene-0103_039,roll,2.0,mid15-30m,165,138,7425.2849791588105,165,4
nuscenes,scene-0103_039,roll,2.0,near<15m,121,114,5556.016349583756,121,1
nuscenes,scene-0103_039,roll,3.0,mid15-30m,165,121,11125.133261019479,165,4
nuscenes,scene-0103_039,roll,3.0,near<15m,121,86,8321.234938600845,121,1
nuscenes,scene-0103_039,tx,2.0,mid15-30m,165,165,231.41468217567567,165,4
nuscenes,scene-0103_039,tx,2.0,near<15m,121,121,243.49377106282972,121,1
nuscenes,scene-0103_039,tx,5.0,mid15-30m,165,165,578.5473372377257,165,4
nuscenes,scene-0103_039,tx,5.0,near<15m,121,121,608.7502041048065,121,1
nuscenes,scene-0103_039,tx,10.0,mid15-30m,165,165,1157.1301155651825,165,4
nuscenes,scene-0103_039,tx,10.0,near<15m,121,121,1217.553000024781,121,1
nuscenes,scene-0103_039,ty,2.0,mid15-30m,165,165,105.7416097469658,165,4
nuscenes,scene-0103_039,ty,2.0,near<15m,121,121,105.19970816673798,121,1
nuscenes,scene-0103_039,ty,5.0,mid15-30m,165,165,263.8907643261624,165,4
nuscenes,scene-0103_039,ty,5.0,near<15m,121,121,262.362374468,121,1
nuscenes,scene-0103_039,ty,10.0,mid15-30m,165,165,526.2446031698283,165,4
nuscenes,scene-0103_039,ty,10.0,near<15m,121,121,522.6154852596593,121,1
nuscenes,scene-0103_039,tz,2.0,mid15-30m,165,165,232.84386226131704,165,4
nuscenes,scene-0103_039,tz,2.0,near<15m,121,121,243.26834967099808,121,1
nuscenes,scene-0103_039,tz,5.0,mid15-30m,165,165,582.0562555211719,165,4
nuscenes,scene-0103_039,tz,5.0,near<15m,121,121,608.0922330337697,121,1
nuscenes,scene-0103_039,tz,10.0,mid15-30m,165,165,1163.9345547538032,165,4
nuscenes,scene-0103_039,tz,10.0,near<15m,121,121,1215.922419824072,121,1
nuscenes,scene-1094_000,none,0.0,mid15-30m,38,38,0.0,38,1
nuscenes,scene-1094_000,none,0.0,near<15m,502,502,0.0,502,2
nuscenes,scene-1094_000,none,0.0,far>30m,61,61,0.0,61,1
nuscenes,scene-1094_000,yaw,0.5,mid15-30m,38,36,530.582800089987,38,1
nuscenes,scene-1094_000,yaw,0.5,near<15m,502,494,6356.563892249978,502,2
nuscenes,scene-1094_000,yaw,0.5,far>30m,61,61,769.812253059,61,1
nuscenes,scene-1094_000,yaw,1.0,mid15-30m,38,30,1065.7079369007963,38,1
nuscenes,scene-1094_000,yaw,1.0,near<15m,502,484,12713.93150657651,502,2
nuscenes,scene-1094_000,yaw,1.0,far>30m,61,61,1544.277086472648,61,1
nuscenes,scene-1094_000,yaw,2.0,mid15-30m,38,20,2150.1717713768103,38,1
nuscenes,scene-1094_000,yaw,2.0,near<15m,502,452,25435.910726922128,502,2
nuscenes,scene-1094_000,yaw,2.0,far>30m,61,59,3107.834455163876,61,1
nuscenes,scene-1094_000,yaw,3.0,mid15-30m,38,17,3254.606481844269,38,1
nuscenes,scene-1094_000,yaw,3.0,near<15m,502,425,38175.623602394924,502,2
nuscenes,scene-1094_000,yaw,3.0,far>30m,61,56,4692.049183855369,61,1
nuscenes,scene-1094_000,pitch,0.5,mid15-30m,38,38,200.15086401635702,38,1
nuscenes,scene-1094_000,pitch,0.5,near<15m,502,500,1238.3604855736912,502,2
nuscenes,scene-1094_000,pitch,0.5,far>30m,61,61,226.43033724770106,61,1
nuscenes,scene-1094_000,pitch,1.0,mid15-30m,38,38,400.2818907743162,38,1
nuscenes,scene-1094_000,pitch,1.0,near<15m,502,498,2476.6867698314595,502,2
nuscenes,scene-1094_000,pitch,1.0,far>30m,61,61,452.843608118748,61,1
nuscenes,scene-1094_000,pitch,2.0,mid15-30m,38,38,800.4692829414192,38,1
nuscenes,scene-1094_000,pitch,2.0,near<15m,502,495,4953.139796122422,502,2
nuscenes,scene-1094_000,pitch,2.0,far>30m,61,61,905.6018119551007,61,1
nuscenes,scene-1094_000,pitch,3.0,mid15-30m,38,31,1200.5319095687864,38,1
nuscenes,scene-1094_000,pitch,3.0,near<15m,502,491,7429.1652364928395,502,2
nuscenes,scene-1094_000,pitch,3.0,far>30m,61,57,1358.2403602037598,61,1
nuscenes,scene-1094_000,roll,0.5,mid15-30m,38,38,436.23012700308226,38,1
nuscenes,scene-1094_000,roll,0.5,near<15m,502,502,6497.2425490823525,502,2
nuscenes,scene-1094_000,roll,0.5,far>30m,61,61,692.7906851135626,61,1
nuscenes,scene-1094_000,roll,1.0,mid15-30m,38,38,871.8999933667787,38,1
nuscenes,scene-1094_000,roll,1.0,near<15m,502,472,12972.658171004854,502,2
nuscenes,scene-1094_000,roll,1.0,far>30m,61,61,1385.1777314629358,61,1
nuscenes,scene-1094_000,roll,2.0,mid15-30m,38,31,1741.8634856600136,38,1
nuscenes,scene-1094_000,roll,2.0,near<15m,502,463,25863.27448311728,502,2
nuscenes,scene-1094_000,roll,2.0,far>30m,61,39,2769.1986640575956,61,1
nuscenes,scene-1094_000,roll,3.0,mid15-30m,38,15,2610.49664207024,38,1
nuscenes,scene-1094_000,roll,3.0,near<15m,502,452,38682.22010947544,502,2
nuscenes,scene-1094_000,roll,3.0,far>30m,61,20,4152.976759874173,61,1
nuscenes,scene-1094_000,tx,2.0,mid15-30m,38,38,43.971349225599276,38,1
nuscenes,scene-1094_000,tx,2.0,near<15m,502,500,2207.002199051899,502,2
nuscenes,scene-1094_000,tx,2.0,far>30m,61,61,55.117962547351375,61,1
nuscenes,scene-1094_000,tx,5.0,mid15-30m,38,38,109.92892313546177,38,1
nuscenes,scene-1094_000,tx,5.0,near<15m,502,499,5517.612357886128,502,2
nuscenes,scene-1094_000,tx,5.0,far>30m,61,61,137.79544402007554,61,1
nuscenes,scene-1094_000,tx,10.0,mid15-30m,38,38,219.8596798669826,38,1
nuscenes,scene-1094_000,tx,10.0,near<15m,502,497,11035.5809352273,502,2
nuscenes,scene-1094_000,tx,10.0,far>30m,61,61,275.592680231148,61,1
nuscenes,scene-1094_000,ty,2.0,mid15-30m,38,38,20.799877765932678,38,1
nuscenes,scene-1094_000,ty,2.0,near<15m,502,502,389.83503339018887,502,2
nuscenes,scene-1094_000,ty,2.0,far>30m,61,61,18.435346900153377,61,1
nuscenes,scene-1094_000,ty,5.0,mid15-30m,38,38,51.92863175769265,38,1
nuscenes,scene-1094_000,ty,5.0,near<15m,502,501,969.498300687617,502,2
nuscenes,scene-1094_000,ty,5.0,far>30m,61,61,46.03911096081398,61,1
nuscenes,scene-1094_000,ty,10.0,mid15-30m,38,38,103.62125033987768,38,1
nuscenes,scene-1094_000,ty,10.0,near<15m,502,501,1922.2700679393197,502,2
nuscenes,scene-1094_000,ty,10.0,far>30m,61,61,91.91450151205785,61,1
nuscenes,scene-1094_000,tz,2.0,mid15-30m,38,38,44.09419203137025,38,1
nuscenes,scene-1094_000,tz,2.0,near<15m,502,502,2212.9521871923703,502,2
nuscenes,scene-1094_000,tz,2.0,far>30m,61,61,55.210407011814056,61,1
nuscenes,scene-1094_000,tz,5.0,mid15-30m,38,38,110.23265890791312,38,1
nuscenes,scene-1094_000,tz,5.0,near<15m,502,502,5531.832547715707,502,2
nuscenes,scene-1094_000,tz,5.0,far>30m,61,61,138.02326309111515,61,1
nuscenes,scene-1094_000,tz,10.0,mid15-30m,38,38,220.45591455664353,38,1
nuscenes,scene-1094_000,tz,10.0,near<15m,502,473,11061.839182154741,502,2
nuscenes,scene-1094_000,tz,10.0,far>30m,61,61,276.0373452095561,61,1
nuscenes,scene-1094_001,none,0.0,near<15m,493,493,0.0,493,3
nuscenes,scene-1094_001,none,0.0,mid15-30m,31,31,0.0,31,1
nuscenes,scene-1094_001,none,0.0,far>30m,63,63,0.0,63,1
nuscenes,scene-1094_001,yaw,0.5,near<15m,493,488,6322.113108456881,493,3
nuscenes,scene-1094_001,yaw,0.5,mid15-30m,31,31,423.4073045523626,31,1
nuscenes,scene-1094_001,yaw,0.5,far>30m,63,63,792.6253410902845,63,1
nuscenes,scene-1094_001,yaw,1.0,near<15m,493,479,12652.889611374172,493,3
nuscenes,scene-1094_001,yaw,1.0,mid15-30m,31,31,850.2135242643577,31,1
nuscenes,scene-1094_001,yaw,1.0,far>30m,63,63,1589.957198087115,63,1
nuscenes,scene-1094_001,yaw,2.0,near<15m,493,443,25345.589759125065,493,3
nuscenes,scene-1094_001,yaw,2.0,mid15-30m,31,31,1714.4665175167652,31,1
nuscenes,scene-1094_001,yaw,2.0,far>30m,63,60,3199.425146135792,63,1
nuscenes,scene-1094_001,yaw,3.0,near<15m,493,392,38088.51480340701,493,3
nuscenes,scene-1094_001,yaw,3.0,mid15-30m,31,24,2593.676814712694,31,1
nuscenes,scene-1094_001,yaw,3.0,far>30m,63,56,4829.8107282603805,63,1
nuscenes,scene-1094_001,pitch,0.5,near<15m,493,492,1281.957157588182,493,3
nuscenes,scene-1094_001,pitch,0.5,mid15-30m,31,31,153.70061295876627,31,1
nuscenes,scene-1094_001,pitch,0.5,far>30m,63,63,229.91428545797893,63,1
nuscenes,scene-1094_001,pitch,1.0,near<15m,493,490,2563.853675024435,493,3
nuscenes,scene-1094_001,pitch,1.0,mid15-30m,31,31,307.3867988576694,31,1
nuscenes,scene-1094_001,pitch,1.0,far>30m,63,63,459.81141648921243,63,1
nuscenes,scene-1094_001,pitch,2.0,near<15m,493,487,5127.365463419473,493,3
nuscenes,scene-1094_001,pitch,2.0,mid15-30m,31,31,614.7042429226234,31,1
nuscenes,scene-1094_001,pitch,2.0,far>30m,63,63,919.5368068610807,63,1
nuscenes,scene-1094_001,pitch,3.0,near<15m,493,485,7690.336795444678,493,3
nuscenes,scene-1094_001,pitch,3.0,mid15-30m,31,26,921.9290623222623,31,1
nuscenes,scene-1094_001,pitch,3.0,far>30m,63,58,1379.141380621239,63,1
nuscenes,scene-1094_001,roll,0.5,near<15m,493,461,6266.224430016737,493,3
nuscenes,scene-1094_001,roll,0.5,mid15-30m,31,31,356.22045685626495,31,1
nuscenes,scene-1094_001,roll,0.5,far>30m,63,63,715.8045313924092,63,1
nuscenes,scene-1094_001,roll,1.0,near<15m,493,460,12514.393778200605,493,3
nuscenes,scene-1094_001,roll,1.0,mid15-30m,31,31,711.9737415172248,31,1
nuscenes,scene-1094_001,roll,1.0,far>30m,63,63,1431.1537602664794,63,1
nuscenes,scene-1094_001,roll,2.0,near<15m,493,435,24961.492719481277,493,3
nuscenes,scene-1094_001,roll,2.0,mid15-30m,31,26,1422.3256595038015,31,1
nuscenes,scene-1094_001,roll,2.0,far>30m,63,41,2860.959125699711,63,1
nuscenes,scene-1094_001,roll,3.0,near<15m,493,418,37351.019724502024,493,3
nuscenes,scene-1094_001,roll,3.0,mid15-30m,31,13,2131.5470260073625,31,1
nuscenes,scene-1094_001,roll,3.0,far>30m,63,22,4290.359880032005,63,1
nuscenes,scene-1094_001,tx,2.0,near<15m,493,492,1978.4333271236937,493,3
nuscenes,scene-1094_001,tx,2.0,mid15-30m,31,31,36.48080419482728,31,1
nuscenes,scene-1094_001,tx,2.0,far>30m,63,63,57.007551683434905,63,1
nuscenes,scene-1094_001,tx,5.0,near<15m,493,491,4946.171512149676,493,3
nuscenes,scene-1094_001,tx,5.0,mid15-30m,31,31,91.20247511606549,31,1
nuscenes,scene-1094_001,tx,5.0,far>30m,63,63,142.51943706315302,63,1
nuscenes,scene-1094_001,tx,10.0,near<15m,493,489,9892.637019663205,493,3
nuscenes,scene-1094_001,tx,10.0,mid15-30m,31,31,182.40649901652236,31,1
nuscenes,scene-1094_001,tx,10.0,far>30m,63,63,285.04073366095355,63,1
nuscenes,scene-1094_001,ty,2.0,near<15m,493,493,366.44138664913834,493,3
nuscenes,scene-1094_001,ty,2.0,mid15-30m,31,31,16.273657585584377,31,1
nuscenes,scene-1094_001,ty,2.0,far>30m,63,63,18.738099552184366,63,1
nuscenes,scene-1094_001,ty,5.0,near<15m,493,493,911.8984467105093,493,3
nuscenes,scene-1094_001,ty,5.0,mid15-30m,31,31,40.62748921534207,31,1
nuscenes,scene-1094_001,ty,5.0,far>30m,63,63,46.79510485998822,63,1
nuscenes,scene-1094_001,ty,10.0,near<15m,493,493,1809.9556033411081,493,3
nuscenes,scene-1094_001,ty,10.0,mid15-30m,31,31,81.0668294189271,31,1
nuscenes,scene-1094_001,ty,10.0,far>30m,63,63,93.42353938922923,63,1
nuscenes,scene-1094_001,tz,2.0,near<15m,493,493,1983.2717366349877,493,3
nuscenes,scene-1094_001,tz,2.0,mid15-30m,31,31,36.58025756448649,31,1
nuscenes,scene-1094_001,tz,2.0,far>30m,63,63,57.1050825996751,63,1
nuscenes,scene-1094_001,tz,5.0,near<15m,493,464,4957.72896020567,493,3
nuscenes,scene-1094_001,tz,5.0,mid15-30m,31,31,91.44827012328322,31,1
nuscenes,scene-1094_001,tz,5.0,far>30m,63,63,142.75985927592356,63,1
nuscenes,scene-1094_001,tz,10.0,near<15m,493,460,9913.957019234647,493,3
nuscenes,scene-1094_001,tz,10.0,mid15-30m,31,31,182.88862816816388,31,1
nuscenes,scene-1094_001,tz,10.0,far>30m,63,63,285.5102283125267,63,1
nuscenes,scene-1094_002,none,0.0,near<15m,479,479,0.0,479,4
nuscenes,scene-1094_002,none,0.0,mid15-30m,21,21,0.0,21,1
nuscenes,scene-1094_002,none,0.0,far>30m,64,64,0.0,64,1
nuscenes,scene-1094_002,yaw,0.5,near<15m,479,476,6152.026497743426,479,4
nuscenes,scene-1094_002,yaw,0.5,mid15-30m,21,21,283.5703707709916,21,1
nuscenes,scene-1094_002,yaw,0.5,far>30m,64,64,809.1471451956154,64,1
nuscenes,scene-1094_002,yaw,1.0,near<15m,479,468,12317.039757461804,479,4
nuscenes,scene-1094_002,yaw,1.0,mid15-30m,21,20,569.336529541412,21,1
nuscenes,scene-1094_002,yaw,1.0,far>30m,64,63,1623.2192721234353,64,1
nuscenes,scene-1094_002,yaw,2.0,near<15m,479,433,24691.15457083144,479,4
nuscenes,scene-1094_002,yaw,2.0,mid15-30m,21,20,1147.7455185985007,21,1
nuscenes,scene-1094_002,yaw,2.0,far>30m,64,60,3266.8463220307613,64,1
nuscenes,scene-1094_002,yaw,3.0,near<15m,479,387,37132.73686344288,479,4
nuscenes,scene-1094_002,yaw,3.0,mid15-30m,21,20,1735.82478704421,21,1
nuscenes,scene-1094_002,yaw,3.0,far>30m,64,57,4932.336357781059,64,1
nuscenes,scene-1094_002,pitch,0.5,near<15m,479,477,1352.766314683998,479,4
nuscenes,scene-1094_002,pitch,0.5,mid15-30m,21,21,100.40146218390112,21,1
nuscenes,scene-1094_002,pitch,0.5,far>30m,64,64,239.3275598112392,64,1
nuscenes,scene-1094_002,pitch,1.0,near<15m,479,477,2705.458025176423,479,4
nuscenes,scene-1094_002,pitch,1.0,mid15-30m,21,21,200.7938829347856,21,1
nuscenes,scene-1094_002,pitch,1.0,far>30m,64,64,478.63718356903007,64,1
nuscenes,scene-1094_002,pitch,2.0,near<15m,479,475,5410.513056885601,479,4
nuscenes,scene-1094_002,pitch,2.0,mid15-30m,21,21,401.5439924570723,21,1
nuscenes,scene-1094_002,pitch,2.0,far>30m,64,64,957.1845122288023,64,1
nuscenes,scene-1094_002,pitch,3.0,near<15m,479,467,8114.956048720335,479,4
nuscenes,scene-1094_002,pitch,3.0,mid15-30m,21,19,602.2351276563752,21,1
nuscenes,scene-1094_002,pitch,3.0,far>30m,64,49,1435.6057921268884,64,1
nuscenes,scene-1094_002,roll,0.5,near<15m,479,476,6042.328443344375,479,4
nuscenes,scene-1094_002,roll,0.5,mid15-30m,21,21,241.18404643205304,21,1
nuscenes,scene-1094_002,roll,0.5,far>30m,64,64,727.0374998820828,64,1
nuscenes,scene-1094_002,roll,1.0,near<15m,479,476,12066.60201418131,479,4
nuscenes,scene-1094_002,roll,1.0,mid15-30m,21,21,482.0634107241824,21,1
nuscenes,scene-1094_002,roll,1.0,far>30m,64,64,1453.637272785744,64,1
nuscenes,scene-1094_002,roll,2.0,near<15m,479,440,24065.700865632018,479,4
nuscenes,scene-1094_002,roll,2.0,mid15-30m,21,19,963.0742493436416,21,1
nuscenes,scene-1094_002,roll,2.0,far>30m,64,41,2906.004610076171,64,1
nuscenes,scene-1094_002,roll,3.0,near<15m,479,406,36006.60279214681,479,4
nuscenes,scene-1094_002,roll,3.0,mid15-30m,21,9,1443.3632371216859,21,1
nuscenes,scene-1094_002,roll,3.0,far>30m,64,19,4358.06223900793,64,1
nuscenes,scene-1094_002,tx,2.0,near<15m,479,478,1776.7519421753668,479,4
nuscenes,scene-1094_002,tx,2.0,mid15-30m,21,21,24.885132747901515,21,1
nuscenes,scene-1094_002,tx,2.0,far>30m,64,64,58.27236718113567,64,1
nuscenes,scene-1094_002,tx,5.0,near<15m,479,476,4441.954977102147,479,4
nuscenes,scene-1094_002,tx,5.0,mid15-30m,21,21,62.21315733680513,21,1
nuscenes,scene-1094_002,tx,5.0,far>30m,64,64,145.6815030032538,64,1
nuscenes,scene-1094_002,tx,10.0,near<15m,479,474,8884.160371297708,479,4
nuscenes,scene-1094_002,tx,10.0,mid15-30m,21,21,124.42739957893104,21,1
nuscenes,scene-1094_002,tx,10.0,far>30m,64,64,291.3649561954579,64,1
nuscenes,scene-1094_002,ty,2.0,near<15m,479,478,364.4311177176189,479,4
nuscenes,scene-1094_002,ty,2.0,mid15-30m,21,21,10.704631083753856,21,1
nuscenes,scene-1094_002,ty,2.0,far>30m,64,64,19.62076833009711,64,1
nuscenes,scene-1094_002,ty,5.0,near<15m,479,478,907.2017465599623,479,4
nuscenes,scene-1094_002,ty,5.0,mid15-30m,21,21,26.72403724240025,21,1
nuscenes,scene-1094_002,ty,5.0,far>30m,64,64,48.99912455379115,64,1
nuscenes,scene-1094_002,ty,10.0,near<15m,479,477,1801.6338246811456,479,4
nuscenes,scene-1094_002,ty,10.0,mid15-30m,21,21,53.32340697989499,21,1
nuscenes,scene-1094_002,ty,10.0,far>30m,64,64,97.82276585992125,64,1
nuscenes,scene-1094_002,tz,2.0,near<15m,479,478,1781.5818426398114,479,4
nuscenes,scene-1094_002,tz,2.0,mid15-30m,21,21,24.95077718723593,21,1
nuscenes,scene-1094_002,tz,2.0,far>30m,64,64,58.372720864569615,64,1
nuscenes,scene-1094_002,tz,5.0,near<15m,479,477,4453.584735855472,479,4
nuscenes,scene-1094_002,tz,5.0,mid15-30m,21,21,62.37534038762005,21,1
nuscenes,scene-1094_002,tz,5.0,far>30m,64,64,145.928924002102,64,1
nuscenes,scene-1094_002,tz,10.0,near<15m,479,477,8905.936848361976,479,4
nuscenes,scene-1094_002,tz,10.0,mid15-30m,21,21,124.74533920658575,21,1
nuscenes,scene-1094_002,tz,10.0,far>30m,64,64,291.84825464446493,64,1
nuscenes,scene-1094_003,none,0.0,near<15m,460,460,0.0,460,4
nuscenes,scene-1094_003,none,0.0,mid15-30m,28,28,0.0,28,1
nuscenes,scene-1094_003,none,0.0,far>30m,67,67,0.0,67,1
nuscenes,scene-1094_003,yaw,0.5,near<15m,460,457,5876.481250769691,460,4
nuscenes,scene-1094_003,yaw,0.5,mid15-30m,28,27,396.2007699195784,28,1
nuscenes,scene-1094_003,yaw,0.5,far>30m,67,67,850.8042296119452,67,1
nuscenes,scene-1094_003,yaw,1.0,near<15m,460,450,11760.707662673325,460,4
nuscenes,scene-1094_003,yaw,1.0,mid15-30m,28,21,795.9182053803924,28,1
nuscenes,scene-1094_003,yaw,1.0,far>30m,67,65,1706.9022758950723,67,1
nuscenes,scene-1094_003,yaw,2.0,near<15m,460,412,23557.224123150743,460,4
nuscenes,scene-1094_003,yaw,2.0,mid15-30m,28,14,1606.3552509131468,28,1
nuscenes,scene-1094_003,yaw,2.0,far>30m,67,62,3435.7329151434974,67,1
nuscenes,scene-1094_003,yaw,3.0,near<15m,460,375,35399.28401390979,460,4
nuscenes,scene-1094_003,yaw,3.0,mid15-30m,28,14,2432.24865102278,28,1
nuscenes,scene-1094_003,yaw,3.0,far>30m,67,59,5188.040853586648,67,1
nuscenes,scene-1094_003,pitch,0.5,near<15m,460,460,1267.8900400903765,460,4
nuscenes,scene-1094_003,pitch,0.5,mid15-30m,28,28,152.37840984778342,28,1
nuscenes,scene-1094_003,pitch,0.5,far>30m,67,67,256.0501061950684,67,1
nuscenes,scene-1094_003,pitch,1.0,near<15m,460,458,2535.727750356646,460,4
nuscenes,scene-1094_003,pitch,1.0,mid15-30m,28,28,304.7412326862393,28,1
nuscenes,scene-1094_003,pitch,1.0,far>30m,67,67,512.0804010300658,67,1
nuscenes,scene-1094_003,pitch,2.0,near<15m,460,457,5071.147681532931,460,4
nuscenes,scene-1094_003,pitch,2.0,mid15-30m,28,26,609.4086003758097,28,1
nuscenes,scene-1094_003,pitch,2.0,far>30m,67,67,1024.062187386791,67,1
nuscenes,scene-1094_003,pitch,3.0,near<15m,460,455,7606.062860790857,460,4
nuscenes,scene-1094_003,pitch,3.0,mid15-30m,28,23,913.9790945614837,28,1
nuscenes,scene-1094_003,pitch,3.0,far>30m,67,50,1535.9066512349323,67,1
nuscenes,scene-1094_003,roll,0.5,near<15m,460,459,5799.204323359765,460,4
nuscenes,scene-1094_003,roll,0.5,mid15-30m,28,28,320.9650984010616,28,1
nuscenes,scene-1094_003,roll,0.5,far>30m,67,67,760.872956429027,67,1
nuscenes,scene-1094_003,roll,1.0,near<15m,460,457,11580.263631650601,460,4
nuscenes,scene-1094_003,roll,1.0,mid15-30m,28,28,641.5450784177121,28,1
nuscenes,scene-1094_003,roll,1.0,far>30m,67,67,1521.2893755320508,67,1
nuscenes,scene-1094_003,roll,2.0,near<15m,460,423,23092.472883610215,460,4
nuscenes,scene-1094_003,roll,2.0,mid15-30m,28,23,1281.7743890621687,28,1
nuscenes,scene-1094_003,roll,2.0,far>30m,67,43,3041.256619784578,67,1
nuscenes,scene-1094_003,roll,3.0,near<15m,460,406,34545.552553580215,460,4
nuscenes,scene-1094_003,roll,3.0,mid15-30m,28,9,1921.1353786157092,28,1
nuscenes,scene-1094_003,roll,3.0,far>30m,67,21,4560.907983234106,67,1
nuscenes,scene-1094_003,tx,2.0,near<15m,460,457,1690.3219186068502,460,4
nuscenes,scene-1094_003,tx,2.0,mid15-30m,28,28,32.71528525560507,28,1
nuscenes,scene-1094_003,tx,2.0,far>30m,67,67,61.60451044186818,67,1
nuscenes,scene-1094_003,tx,5.0,near<15m,460,456,4225.875680881236,460,4
nuscenes,scene-1094_003,tx,5.0,mid15-30m,28,28,81.78864192628151,28,1
nuscenes,scene-1094_003,tx,5.0,far>30m,67,67,154.01191053682274,67,1
nuscenes,scene-1094_003,tx,10.0,near<15m,460,451,8451.987653687795,460,4
nuscenes,scene-1094_003,tx,10.0,mid15-30m,28,28,163.57871316346458,28,1
nuscenes,scene-1094_003,tx,10.0,far>30m,67,67,308.0259358707234,67,1
nuscenes,scene-1094_003,ty,2.0,near<15m,460,460,349.8336293517823,460,4
nuscenes,scene-1094_003,ty,2.0,mid15-30m,28,28,15.98898681709377,28,1
nuscenes,scene-1094_003,ty,2.0,far>30m,67,67,21.201059820738692,67,1
nuscenes,scene-1094_003,ty,5.0,near<15m,460,460,870.8400199419912,460,4
nuscenes,scene-1094_003,ty,5.0,mid15-30m,28,28,39.917345063506744,28,1
nuscenes,scene-1094_003,ty,5.0,far>30m,67,67,52.94504216294801,67,1
nuscenes,scene-1094_003,ty,10.0,near<15m,460,460,1729.3437137996782,460,4
nuscenes,scene-1094_003,ty,10.0,mid15-30m,28,28,79.65162511970793,28,1
nuscenes,scene-1094_003,ty,10.0,far>30m,67,67,105.69861535954617,67,1
nuscenes,scene-1094_003,tz,2.0,near<15m,460,459,1695.0485318432568,460,4
nuscenes,scene-1094_003,tz,2.0,mid15-30m,28,28,32.807751489772244,28,1
nuscenes,scene-1094_003,tz,2.0,far>30m,67,67,61.71376400572159,67,1
nuscenes,scene-1094_003,tz,5.0,near<15m,460,459,4237.270456679292,460,4
nuscenes,scene-1094_003,tz,5.0,mid15-30m,28,28,82.0172559180485,28,1
nuscenes,scene-1094_003,tz,5.0,far>30m,67,67,154.28127235789006,67,1
nuscenes,scene-1094_003,tz,10.0,near<15m,460,459,8473.371598607144,460,4
nuscenes,scene-1094_003,tz,10.0,mid15-30m,28,28,164.02743630375505,28,1
nuscenes,scene-1094_003,tz,10.0,far>30m,67,67,308.5520864283625,67,1
nuscenes,scene-1094_004,none,0.0,near<15m,447,447,0.0,447,3
nuscenes,scene-1094_004,none,0.0,mid15-30m,99,99,0.0,99,2
nuscenes,scene-1094_004,yaw,0.5,near<15m,447,443,5727.270022378873,447,3
nuscenes,scene-1094_004,yaw,0.5,mid15-30m,99,97,1301.552342957655,99,2
nuscenes,scene-1094_004,yaw,1.0,near<15m,447,431,11466.131355761481,447,3
nuscenes,scene-1094_004,yaw,1.0,mid15-30m,99,90,2612.363100100752,99,2
nuscenes,scene-1094_004,yaw,2.0,near<15m,447,403,22983.415772002852,447,3
nuscenes,scene-1094_004,yaw,2.0,mid15-30m,99,86,5263.021290813935,99,2
nuscenes,scene-1094_004,yaw,3.0,near<15m,447,377,34561.54064634402,447,3
nuscenes,scene-1094_004,yaw,3.0,mid15-30m,99,83,7954.577132571259,99,2
nuscenes,scene-1094_004,pitch,0.5,near<15m,447,446,1268.2646119723545,447,3
nuscenes,scene-1094_004,pitch,0.5,mid15-30m,99,99,429.43218321389156,99,2
nuscenes,scene-1094_004,pitch,1.0,near<15m,447,444,2536.465813436221,447,3
nuscenes,scene-1094_004,pitch,1.0,mid15-30m,99,99,858.8271931936016,99,2
nuscenes,scene-1094_004,pitch,2.0,near<15m,447,437,5072.5797368751855,447,3
nuscenes,scene-1094_004,pitch,2.0,mid15-30m,99,96,1717.4732104916066,99,2
nuscenes,scene-1094_004,pitch,3.0,near<15m,447,437,7608.14536246527,447,3
nuscenes,scene-1094_004,pitch,3.0,mid15-30m,99,79,2575.873144829832,99,2
nuscenes,scene-1094_004,roll,0.5,near<15m,447,442,5606.625296849723,447,3
nuscenes,scene-1094_004,roll,0.5,mid15-30m,99,99,1127.7792164120199,99,2
nuscenes,scene-1094_004,roll,1.0,near<15m,447,441,11196.25211840129,447,3
nuscenes,scene-1094_004,roll,1.0,mid15-30m,99,98,2254.630563181181,99,2
nuscenes,scene-1094_004,roll,2.0,near<15m,447,410,22328.851772398713,447,3
nuscenes,scene-1094_004,roll,2.0,mid15-30m,99,72,4506.31025579308,99,2
nuscenes,scene-1094_004,roll,3.0,near<15m,447,391,33406.36452222413,447,3
nuscenes,scene-1094_004,roll,3.0,mid15-30m,99,36,6756.556056768721,99,2
nuscenes,scene-1094_004,tx,2.0,near<15m,447,444,1618.3814516623981,447,3
nuscenes,scene-1094_004,tx,2.0,mid15-30m,99,99,100.88206792771044,99,2
nuscenes,scene-1094_004,tx,5.0,near<15m,447,444,4046.019251008849,447,3
nuscenes,scene-1094_004,tx,5.0,mid15-30m,99,99,252.2063300299268,99,2
nuscenes,scene-1094_004,tx,10.0,near<15m,447,440,8092.2572510667305,447,3
nuscenes,scene-1094_004,tx,10.0,mid15-30m,99,99,504.41652747693297,99,2
nuscenes,scene-1094_004,ty,2.0,near<15m,447,447,348.72936155142963,447,3
nuscenes,scene-1094_004,ty,2.0,mid15-30m,99,99,40.11581462421442,99,2
nuscenes,scene-1094_004,ty,5.0,near<15m,447,447,868.1928528727922,447,3
nuscenes,scene-1094_004,ty,5.0,mid15-30m,99,99,100.16440818551078,99,2
nuscenes,scene-1094_004,ty,10.0,near<15m,447,445,1724.4187568095922,447,3
nuscenes,scene-1094_004,ty,10.0,mid15-30m,99,99,199.913131441404,99,2
nuscenes,scene-1094_004,tz,2.0,near<15m,447,444,1622.9770897346748,447,3
nuscenes,scene-1094_004,tz,2.0,mid15-30m,99,99,101.10187070678235,99,2
nuscenes,scene-1094_004,tz,5.0,near<15m,447,442,4057.1167092023356,447,3
nuscenes,scene-1094_004,tz,5.0,mid15-30m,99,99,252.7489154850864,99,2
nuscenes,scene-1094_004,tz,10.0,near<15m,447,442,8113.146936038738,447,3
nuscenes,scene-1094_004,tz,10.0,mid15-30m,99,99,505.4786278851084,99,2
nuscenes,scene-1094_005,none,0.0,near<15m,448,448,0.0,448,2
nuscenes,scene-1094_005,none,0.0,mid15-30m,123,123,0.0,123,3
nuscenes,scene-1094_005,yaw,0.5,near<15m,448,439,5769.663137397124,448,2
nuscenes,scene-1094_005,yaw,0.5,mid15-30m,123,123,1628.3068515431237,123,3
nuscenes,scene-1094_005,yaw,1.0,near<15m,448,424,11559.380054684876,448,2
nuscenes,scene-1094_005,yaw,1.0,mid15-30m,123,122,3268.514352984619,123,3
nuscenes,scene-1094_005,yaw,2.0,near<15m,448,386,23203.93996891397,448,2
nuscenes,scene-1094_005,yaw,2.0,mid15-30m,123,119,6586.23103771873,123,3
nuscenes,scene-1094_005,yaw,3.0,near<15m,448,353,34943.80316101419,448,2
nuscenes,scene-1094_005,yaw,3.0,mid15-30m,123,114,9956.452042332716,123,3
nuscenes,scene-1094_005,pitch,0.5,near<15m,448,446,1364.0274562455952,448,2
nuscenes,scene-1094_005,pitch,0.5,mid15-30m,123,123,553.2257114757688,123,3
nuscenes,scene-1094_005,pitch,1.0,near<15m,448,446,2727.959927571701,448,2
nuscenes,scene-1094_005,pitch,1.0,mid15-30m,123,123,1106.4028520747138,123,3
nuscenes,scene-1094_005,pitch,2.0,near<15m,448,440,5455.4346821216395,448,2
nuscenes,scene-1094_005,pitch,2.0,mid15-30m,123,113,2212.569543687283,123,3
nuscenes,scene-1094_005,pitch,3.0,near<15m,448,438,8182.213942707924,448,2
nuscenes,scene-1094_005,pitch,3.0,mid15-30m,123,95,3318.416398096757,123,3
nuscenes,scene-1094_005,roll,0.5,near<15m,448,448,5615.778127118998,448,2
nuscenes,scene-1094_005,roll,0.5,mid15-30m,123,123,1404.082983901578,123,3
nuscenes,scene-1094_005,roll,1.0,near<15m,448,418,11214.116777272857,448,2
nuscenes,scene-1094_005,roll,1.0,mid15-30m,123,95,2806.655243392745,123,3
nuscenes,scene-1094_005,roll,2.0,near<15m,448,413,22362.840072795676,448,2
nuscenes,scene-1094_005,roll,2.0,mid15-30m,123,95,5608.221322624168,123,3
nuscenes,scene-1094_005,roll,3.0,near<15m,448,397,33454.77814986087,448,2
nuscenes,scene-1094_005,roll,3.0,mid15-30m,123,58,8406.598154154803,123,3
nuscenes,scene-1094_005,tx,2.0,near<15m,448,448,1636.9135360635605,448,2
nuscenes,scene-1094_005,tx,2.0,mid15-30m,123,123,130.35870182759632,123,3
nuscenes,scene-1094_005,tx,5.0,near<15m,448,448,4092.354062902795,448,2
nuscenes,scene-1094_005,tx,5.0,mid15-30m,123,123,325.89839268627566,123,3
nuscenes,scene-1094_005,tx,10.0,near<15m,448,448,8184.9422124012635,448,2
nuscenes,scene-1094_005,tx,10.0,mid15-30m,123,123,651.8022458379467,123,3
nuscenes,scene-1094_005,ty,2.0,near<15m,448,448,391.17659097593304,448,2
nuscenes,scene-1094_005,ty,2.0,mid15-30m,123,123,53.630211790761535,123,3
nuscenes,scene-1094_005,ty,5.0,near<15m,448,448,973.7649793790837,448,2
nuscenes,scene-1094_005,ty,5.0,mid15-30m,123,123,133.9016331606311,123,3
nuscenes,scene-1094_005,ty,10.0,near<15m,448,448,1933.7668882410635,448,2
nuscenes,scene-1094_005,ty,10.0,mid15-30m,123,123,267.2256495054284,123,3
nuscenes,scene-1094_005,tz,2.0,near<15m,448,448,1642.1244898025486,448,2
nuscenes,scene-1094_005,tz,2.0,mid15-30m,123,123,130.68959261213274,123,3
nuscenes,scene-1094_005,tz,5.0,near<15m,448,448,4104.980842608516,448,2
nuscenes,scene-1094_005,tz,5.0,mid15-30m,123,123,326.7162781073637,123,3
nuscenes,scene-1094_005,tz,10.0,near<15m,448,445,8208.86065010142,448,2
nuscenes,scene-1094_005,tz,10.0,mid15-30m,123,123,653.4068797815735,123,3
nuscenes,scene-1094_006,none,0.0,mid15-30m,146,146,0.0,146,4
nuscenes,scene-1094_006,none,0.0,near<15m,429,429,0.0,429,1
nuscenes,scene-1094_006,yaw,0.5,mid15-30m,146,144,1992.844796731717,146,4
nuscenes,scene-1094_006,yaw,0.5,near<15m,429,426,5435.869029727941,429,1
nuscenes,scene-1094_006,yaw,1.0,mid15-30m,146,141,4000.7473607391316,146,4
nuscenes,scene-1094_006,yaw,1.0,near<15m,429,420,10889.827711612485,429,1
nuscenes,scene-1094_006,yaw,2.0,mid15-30m,146,131,8063.843763041446,146,4
nuscenes,scene-1094_006,yaw,2.0,near<15m,429,402,21856.374502720093,429,1
nuscenes,scene-1094_006,yaw,3.0,mid15-30m,146,111,12193.665974415171,146,4
nuscenes,scene-1094_006,yaw,3.0,near<15m,429,379,32908.51146723928,429,1
nuscenes,scene-1094_006,pitch,0.5,mid15-30m,146,146,707.0225417308748,146,4
nuscenes,scene-1094_006,pitch,0.5,near<15m,429,429,1258.04038181227,429,1
nuscenes,scene-1094_006,pitch,1.0,mid15-30m,146,145,1413.975215925125,146,4
nuscenes,scene-1094_006,pitch,1.0,near<15m,429,429,2515.9996905327043,429,1
nuscenes,scene-1094_006,pitch,2.0,mid15-30m,146,136,2827.6174884764887,146,4
nuscenes,scene-1094_006,pitch,2.0,near<15m,429,428,5031.5776211617585,429,1
nuscenes,scene-1094_006,pitch,3.0,mid15-30m,146,122,4240.819984455474,146,4
nuscenes,scene-1094_006,pitch,3.0,near<15m,429,427,7546.538979734899,429,1
nuscenes,scene-1094_006,roll,0.5,mid15-30m,146,146,1669.4731747917594,146,4
nuscenes,scene-1094_006,roll,0.5,near<15m,429,429,5393.136093709953,429,1
nuscenes,scene-1094_006,roll,1.0,mid15-30m,146,144,3337.126255501252,146,4
nuscenes,scene-1094_006,roll,1.0,near<15m,429,429,10769.091220491731,429,1
nuscenes,scene-1094_006,roll,2.0,mid15-30m,146,110,6668.122091445756,146,4
nuscenes,scene-1094_006,roll,2.0,near<15m,429,396,21473.65087830301,429,1
nuscenes,scene-1094_006,roll,3.0,mid15-30m,146,49,9995.278304265383,146,4
nuscenes,scene-1094_006,roll,3.0,near<15m,429,383,32121.943932135327,429,1
nuscenes,scene-1094_006,tx,2.0,mid15-30m,146,146,166.34420647459987,146,4
nuscenes,scene-1094_006,tx,2.0,near<15m,429,429,1619.2245881434678,429,1
nuscenes,scene-1094_006,tx,5.0,mid15-30m,146,146,415.862726492045,146,4
nuscenes,scene-1094_006,tx,5.0,near<15m,429,428,4048.1317788419533,429,1
nuscenes,scene-1094_006,tx,10.0,mid15-30m,146,146,831.732820775884,146,4
nuscenes,scene-1094_006,tx,10.0,near<15m,429,427,8096.497930234436,429,1
nuscenes,scene-1094_006,ty,2.0,mid15-30m,146,146,74.88454754306314,146,4
nuscenes,scene-1094_006,ty,2.0,near<15m,429,429,372.21139556301495,429,1
nuscenes,scene-1094_006,ty,5.0,mid15-30m,146,146,186.94565927489137,146,4
nuscenes,scene-1094_006,ty,5.0,near<15m,429,429,926.4108248833118,429,1
nuscenes,scene-1094_006,ty,10.0,mid15-30m,146,146,373.00902736655286,146,4
nuscenes,scene-1094_006,ty,10.0,near<15m,429,429,1839.2585676547205,429,1
nuscenes,scene-1094_006,tz,2.0,mid15-30m,146,146,166.77738889250085,146,4
nuscenes,scene-1094_006,tz,2.0,near<15m,429,429,1624.7779321182452,429,1
nuscenes,scene-1094_006,tz,5.0,mid15-30m,146,146,416.93211533976097,146,4
nuscenes,scene-1094_006,tz,5.0,near<15m,429,429,4061.5833633414463,429,1
nuscenes,scene-1094_006,tz,10.0,mid15-30m,146,146,833.8263771838953,146,4
nuscenes,scene-1094_006,tz,10.0,near<15m,429,429,8121.962124946603,429,1
nuscenes,scene-1094_007,none,0.0,mid15-30m,116,116,0.0,116,2
nuscenes,scene-1094_007,none,0.0,near<15m,482,482,0.0,482,1
nuscenes,scene-1094_007,yaw,0.5,mid15-30m,116,112,1657.8145646050443,116,2
nuscenes,scene-1094_007,yaw,0.5,near<15m,482,479,6326.749252490575,482,1
nuscenes,scene-1094_007,yaw,1.0,mid15-30m,116,102,3330.7932666281013,116,2
nuscenes,scene-1094_007,yaw,1.0,near<15m,482,473,12685.549370785717,482,1
nuscenes,scene-1094_007,yaw,2.0,mid15-30m,116,87,6724.190055441999,116,2
nuscenes,scene-1094_007,yaw,2.0,near<15m,482,451,25504.948413228125,482,1
nuscenes,scene-1094_007,yaw,3.0,mid15-30m,116,73,10184.230711514649,116,2
nuscenes,scene-1094_007,yaw,3.0,near<15m,482,429,38469.765590975905,482,1
nuscenes,scene-1094_007,pitch,0.5,mid15-30m,116,116,646.0935705637082,116,2
nuscenes,scene-1094_007,pitch,0.5,near<15m,482,482,1771.7322326097697,482,1
nuscenes,scene-1094_007,pitch,1.0,mid15-30m,116,116,1292.1172240656497,116,2
nuscenes,scene-1094_007,pitch,1.0,near<15m,482,481,3543.32340312585,482,1
nuscenes,scene-1094_007,pitch,2.0,mid15-30m,116,109,2583.9060365635546,116,2
nuscenes,scene-1094_007,pitch,2.0,near<15m,482,461,7085.945885208511,482,1
nuscenes,scene-1094_007,pitch,3.0,mid15-30m,116,109,3875.269065687249,116,2
nuscenes,scene-1094_007,pitch,3.0,near<15m,482,452,10627.594324839993,482,1
nuscenes,scene-1094_007,roll,0.5,mid15-30m,116,116,1324.6211486205448,116,2
nuscenes,scene-1094_007,roll,0.5,near<15m,482,462,6057.42696780402,482,1
nuscenes,scene-1094_007,roll,1.0,mid15-30m,116,109,2648.18490781282,116,2
nuscenes,scene-1094_007,roll,1.0,near<15m,482,453,12095.499117439655,482,1
nuscenes,scene-1094_007,roll,2.0,mid15-30m,116,109,5293.067383791302,116,2
nuscenes,scene-1094_007,roll,2.0,near<15m,482,425,24118.34892522969,482,1
nuscenes,scene-1094_007,roll,3.0,mid15-30m,116,66,7936.496918688166,116,2
nuscenes,scene-1094_007,roll,3.0,near<15m,482,424,36077.95403940226,482,1
nuscenes,scene-1094_007,tx,2.0,mid15-30m,116,116,142.09599701223783,116,2
nuscenes,scene-1094_007,tx,2.0,near<15m,482,482,1908.7418926583491,482,1
nuscenes,scene-1094_007,tx,5.0,mid15-30m,116,116,355.2418603736498,116,2
nuscenes,scene-1094_007,tx,5.0,near<15m,482,481,4771.934530588325,482,1
nuscenes,scene-1094_007,tx,10.0,mid15-30m,116,116,710.4899469802242,116,2
nuscenes,scene-1094_007,tx,10.0,near<15m,482,480,9544.135069611664,482,1
nuscenes,scene-1094_007,ty,2.0,mid15-30m,116,116,72.86683337996159,116,2
nuscenes,scene-1094_007,ty,2.0,near<15m,482,482,577.2929235420879,482,1
nuscenes,scene-1094_007,ty,5.0,mid15-30m,116,116,181.8912012284153,116,2
nuscenes,scene-1094_007,ty,5.0,near<15m,482,482,1436.5067528381414,482,1
nuscenes,scene-1094_007,ty,10.0,mid15-30m,116,116,362.8665821643931,116,2
nuscenes,scene-1094_007,ty,10.0,near<15m,482,482,2850.8744030694643,482,1
nuscenes,scene-1094_007,tz,2.0,mid15-30m,116,116,142.44915233561414,116,2
nuscenes,scene-1094_007,tz,2.0,near<15m,482,482,1915.605542550117,482,1
nuscenes,scene-1094_007,tz,5.0,mid15-30m,116,116,356.11255193780755,116,2
nuscenes,scene-1094_007,tz,5.0,near<15m,482,471,4788.572197436586,482,1
nuscenes,scene-1094_007,tz,10.0,mid15-30m,116,116,712.1906769318184,116,2
nuscenes,scene-1094_007,tz,10.0,near<15m,482,455,9575.672563401864,482,1
nuscenes,scene-1094_008,none,0.0,mid15-30m,129,129,0.0,129,4
nuscenes,scene-1094_008,none,0.0,near<15m,529,529,0.0,529,2
nuscenes,scene-1094_008,yaw,0.5,mid15-30m,129,121,1777.7118374628608,129,4
nuscenes,scene-1094_008,yaw,0.5,near<15m,529,527,7478.4225764764915,529,2
nuscenes,scene-1094_008,yaw,1.0,mid15-30m,129,111,3569.02391322804,129,4
nuscenes,scene-1094_008,yaw,1.0,near<15m,529,519,15012.55631028756,529,2
nuscenes,scene-1094_008,yaw,2.0,mid15-30m,129,88,7194.402922577676,129,4
nuscenes,scene-1094_008,yaw,2.0,near<15m,529,497,30256.070297806855,529,2
nuscenes,scene-1094_008,yaw,3.0,mid15-30m,129,67,10880.178601838059,129,4
nuscenes,scene-1094_008,yaw,3.0,near<15m,529,467,45747.30466309176,529,2
nuscenes,scene-1094_008,pitch,0.5,mid15-30m,129,118,619.4058986852139,129,4
nuscenes,scene-1094_008,pitch,0.5,near<15m,529,529,2560.163772107418,529,2
nuscenes,scene-1094_008,pitch,1.0,mid15-30m,129,118,1238.7486077239862,129,4
nuscenes,scene-1094_008,pitch,1.0,near<15m,529,529,5120.066841587092,529,2
nuscenes,scene-1094_008,pitch,2.0,mid15-30m,129,116,2477.197809380956,129,4
nuscenes,scene-1094_008,pitch,2.0,near<15m,529,529,10238.894359255039,529,2
nuscenes,scene-1094_008,pitch,3.0,mid15-30m,129,110,3715.254412573727,129,4
nuscenes,scene-1094_008,pitch,3.0,near<15m,529,503,15356.08995697856,529,2
nuscenes,scene-1094_008,roll,0.5,mid15-30m,129,129,1471.2937608424513,129,4
nuscenes,scene-1094_008,roll,0.5,near<15m,529,529,6686.158005517782,529,2
nuscenes,scene-1094_008,roll,1.0,mid15-30m,129,129,2941.9143669265736,129,4
nuscenes,scene-1094_008,roll,1.0,near<15m,529,509,13349.974577485624,529,2
nuscenes,scene-1094_008,roll,2.0,mid15-30m,129,80,5882.149196824249,129,4
nuscenes,scene-1094_008,roll,2.0,near<15m,529,483,26616.02958251676,529,2
nuscenes,scene-1094_008,roll,3.0,mid15-30m,129,55,8822.728492284243,129,4
nuscenes,scene-1094_008,roll,3.0,near<15m,529,460,39808.899825983106,529,2
nuscenes,scene-1094_008,tx,2.0,mid15-30m,129,129,154.33125169730422,129,4
nuscenes,scene-1094_008,tx,2.0,near<15m,529,529,2163.33428804476,529,2
nuscenes,scene-1094_008,tx,5.0,mid15-30m,129,129,385.83018343479034,129,4
nuscenes,scene-1094_008,tx,5.0,near<15m,529,529,5408.431978323996,529,2
nuscenes,scene-1094_008,tx,10.0,mid15-30m,129,129,771.6672142758903,129,4
nuscenes,scene-1094_008,tx,10.0,near<15m,529,529,10817.184832784611,529,2
nuscenes,scene-1094_008,ty,2.0,mid15-30m,129,129,71.1446957492883,129,4
nuscenes,scene-1094_008,ty,2.0,near<15m,529,529,906.3028755249436,529,2
nuscenes,scene-1094_008,ty,5.0,mid15-30m,129,129,177.5842248451856,129,4
nuscenes,scene-1094_008,ty,5.0,near<15m,529,529,2254.6399707575874,529,2
nuscenes,scene-1094_008,ty,10.0,mid15-30m,129,129,354.24737175684584,129,4
nuscenes,scene-1094_008,ty,10.0,near<15m,529,529,4472.709010632954,529,2
nuscenes,scene-1094_008,tz,2.0,mid15-30m,129,129,154.62332835852104,129,4
nuscenes,scene-1094_008,tz,2.0,near<15m,529,529,2172.273208641029,529,2
nuscenes,scene-1094_008,tz,5.0,mid15-30m,129,129,386.54713194733216,129,4
nuscenes,scene-1094_008,tz,5.0,near<15m,529,529,5430.157692536583,529,2
nuscenes,scene-1094_008,tz,10.0,mid15-30m,129,129,773.0569703963394,129,4
nuscenes,scene-1094_008,tz,10.0,near<15m,529,529,10858.564745755162,529,2
nuscenes,scene-1094_009,none,0.0,near<15m,336,336,0.0,336,2
nuscenes,scene-1094_009,none,0.0,mid15-30m,95,95,0.0,95,2
nuscenes,scene-1094_009,yaw,0.5,near<15m,336,324,5045.821680812025,336,2
nuscenes,scene-1094_009,yaw,0.5,mid15-30m,95,95,1289.72075471404,95,2
nuscenes,scene-1094_009,yaw,1.0,near<15m,336,314,10137.117873201996,336,2
nuscenes,scene-1094_009,yaw,1.0,mid15-30m,95,93,2589.573752302396,95,2
nuscenes,scene-1094_009,yaw,2.0,near<15m,336,281,20462.417330460536,336,2
nuscenes,scene-1094_009,yaw,2.0,mid15-30m,95,84,5221.032275229187,95,2
nuscenes,scene-1094_009,yaw,3.0,near<15m,336,236,30988.940218247226,336,2
nuscenes,scene-1094_009,yaw,3.0,mid15-30m,95,75,7897.179629165595,95,2
nuscenes,scene-1094_009,pitch,0.5,near<15m,336,332,1876.9258217079569,336,2
nuscenes,scene-1094_009,pitch,0.5,mid15-30m,95,95,447.1944859945737,95,2
nuscenes,scene-1094_009,pitch,1.0,near<15m,336,330,3753.6357860348344,336,2
nuscenes,scene-1094_009,pitch,1.0,mid15-30m,95,95,894.344593413937,95,2
nuscenes,scene-1094_009,pitch,2.0,near<15m,336,327,7506.263879564745,336,2
nuscenes,scene-1094_009,pitch,2.0,mid15-30m,95,95,1788.477952990254,95,2
nuscenes,scene-1094_009,pitch,3.0,near<15m,336,320,11257.596118336804,336,2
nuscenes,scene-1094_009,pitch,3.0,mid15-30m,95,82,2682.3327114640188,95,2
nuscenes,scene-1094_009,roll,0.5,near<15m,336,335,4265.753897406793,336,2
nuscenes,scene-1094_009,roll,0.5,mid15-30m,95,95,1081.2460009851116,95,2
nuscenes,scene-1094_009,roll,1.0,near<15m,336,335,8517.608119660359,336,2
nuscenes,scene-1094_009,roll,1.0,mid15-30m,95,95,2162.607511298364,95,2
nuscenes,scene-1094_009,roll,2.0,near<15m,336,318,16983.176050622067,336,2
nuscenes,scene-1094_009,roll,2.0,mid15-30m,95,80,4326.414785246713,95,2
nuscenes,scene-1094_009,roll,3.0,near<15m,336,290,25403.722096082514,336,2
nuscenes,scene-1094_009,roll,3.0,mid15-30m,95,39,6492.899557585133,95,2
nuscenes,scene-1094_009,tx,2.0,near<15m,336,335,1435.3721472014827,336,2
nuscenes,scene-1094_009,tx,2.0,mid15-30m,95,95,108.34687569051636,95,2
nuscenes,scene-1094_009,tx,5.0,near<15m,336,335,3588.4677160587717,336,2
nuscenes,scene-1094_009,tx,5.0,mid15-30m,95,95,270.86792824391586,95,2
nuscenes,scene-1094_009,tx,10.0,near<15m,336,334,7177.059929140378,336,2
nuscenes,scene-1094_009,tx,10.0,mid15-30m,95,95,541.7383198979305,95,2
nuscenes,scene-1094_009,ty,2.0,near<15m,336,336,727.704471262338,336,2
nuscenes,scene-1094_009,ty,2.0,mid15-30m,95,95,46.770058121922574,95,2
nuscenes,scene-1094_009,ty,5.0,near<15m,336,335,1809.6824501426443,336,2
nuscenes,scene-1094_009,ty,5.0,mid15-30m,95,95,116.76490472212208,95,2
nuscenes,scene-1094_009,ty,10.0,near<15m,336,335,3587.882994222816,336,2
nuscenes,scene-1094_009,ty,10.0,mid15-30m,95,95,232.997625145183,95,2
nuscenes,scene-1094_009,tz,2.0,near<15m,336,335,1440.5170174181296,336,2
nuscenes,scene-1094_009,tz,2.0,mid15-30m,95,95,108.4110867519378,95,2
nuscenes,scene-1094_009,tz,5.0,near<15m,336,335,3600.9193309674233,336,2
nuscenes,scene-1094_009,tz,5.0,mid15-30m,95,95,271.020353568058,95,2
nuscenes,scene-1094_009,tz,10.0,near<15m,336,335,7200.594968762842,336,2
nuscenes,scene-1094_009,tz,10.0,mid15-30m,95,95,542.0161645488892,95,2
nuscenes,scene-1094_010,none,0.0,near<15m,154,154,0.0,154,2
nuscenes,scene-1094_010,none,0.0,mid15-30m,183,183,0.0,183,4
nuscenes,scene-1094_010,yaw,0.5,near<15m,154,142,2315.469798683835,154,2
nuscenes,scene-1094_010,yaw,0.5,mid15-30m,183,183,2415.795212710843,183,4
nuscenes,scene-1094_010,yaw,1.0,near<15m,154,130,4651.178855312242,154,2
nuscenes,scene-1094_010,yaw,1.0,mid15-30m,183,183,4845.890131812763,183,4
nuscenes,scene-1094_010,yaw,2.0,near<15m,154,103,9386.283340497637,154,2
nuscenes,scene-1094_010,yaw,2.0,mid15-30m,183,169,9751.333013735495,183,4
nuscenes,scene-1094_010,yaw,3.0,near<15m,154,65,14211.475985529873,154,2
nuscenes,scene-1094_010,yaw,3.0,mid15-30m,183,154,14721.162714963193,183,4
nuscenes,scene-1094_010,pitch,0.5,near<15m,154,153,798.8255236544373,154,2
nuscenes,scene-1094_010,pitch,0.5,mid15-30m,183,183,759.7652376402318,183,4
nuscenes,scene-1094_010,pitch,1.0,near<15m,154,152,1597.5607902607906,154,2
nuscenes,scene-1094_010,pitch,1.0,mid15-30m,183,183,1519.4726651552378,183,4
nuscenes,scene-1094_010,pitch,2.0,near<15m,154,151,3194.6986485351254,154,2
nuscenes,scene-1094_010,pitch,2.0,mid15-30m,183,181,3038.6561486024316,183,4
nuscenes,scene-1094_010,pitch,3.0,near<15m,154,148,4791.2899200164775,154,2
nuscenes,scene-1094_010,pitch,3.0,mid15-30m,183,174,4557.434657768699,183,4
nuscenes,scene-1094_010,roll,0.5,near<15m,154,154,1914.0799165836904,154,2
nuscenes,scene-1094_010,roll,0.5,mid15-30m,183,183,2091.7279488814866,183,4
nuscenes,scene-1094_010,roll,1.0,near<15m,154,146,3823.197208447307,154,2
nuscenes,scene-1094_010,roll,1.0,mid15-30m,183,175,4183.289321005843,183,4
nuscenes,scene-1094_010,roll,2.0,near<15m,154,131,7628.081292661678,154,2
nuscenes,scene-1094_010,roll,2.0,mid15-30m,183,152,8367.329826807363,183,4
nuscenes,scene-1094_010,roll,3.0,near<15m,154,131,11417.693363394068,154,2
nuscenes,scene-1094_010,roll,3.0,mid15-30m,183,106,12554.958371070643,183,4
nuscenes,scene-1094_010,tx,2.0,near<15m,154,153,576.8281680465778,154,2
nuscenes,scene-1094_010,tx,2.0,mid15-30m,183,183,225.8322820000309,183,4
nuscenes,scene-1094_010,tx,5.0,near<15m,154,153,1442.05894149518,154,2
nuscenes,scene-1094_010,tx,5.0,mid15-30m,183,183,564.5792668453018,183,4
nuscenes,scene-1094_010,tx,10.0,near<15m,154,152,2884.079621754506,154,2
nuscenes,scene-1094_010,tx,10.0,mid15-30m,183,183,1129.1537398741664,183,4
nuscenes,scene-1094_010,ty,2.0,near<15m,154,154,288.910102021142,154,2
nuscenes,scene-1094_010,ty,2.0,mid15-30m,183,183,87.01993572363122,183,4
nuscenes,scene-1094_010,ty,5.0,near<15m,154,153,718.7506900366946,154,2
nuscenes,scene-1094_010,ty,5.0,mid15-30m,183,183,217.2222270674046,183,4
nuscenes,scene-1094_010,ty,10.0,near<15m,154,153,1425.9051659680053,154,2
nuscenes,scene-1094_010,ty,10.0,mid15-30m,183,183,433.35681293752714,183,4
nuscenes,scene-1094_010,tz,2.0,near<15m,154,154,577.4726972927492,154,2
nuscenes,scene-1094_010,tz,2.0,mid15-30m,183,183,225.69524929973318,183,4
nuscenes,scene-1094_010,tz,5.0,near<15m,154,154,1443.555334208303,154,2
nuscenes,scene-1094_010,tz,5.0,mid15-30m,183,183,564.22231108135,183,4
nuscenes,scene-1094_010,tz,10.0,near<15m,154,154,2886.689406145205,154,2
nuscenes,scene-1094_010,tz,10.0,mid15-30m,183,183,1128.3919189119265,183,4
nuscenes,scene-1094_011,none,0.0,mid15-30m,310,310,0.0,310,5
nuscenes,scene-1094_011,none,0.0,near<15m,52,52,0.0,52,2
nuscenes,scene-1094_011,yaw,0.5,mid15-30m,310,306,4149.85116158069,310,5
nuscenes,scene-1094_011,yaw,0.5,near<15m,52,44,675.9338354681933,52,2
nuscenes,scene-1094_011,yaw,1.0,mid15-30m,310,297,8326.758411710032,310,5
nuscenes,scene-1094_011,yaw,1.0,near<15m,52,41,1352.5696450142796,52,2
nuscenes,scene-1094_011,yaw,2.0,mid15-30m,310,274,16765.959781184134,310,5
nuscenes,scene-1094_011,yaw,2.0,near<15m,52,32,2708.5689892306855,52,2
nuscenes,scene-1094_011,yaw,3.0,mid15-30m,310,249,25326.29533887623,310,5
nuscenes,scene-1094_011,yaw,3.0,near<15m,52,15,4069.2571558448517,52,2
nuscenes,scene-1094_011,pitch,0.5,mid15-30m,310,306,1281.6690395010426,310,5
nuscenes,scene-1094_011,pitch,0.5,near<15m,52,51,153.92069682618083,52,2
nuscenes,scene-1094_011,pitch,1.0,mid15-30m,310,303,2563.228703578104,310,5
nuscenes,scene-1094_011,pitch,1.0,near<15m,52,50,307.83361920552903,52,2
nuscenes,scene-1094_011,pitch,2.0,mid15-30m,310,303,5125.92100456369,310,5
nuscenes,scene-1094_011,pitch,2.0,near<15m,52,48,615.6242202790024,52,2
nuscenes,scene-1094_011,pitch,3.0,mid15-30m,310,280,7687.879277655931,310,5
nuscenes,scene-1094_011,pitch,3.0,near<15m,52,46,923.3479736480776,52,2
nuscenes,scene-1094_011,roll,0.5,mid15-30m,310,310,3573.1509606599257,310,5
nuscenes,scene-1094_011,roll,0.5,near<15m,52,52,625.5011565144891,52,2
nuscenes,scene-1094_011,roll,1.0,mid15-30m,310,307,7144.862797281231,310,5
nuscenes,scene-1094_011,roll,1.0,near<15m,52,46,1250.0359560837487,52,2
nuscenes,scene-1094_011,roll,2.0,mid15-30m,310,260,14286.42696090736,310,5
nuscenes,scene-1094_011,roll,2.0,near<15m,52,34,2496.658429322337,52,2
nuscenes,scene-1094_011,roll,3.0,mid15-30m,310,198,21429.603775187385,310,5
nuscenes,scene-1094_011,roll,3.0,near<15m,52,31,3740.765314346895,52,2
nuscenes,scene-1094_011,tx,2.0,mid15-30m,310,310,456.0147783056005,310,5
nuscenes,scene-1094_011,tx,2.0,near<15m,52,52,151.84759772617574,52,2
nuscenes,scene-1094_011,tx,5.0,mid15-30m,310,310,1140.0255087150567,310,5
nuscenes,scene-1094_011,tx,5.0,near<15m,52,52,379.61158900644193,52,2
nuscenes,scene-1094_011,tx,10.0,mid15-30m,310,308,2280.012894993271,310,5
nuscenes,scene-1094_011,tx,10.0,near<15m,52,52,759.1984949613164,52,2
nuscenes,scene-1094_011,ty,2.0,mid15-30m,310,310,182.07162584556838,310,5
nuscenes,scene-1094_011,ty,2.0,near<15m,52,52,43.23071435260924,52,2
nuscenes,scene-1094_011,ty,5.0,mid15-30m,310,310,454.3043604235722,310,5
nuscenes,scene-1094_011,ty,5.0,near<15m,52,52,107.65921224724897,52,2
nuscenes,scene-1094_011,ty,10.0,mid15-30m,310,310,905.7083421188742,310,5
nuscenes,scene-1094_011,ty,10.0,near<15m,52,52,213.94108900685032,52,2
nuscenes,scene-1094_011,tz,2.0,mid15-30m,310,310,455.20691750981774,310,5
nuscenes,scene-1094_011,tz,2.0,near<15m,52,52,151.9924131633663,52,2
nuscenes,scene-1094_011,tz,5.0,mid15-30m,310,310,1137.9782511889218,310,5
nuscenes,scene-1094_011,tz,5.0,near<15m,52,52,379.95568714601416,52,2
nuscenes,scene-1094_011,tz,10.0,mid15-30m,310,310,2275.8263727956096,310,5
nuscenes,scene-1094_011,tz,10.0,near<15m,52,52,759.8269037676341,52,2
nuscenes,scene-1094_012,none,0.0,mid15-30m,363,363,0.0,363,5
nuscenes,scene-1094_012,none,0.0,near<15m,72,72,0.0,72,2
nuscenes,scene-1094_012,yaw,0.5,mid15-30m,363,362,4523.685465080887,363,5
nuscenes,scene-1094_012,yaw,0.5,near<15m,72,63,1068.3450320904929,72,2
nuscenes,scene-1094_012,yaw,1.0,mid15-30m,363,358,9066.886430092343,363,5
nuscenes,scene-1094_012,yaw,1.0,near<15m,72,57,2135.4323194874924,72,2
nuscenes,scene-1094_012,yaw,2.0,mid15-30m,363,332,18215.616061764325,363,5
nuscenes,scene-1094_012,yaw,2.0,near<15m,72,46,4267.099853703045,72,2
nuscenes,scene-1094_012,yaw,3.0,mid15-30m,363,296,27453.91695807044,363,5
nuscenes,scene-1094_012,yaw,3.0,near<15m,72,34,6397.539844182886,72,2
nuscenes,scene-1094_012,pitch,0.5,mid15-30m,363,363,1038.0894654739293,363,5
nuscenes,scene-1094_012,pitch,0.5,near<15m,72,71,409.2063993303849,72,2
nuscenes,scene-1094_012,pitch,1.0,mid15-30m,363,363,2076.111085194944,363,5
nuscenes,scene-1094_012,pitch,1.0,near<15m,72,70,818.4108222111772,72,2
nuscenes,scene-1094_012,pitch,2.0,mid15-30m,363,362,4151.87055112895,363,5
nuscenes,scene-1094_012,pitch,2.0,near<15m,72,69,1636.7823917338733,72,2
nuscenes,scene-1094_012,pitch,3.0,mid15-30m,363,355,6227.11802871545,363,5
nuscenes,scene-1094_012,pitch,3.0,near<15m,72,66,2455.052008854714,72,2
nuscenes,scene-1094_012,roll,0.5,mid15-30m,363,363,4187.850390592593,363,5
nuscenes,scene-1094_012,roll,0.5,near<15m,72,72,874.3548031962198,72,2
nuscenes,scene-1094_012,roll,1.0,mid15-30m,363,360,8373.947052991516,363,5
nuscenes,scene-1094_012,roll,1.0,near<15m,72,72,1747.0592820404436,72,2
nuscenes,scene-1094_012,roll,2.0,mid15-30m,363,329,16743.683484531633,363,5
nuscenes,scene-1094_012,roll,2.0,near<15m,72,64,3488.190370791313,72,2
nuscenes,scene-1094_012,roll,3.0,mid15-30m,363,237,25114.811979042548,363,5
nuscenes,scene-1094_012,roll,3.0,near<15m,72,48,5224.729079829148,72,2
nuscenes,scene-1094_012,tx,2.0,mid15-30m,363,363,545.692170626801,363,5
nuscenes,scene-1094_012,tx,2.0,near<15m,72,72,231.19225012297886,72,2
nuscenes,scene-1094_012,tx,5.0,mid15-30m,363,363,1364.209252500394,363,5
nuscenes,scene-1094_012,tx,5.0,near<15m,72,72,577.9620582071539,72,2
nuscenes,scene-1094_012,tx,10.0,mid15-30m,363,363,2728.3479277980077,363,5
nuscenes,scene-1094_012,tx,10.0,near<15m,72,72,1155.8622313856124,72,2
nuscenes,scene-1094_012,ty,2.0,mid15-30m,363,363,145.9276900556883,363,5
nuscenes,scene-1094_012,ty,2.0,near<15m,72,72,117.81004425750274,72,2
nuscenes,scene-1094_012,ty,5.0,mid15-30m,363,363,364.1204965985262,363,5
nuscenes,scene-1094_012,ty,5.0,near<15m,72,72,293.40752133011165,72,2
nuscenes,scene-1094_012,ty,10.0,mid15-30m,363,363,725.9241177592288,363,5
nuscenes,scene-1094_012,ty,10.0,near<15m,72,72,583.127233891099,72,2
nuscenes,scene-1094_012,tz,2.0,mid15-30m,363,363,544.750225941367,363,5
nuscenes,scene-1094_012,tz,2.0,near<15m,72,72,231.72163028951078,72,2
nuscenes,scene-1094_012,tz,5.0,mid15-30m,363,363,1361.8271372286017,363,5
nuscenes,scene-1094_012,tz,5.0,near<15m,72,72,579.2614390352035,72,2
nuscenes,scene-1094_012,tz,10.0,mid15-30m,363,363,2723.492864861618,363,5
nuscenes,scene-1094_012,tz,10.0,near<15m,72,72,1158.3807836871244,72,2
nuscenes,scene-1094_013,none,0.0,near<15m,243,243,0.0,243,2
nuscenes,scene-1094_013,none,0.0,far>30m,25,25,0.0,25,2
nuscenes,scene-1094_013,none,0.0,mid15-30m,255,255,0.0,255,4
nuscenes,scene-1094_013,yaw,0.5,near<15m,243,234,3253.4818087083518,243,2
nuscenes,scene-1094_013,yaw,0.5,far>30m,25,25,327.6796554554214,25,2
nuscenes,scene-1094_013,yaw,0.5,mid15-30m,255,255,3030.4336038673473,255,4
nuscenes,scene-1094_013,yaw,1.0,near<15m,243,223,6527.810588998181,243,2
nuscenes,scene-1094_013,yaw,1.0,far>30m,25,24,657.7409607514414,25,2
nuscenes,scene-1094_013,yaw,1.0,mid15-30m,255,254,6055.771932341425,255,4
nuscenes,scene-1094_013,yaw,2.0,near<15m,243,193,13142.328399971415,243,2
nuscenes,scene-1094_013,yaw,2.0,far>30m,25,16,1325.3255216469322,25,2
nuscenes,scene-1094_013,yaw,2.0,mid15-30m,255,244,12093.336381793713,255,4
nuscenes,scene-1094_013,yaw,3.0,near<15m,243,160,19850.400196996976,243,2
nuscenes,scene-1094_013,yaw,3.0,far>30m,25,7,2003.4078533221264,25,2
nuscenes,scene-1094_013,yaw,3.0,mid15-30m,255,226,18117.008025341525,255,4
nuscenes,scene-1094_013,pitch,0.5,near<15m,243,242,850.2702080785447,243,2
nuscenes,scene-1094_013,pitch,0.5,far>30m,25,25,107.4652702784121,25,2
nuscenes,scene-1094_013,pitch,0.5,mid15-30m,255,255,446.5590944509155,255,4
nuscenes,scene-1094_013,pitch,1.0,near<15m,243,242,1700.4665275443685,243,2
nuscenes,scene-1094_013,pitch,1.0,far>30m,25,25,214.92123656078883,25,2
nuscenes,scene-1094_013,pitch,1.0,mid15-30m,255,255,893.1251416099665,255,4
nuscenes,scene-1094_013,pitch,2.0,near<15m,243,241,3400.5703956058296,243,2
nuscenes,scene-1094_013,pitch,2.0,far>30m,25,24,429.79689871649924,25,2
nuscenes,scene-1094_013,pitch,2.0,mid15-30m,255,255,1786.244614112862,255,4
nuscenes,scene-1094_013,pitch,3.0,near<15m,243,241,5100.177516602305,243,2
nuscenes,scene-1094_013,pitch,3.0,far>30m,25,8,644.6102847711478,25,2
nuscenes,scene-1094_013,pitch,3.0,mid15-30m,255,242,2679.291432618928,255,4
nuscenes,scene-1094_013,roll,0.5,near<15m,243,243,2878.4782112558923,243,2
nuscenes,scene-1094_013,roll,0.5,far>30m,25,25,283.1318531998592,25,2
nuscenes,scene-1094_013,roll,0.5,mid15-30m,255,255,2922.7537605321986,255,4
nuscenes,scene-1094_013,roll,1.0,near<15m,243,243,5753.327720611327,243,2
nuscenes,scene-1094_013,roll,1.0,far>30m,25,8,566.4109481419371,25,2
nuscenes,scene-1094_013,roll,1.0,mid15-30m,255,255,5845.859579279447,255,4
nuscenes,scene-1094_013,roll,2.0,near<15m,243,239,11494.191407370301,243,2
nuscenes,scene-1094_013,roll,2.0,far>30m,25,8,1133.600328912727,25,2
nuscenes,scene-1094_013,roll,2.0,mid15-30m,255,244,11695.041026167799,255,4
nuscenes,scene-1094_013,roll,3.0,near<15m,243,219,17226.671724319975,243,2
nuscenes,scene-1094_013,roll,3.0,far>30m,25,0,1701.948426683341,25,2
nuscenes,scene-1094_013,roll,3.0,mid15-30m,255,183,17551.37765818151,255,4
nuscenes,scene-1094_013,tx,2.0,near<15m,243,243,560.7905928670926,243,2
nuscenes,scene-1094_013,tx,2.0,far>30m,25,25,18.51148004306712,25,2
nuscenes,scene-1094_013,tx,2.0,mid15-30m,255,255,354.62186220411945,255,4
nuscenes,scene-1094_013,tx,5.0,near<15m,243,242,1401.9313596830495,243,2
nuscenes,scene-1094_013,tx,5.0,far>30m,25,25,46.27823912094938,25,2
nuscenes,scene-1094_013,tx,5.0,mid15-30m,255,255,886.5379237369111,255,4
nuscenes,scene-1094_013,tx,10.0,near<15m,243,239,2803.712324498898,243,2
nuscenes,scene-1094_013,tx,10.0,far>30m,25,25,92.55494166054228,25,2
nuscenes,scene-1094_013,tx,10.0,mid15-30m,255,255,1773.0200777261214,255,4
nuscenes,scene-1094_013,ty,2.0,near<15m,243,243,194.88824585712007,243,2
nuscenes,scene-1094_013,ty,2.0,far>30m,25,25,7.087404610661827,25,2
nuscenes,scene-1094_013,ty,2.0,mid15-30m,255,255,55.30960047270754,255,4
nuscenes,scene-1094_013,ty,5.0,near<15m,243,242,485.6861179536468,243,2
nuscenes,scene-1094_013,ty,5.0,far>30m,25,25,17.703162993560785,25,2
nuscenes,scene-1094_013,ty,5.0,mid15-30m,255,255,138.05236758170858,255,4
nuscenes,scene-1094_013,ty,10.0,near<15m,243,242,966.300928646259,243,2
nuscenes,scene-1094_013,ty,10.0,far>30m,25,25,35.355282856916546,25,2
nuscenes,scene-1094_013,ty,10.0,mid15-30m,255,255,275.3691325411545,255,4
nuscenes,scene-1094_013,tz,2.0,near<15m,243,243,559.1301200786415,243,2
nuscenes,scene-1094_013,tz,2.0,far>30m,25,25,18.41978603806757,25,2
nuscenes,scene-1094_013,tz,2.0,mid15-30m,255,255,354.9409737332087,255,4
nuscenes,scene-1094_013,tz,5.0,near<15m,243,243,1397.7512277727428,243,2
nuscenes,scene-1094_013,tz,5.0,far>30m,25,25,46.048709501678154,25,2
nuscenes,scene-1094_013,tz,5.0,mid15-30m,255,255,887.3248494977934,255,4
nuscenes,scene-1094_013,tz,10.0,near<15m,243,243,2795.255583723382,243,2
nuscenes,scene-1094_013,tz,10.0,far>30m,25,25,92.0949004692082,25,2
nuscenes,scene-1094_013,tz,10.0,mid15-30m,255,255,1774.5577572305638,255,4
nuscenes,scene-1094_014,none,0.0,near<15m,322,322,0.0,322,2
nuscenes,scene-1094_014,none,0.0,mid15-30m,297,297,0.0,297,4
nuscenes,scene-1094_014,none,0.0,far>30m,27,27,0.0,27,2
nuscenes,scene-1094_014,yaw,0.5,near<15m,322,319,4050.882706105629,322,2
nuscenes,scene-1094_014,yaw,0.5,mid15-30m,297,297,3849.8247411048674,297,4
nuscenes,scene-1094_014,yaw,0.5,far>30m,27,27,311.99888791744866,27,2
nuscenes,scene-1094_014,yaw,1.0,near<15m,322,310,8110.039030249911,322,2
nuscenes,scene-1094_014,yaw,1.0,mid15-30m,297,296,7677.435092661561,297,4
nuscenes,scene-1094_014,yaw,1.0,far>30m,27,26,624.8753913581338,27,2
nuscenes,scene-1094_014,yaw,2.0,near<15m,322,281,16256.550680467624,322,2
nuscenes,scene-1094_014,yaw,2.0,mid15-30m,297,289,15269.397606500374,297,4
nuscenes,scene-1094_014,yaw,2.0,far>30m,27,15,1253.4753404686523,27,2
nuscenes,scene-1094_014,yaw,3.0,near<15m,322,253,24446.380422793693,322,2
nuscenes,scene-1094_014,yaw,3.0,mid15-30m,297,273,22782.49334643836,297,4
nuscenes,scene-1094_014,yaw,3.0,far>30m,27,6,1886.2344076431868,27,2
nuscenes,scene-1094_014,pitch,0.5,near<15m,322,322,876.7416774004906,322,2
nuscenes,scene-1094_014,pitch,0.5,mid15-30m,297,297,1171.8733666326889,297,4
nuscenes,scene-1094_014,pitch,0.5,far>30m,27,27,42.09638937472242,27,2
nuscenes,scene-1094_014,pitch,1.0,near<15m,322,322,1753.443288557054,322,2
nuscenes,scene-1094_014,pitch,1.0,mid15-30m,297,295,2343.8026996224353,297,4
nuscenes,scene-1094_014,pitch,1.0,far>30m,27,27,84.19073830594922,27,2
nuscenes,scene-1094_014,pitch,2.0,near<15m,322,321,3506.6581554896993,322,2
nuscenes,scene-1094_014,pitch,2.0,mid15-30m,297,273,4687.742759101742,297,4
nuscenes,scene-1094_014,pitch,2.0,far>30m,27,27,168.37008458361413,27,2
nuscenes,scene-1094_014,pitch,3.0,near<15m,322,314,5259.50834286335,322,2
nuscenes,scene-1094_014,pitch,3.0,mid15-30m,297,264,7031.6470301485315,297,4
nuscenes,scene-1094_014,pitch,3.0,far>30m,27,27,252.53158111050442,27,2
nuscenes,scene-1094_014,roll,0.5,near<15m,322,322,3793.968235709712,322,2
nuscenes,scene-1094_014,roll,0.5,mid15-30m,297,297,3414.2246608141027,297,4
nuscenes,scene-1094_014,roll,0.5,far>30m,27,27,304.77714071525884,27,2
nuscenes,scene-1094_014,roll,1.0,near<15m,322,322,7583.567004887527,322,2
nuscenes,scene-1094_014,roll,1.0,mid15-30m,297,297,6828.295710354126,297,4
nuscenes,scene-1094_014,roll,1.0,far>30m,27,10,609.6817997546157,27,2
nuscenes,scene-1094_014,roll,2.0,near<15m,322,303,15152.279094300875,322,2
nuscenes,scene-1094_014,roll,2.0,mid15-30m,297,293,13658.303104305614,297,4
nuscenes,scene-1094_014,roll,2.0,far>30m,27,5,1220.0673872838393,27,2
nuscenes,scene-1094_014,roll,3.0,near<15m,322,288,22711.357631810384,322,2
nuscenes,scene-1094_014,roll,3.0,mid15-30m,297,261,20494.677946629236,297,4
nuscenes,scene-1094_014,roll,3.0,far>30m,27,1,1831.5454199093301,27,2
nuscenes,scene-1094_014,tx,2.0,near<15m,322,322,725.7432561079272,322,2
nuscenes,scene-1094_014,tx,2.0,mid15-30m,297,297,472.2441722861741,297,4
nuscenes,scene-1094_014,tx,2.0,far>30m,27,27,19.648087074591572,27,2
nuscenes,scene-1094_014,tx,5.0,near<15m,322,321,1814.2969230481747,322,2
nuscenes,scene-1094_014,tx,5.0,mid15-30m,297,297,1180.581827305768,297,4
nuscenes,scene-1094_014,tx,5.0,far>30m,27,27,49.119682131055555,27,2
nuscenes,scene-1094_014,tx,10.0,near<15m,322,320,3628.3898071604394,322,2
nuscenes,scene-1094_014,tx,10.0,mid15-30m,297,297,2361.068316164863,297,4
nuscenes,scene-1094_014,tx,10.0,far>30m,27,27,98.23757912971499,27,2
nuscenes,scene-1094_014,ty,2.0,near<15m,322,322,178.05622678708508,322,2
nuscenes,scene-1094_014,ty,2.0,mid15-30m,297,297,176.35293676941743,297,4
nuscenes,scene-1094_014,ty,2.0,far>30m,27,27,2.6952802949865653,27,2
nuscenes,scene-1094_014,ty,5.0,near<15m,322,322,443.9254001868304,322,2
nuscenes,scene-1094_014,ty,5.0,mid15-30m,297,297,440.01104747698105,297,4
nuscenes,scene-1094_014,ty,5.0,far>30m,27,27,6.732586541126942,27,2
nuscenes,scene-1094_014,ty,10.0,near<15m,322,322,883.829687479211,322,2
nuscenes,scene-1094_014,ty,10.0,mid15-30m,297,297,877.1331450591974,297,4
nuscenes,scene-1094_014,ty,10.0,far>30m,27,27,13.446500905439699,27,2
nuscenes,scene-1094_014,tz,2.0,near<15m,322,322,725.6448049674177,322,2
nuscenes,scene-1094_014,tz,2.0,mid15-30m,297,297,474.2764981490128,297,4
nuscenes,scene-1094_014,tz,2.0,far>30m,27,27,19.603801163365432,27,2
nuscenes,scene-1094_014,tz,5.0,near<15m,322,322,1814.019314052125,322,2
nuscenes,scene-1094_014,tz,5.0,mid15-30m,297,297,1185.6477290094977,297,4
nuscenes,scene-1094_014,tz,5.0,far>30m,27,27,49.008693545366796,27,2
nuscenes,scene-1094_014,tz,10.0,near<15m,322,322,3627.729675904122,322,2
nuscenes,scene-1094_014,tz,10.0,mid15-30m,297,297,2371.1504178834202,297,4
nuscenes,scene-1094_014,tz,10.0,far>30m,27,27,98.01468933373823,27,2
nuscenes,scene-1094_015,none,0.0,near<15m,385,385,0.0,385,2
nuscenes,scene-1094_015,none,0.0,mid15-30m,89,89,0.0,89,3
nuscenes,scene-1094_015,none,0.0,far>30m,29,29,0.0,29,2
nuscenes,scene-1094_015,yaw,0.5,near<15m,385,381,5244.437089850872,385,2
nuscenes,scene-1094_015,yaw,0.5,mid15-30m,89,87,1186.3327978761604,89,3
nuscenes,scene-1094_015,yaw,0.5,far>30m,29,29,330.93956014755264,29,2
nuscenes,scene-1094_015,yaw,1.0,near<15m,385,370,10461.181546844291,385,2
nuscenes,scene-1094_015,yaw,1.0,mid15-30m,89,85,2364.74640531947,89,3
nuscenes,scene-1094_015,yaw,1.0,far>30m,29,28,661.3302972536419,29,2
nuscenes,scene-1094_015,yaw,2.0,near<15m,385,352,20816.70410775591,385,2
nuscenes,scene-1094_015,yaw,2.0,mid15-30m,89,73,4698.957919653038,89,3
nuscenes,scene-1094_015,yaw,2.0,far>30m,29,21,1320.6793983950097,29,2
nuscenes,scene-1094_015,yaw,3.0,near<15m,385,319,31076.56383012789,385,2
nuscenes,scene-1094_015,yaw,3.0,mid15-30m,89,58,7004.853923038427,89,3
nuscenes,scene-1094_015,yaw,3.0,far>30m,29,12,1978.4725233465888,29,2
nuscenes,scene-1094_015,pitch,0.5,near<15m,385,383,1718.689724312396,385,2
nuscenes,scene-1094_015,pitch,0.5,mid15-30m,89,89,371.6040442829131,89,3
nuscenes,scene-1094_015,pitch,0.5,far>30m,29,29,38.784908330608204,29,2
nuscenes,scene-1094_015,pitch,1.0,near<15m,385,375,3437.4604569048897,385,2
nuscenes,scene-1094_015,pitch,1.0,mid15-30m,89,89,743.2264875832644,89,3
nuscenes,scene-1094_015,pitch,1.0,far>30m,29,29,77.56984203970735,29,2
nuscenes,scene-1094_015,pitch,2.0,near<15m,385,373,6875.116686220801,385,2
nuscenes,scene-1094_015,pitch,2.0,mid15-30m,89,89,1486.4993619233435,89,3
nuscenes,scene-1094_015,pitch,2.0,far>30m,29,29,155.13686852593204,29,2
nuscenes,scene-1094_015,pitch,3.0,near<15m,385,361,10312.711967906562,385,2
nuscenes,scene-1094_015,pitch,3.0,mid15-30m,89,89,2229.7641598246673,89,3
nuscenes,scene-1094_015,pitch,3.0,far>30m,29,29,232.69524421923416,29,2
nuscenes,scene-1094_015,roll,0.5,near<15m,385,385,4564.041003982392,385,2
nuscenes,scene-1094_015,roll,0.5,mid15-30m,89,89,1019.4697232754335,89,3
nuscenes,scene-1094_015,roll,0.5,far>30m,29,29,326.5587239681554,29,2
nuscenes,scene-1094_015,roll,1.0,near<15m,385,385,9121.817324419499,385,2
nuscenes,scene-1094_015,roll,1.0,mid15-30m,89,89,2039.4864211645004,89,3
nuscenes,scene-1094_015,roll,1.0,far>30m,29,21,653.2590904206395,29,2
nuscenes,scene-1094_015,roll,2.0,near<15m,385,370,18221.873465026296,385,2
nuscenes,scene-1094_015,roll,2.0,mid15-30m,89,86,4081.862913564066,89,3
nuscenes,scene-1094_015,roll,2.0,far>30m,29,4,1307.2912028682858,29,2
nuscenes,scene-1094_015,roll,3.0,near<15m,385,343,27306.72670108343,385,2
nuscenes,scene-1094_015,roll,3.0,mid15-30m,89,57,6128.538743413457,89,3
nuscenes,scene-1094_015,roll,3.0,far>30m,29,0,1962.5105770891348,29,2
nuscenes,scene-1094_015,tx,2.0,near<15m,385,383,1018.1199558595353,385,2
nuscenes,scene-1094_015,tx,2.0,mid15-30m,89,89,129.49775205746107,89,3
nuscenes,scene-1094_015,tx,2.0,far>30m,29,29,22.424793620654484,29,2
nuscenes,scene-1094_015,tx,5.0,near<15m,385,379,2545.2071166843616,385,2
nuscenes,scene-1094_015,tx,5.0,mid15-30m,89,89,323.73784782976156,89,3
nuscenes,scene-1094_015,tx,5.0,far>30m,29,29,56.06140039564677,29,2
nuscenes,scene-1094_015,tx,10.0,near<15m,385,377,5090.10502108045,385,2
nuscenes,scene-1094_015,tx,10.0,mid15-30m,89,85,647.4539224897551,89,3
nuscenes,scene-1094_015,tx,10.0,far>30m,29,29,112.12085532597597,29,2
nuscenes,scene-1094_015,ty,2.0,near<15m,385,385,431.91207427729137,385,2
nuscenes,scene-1094_015,ty,2.0,mid15-30m,89,89,54.54860624816001,89,3
nuscenes,scene-1094_015,ty,2.0,far>30m,29,29,2.927402839337943,29,2
nuscenes,scene-1094_015,ty,5.0,near<15m,385,385,1076.1195353156627,385,2
nuscenes,scene-1094_015,ty,5.0,mid15-30m,89,89,136.1063137932209,89,3
nuscenes,scene-1094_015,ty,5.0,far>30m,29,29,7.311438481233178,29,2
nuscenes,scene-1094_015,ty,10.0,near<15m,385,385,2140.1486837682637,385,2
nuscenes,scene-1094_015,ty,10.0,mid15-30m,89,89,271.3332575205068,89,3
nuscenes,scene-1094_015,ty,10.0,far>30m,29,29,14.599376027058563,29,2
nuscenes,scene-1094_015,tz,2.0,near<15m,385,385,1022.9459979362465,385,2
nuscenes,scene-1094_015,tz,2.0,mid15-30m,89,89,130.00059571818775,89,3
nuscenes,scene-1094_015,tz,2.0,far>30m,29,29,22.442823627231817,29,2
nuscenes,scene-1094_015,tz,5.0,near<15m,385,385,2557.2216814693543,385,2
nuscenes,scene-1094_015,tz,5.0,mid15-30m,89,89,324.99140919373906,89,3
nuscenes,scene-1094_015,tz,5.0,far>30m,29,29,56.10616131984362,29,2
nuscenes,scene-1094_015,tz,10.0,near<15m,385,385,5113.965725144674,385,2
nuscenes,scene-1094_015,tz,10.0,mid15-30m,89,89,649.9492209178785,89,3
nuscenes,scene-1094_015,tz,10.0,far>30m,29,29,112.20933027474277,29,2
nuscenes,scene-1094_016,none,0.0,near<15m,15,15,0.0,15,1
nuscenes,scene-1094_016,none,0.0,mid15-30m,158,158,0.0,158,4
nuscenes,scene-1094_016,none,0.0,far>30m,17,17,0.0,17,1
nuscenes,scene-1094_016,yaw,0.5,near<15m,15,15,236.8890730011474,15,1
nuscenes,scene-1094_016,yaw,0.5,mid15-30m,158,157,1991.7655463486958,158,4
nuscenes,scene-1094_016,yaw,0.5,far>30m,17,17,202.01354856148797,17,1
nuscenes,scene-1094_016,yaw,1.0,near<15m,15,5,471.27129948047684,15,1
nuscenes,scene-1094_016,yaw,1.0,mid15-30m,158,151,3975.9440791428597,158,4
nuscenes,scene-1094_016,yaw,1.0,far>30m,17,14,403.19340458373506,17,1
nuscenes,scene-1094_016,yaw,2.0,near<15m,15,0,932.8220136588716,15,1
nuscenes,scene-1094_016,yaw,2.0,mid15-30m,158,136,7923.207613322138,158,4
nuscenes,scene-1094_016,yaw,2.0,far>30m,17,9,803.1971953373024,17,1
nuscenes,scene-1094_016,yaw,3.0,near<15m,15,0,1385.2427089134324,15,1
nuscenes,scene-1094_016,yaw,3.0,mid15-30m,158,113,11845.06749762643,158,4
nuscenes,scene-1094_016,yaw,3.0,far>30m,17,6,1200.2964973193693,17,1
nuscenes,scene-1094_016,pitch,0.5,near<15m,15,15,101.98032824683054,15,1
nuscenes,scene-1094_016,pitch,0.5,mid15-30m,158,158,475.02424612012123,158,4
nuscenes,scene-1094_016,pitch,0.5,far>30m,17,17,47.22297245613144,17,1
nuscenes,scene-1094_016,pitch,1.0,near<15m,15,15,203.96897782164083,15,1
nuscenes,scene-1094_016,pitch,1.0,mid15-30m,158,158,950.0689332870281,158,4
nuscenes,scene-1094_016,pitch,1.0,far>30m,17,17,94.44690259820638,17,1
nuscenes,scene-1094_016,pitch,2.0,near<15m,15,14,407.963548950995,15,1
nuscenes,scene-1094_016,pitch,2.0,mid15-30m,158,143,1900.1836210832964,158,4
nuscenes,scene-1094_016,pitch,2.0,far>30m,17,17,188.8940758018005,17,1
nuscenes,scene-1094_016,pitch,3.0,near<15m,15,14,611.9683108475269,15,1
nuscenes,scene-1094_016,pitch,3.0,mid15-30m,158,141,2850.2719924823195,158,4
nuscenes,scene-1094_016,pitch,3.0,far>30m,17,17,283.33439623793106,17,1
nuscenes,scene-1094_016,roll,0.5,near<15m,15,15,177.20821162213974,15,1
nuscenes,scene-1094_016,roll,0.5,mid15-30m,158,153,1815.8237138171462,158,4
nuscenes,scene-1094_016,roll,0.5,far>30m,17,17,191.3175040878254,17,1
nuscenes,scene-1094_016,roll,1.0,near<15m,15,15,354.2255479182905,15,1
nuscenes,scene-1094_016,roll,1.0,mid15-30m,158,153,3630.1293772224935,158,4
nuscenes,scene-1094_016,roll,1.0,far>30m,17,4,382.7655125137871,17,1
nuscenes,scene-1094_016,roll,2.0,near<15m,15,14,707.8225221490909,15,1
nuscenes,scene-1094_016,roll,2.0,mid15-30m,158,141,7255.406505440707,158,4
nuscenes,scene-1094_016,roll,2.0,far>30m,17,4,766.1760871638978,17,1
nuscenes,scene-1094_016,roll,3.0,near<15m,15,13,1061.0597330971077,15,1
nuscenes,scene-1094_016,roll,3.0,mid15-30m,158,89,10878.263859702613,158,4
nuscenes,scene-1094_016,roll,3.0,far>30m,17,0,1150.4788999412588,17,1
nuscenes,scene-1094_016,tx,2.0,near<15m,15,10,41.885382281342274,15,1
nuscenes,scene-1094_016,tx,2.0,mid15-30m,158,158,250.10259388100056,158,4
nuscenes,scene-1094_016,tx,2.0,far>30m,17,17,13.054454305480293,17,1
nuscenes,scene-1094_016,tx,5.0,near<15m,15,10,104.71215702625005,15,1
nuscenes,scene-1094_016,tx,5.0,mid15-30m,158,158,625.2519278734535,158,4
nuscenes,scene-1094_016,tx,5.0,far>30m,17,17,32.63602452124215,17,1
nuscenes,scene-1094_016,tx,10.0,near<15m,15,5,209.419985272034,15,1
nuscenes,scene-1094_016,tx,10.0,mid15-30m,158,157,1250.48866662007,158,4
nuscenes,scene-1094_016,tx,10.0,far>30m,17,17,65.27167823766591,17,1
nuscenes,scene-1094_016,ty,2.0,near<15m,15,15,25.745513057118007,15,1
nuscenes,scene-1094_016,ty,2.0,mid15-30m,158,158,62.548547107156956,158,4
nuscenes,scene-1094_016,ty,2.0,far>30m,17,17,3.319257988181748,17,1
nuscenes,scene-1094_016,ty,5.0,near<15m,15,15,64.15152942450375,15,1
nuscenes,scene-1094_016,ty,5.0,mid15-30m,158,158,156.0819060807426,158,4
nuscenes,scene-1094_016,ty,5.0,far>30m,17,17,8.290574977309094,17,1
nuscenes,scene-1094_016,ty,10.0,near<15m,15,15,127.60173758209355,15,1
nuscenes,scene-1094_016,ty,10.0,mid15-30m,158,158,311.20385484032477,158,4
nuscenes,scene-1094_016,ty,10.0,far>30m,17,17,16.55597799391847,17,1
nuscenes,scene-1094_016,tz,2.0,near<15m,15,15,42.00573804467222,15,1
nuscenes,scene-1094_016,tz,2.0,mid15-30m,158,158,250.4510217249885,158,4
nuscenes,scene-1094_016,tz,2.0,far>30m,17,17,13.05607517654017,17,1
nuscenes,scene-1094_016,tz,5.0,near<15m,15,15,105.00791109264114,15,1
nuscenes,scene-1094_016,tz,5.0,mid15-30m,158,158,626.1050113580088,158,4
nuscenes,scene-1094_016,tz,5.0,far>30m,17,17,32.63963829482249,17,1
nuscenes,scene-1094_016,tz,10.0,near<15m,15,15,209.9943789597669,15,1
nuscenes,scene-1094_016,tz,10.0,mid15-30m,158,158,1252.1348869465214,158,4
nuscenes,scene-1094_016,tz,10.0,far>30m,17,17,65.27744451690683,17,1
nuscenes,scene-1094_017,none,0.0,mid15-30m,123,123,0.0,123,3
nuscenes,scene-1094_017,none,0.0,far>30m,16,16,0.0,16,1
nuscenes,scene-1094_017,yaw,0.5,mid15-30m,123,121,1526.907570381531,123,3
nuscenes,scene-1094_017,yaw,0.5,far>30m,16,16,201.96791217587827,16,1
nuscenes,scene-1094_017,yaw,1.0,mid15-30m,123,114,3048.663232228919,123,3
nuscenes,scene-1094_017,yaw,1.0,far>30m,16,16,402.711823180923,16,1
nuscenes,scene-1094_017,yaw,2.0,mid15-30m,123,106,6077.956872294962,123,3
nuscenes,scene-1094_017,yaw,2.0,far>30m,16,14,800.6957261490088,16,1
nuscenes,scene-1094_017,yaw,3.0,mid15-30m,123,85,9090.317572649354,123,3
nuscenes,scene-1094_017,yaw,3.0,far>30m,16,9,1194.2794855606144,16,1
nuscenes,scene-1094_017,pitch,0.5,mid15-30m,123,123,298.49405030807014,123,3
nuscenes,scene-1094_017,pitch,0.5,far>30m,16,16,62.65758970429593,16,1
nuscenes,scene-1094_017,pitch,1.0,mid15-30m,123,123,597.0004576757275,123,3
nuscenes,scene-1094_017,pitch,1.0,far>30m,16,16,125.31739452354542,16,1
nuscenes,scene-1094_017,pitch,2.0,mid15-30m,123,121,1194.0274489535948,123,3
nuscenes,scene-1094_017,pitch,2.0,far>30m,16,16,250.63887062645574,16,1
nuscenes,scene-1094_017,pitch,3.0,mid15-30m,123,119,1791.0351529849277,123,3
nuscenes,scene-1094_017,pitch,3.0,far>30m,16,16,375.9548646486745,16,1
nuscenes,scene-1094_017,roll,0.5,mid15-30m,123,123,1408.043324503683,123,3
nuscenes,scene-1094_017,roll,0.5,far>30m,16,16,180.72965485322953,16,1
nuscenes,scene-1094_017,roll,1.0,mid15-30m,123,114,2815.532356926701,123,3
nuscenes,scene-1094_017,roll,1.0,far>30m,16,16,361.59310876700124,16,1
nuscenes,scene-1094_017,roll,2.0,mid15-30m,123,108,5629.781557720407,123,3
nuscenes,scene-1094_017,roll,2.0,far>30m,16,4,723.8409095061763,16,1
nuscenes,scene-1094_017,roll,3.0,mid15-30m,123,60,8444.613882346635,123,3
nuscenes,scene-1094_017,roll,3.0,far>30m,16,0,1086.9834939304162,16,1
nuscenes,scene-1094_017,tx,2.0,mid15-30m,123,122,184.45554205452117,123,3
nuscenes,scene-1094_017,tx,2.0,far>30m,16,16,14.003861799118212,16,1
nuscenes,scene-1094_017,tx,5.0,mid15-30m,123,122,461.14108193731437,123,3
nuscenes,scene-1094_017,tx,5.0,far>30m,16,16,35.00975118870068,16,1
nuscenes,scene-1094_017,tx,10.0,mid15-30m,123,120,922.2895866419221,123,3
nuscenes,scene-1094_017,tx,10.0,far>30m,16,16,70.01982468280129,16,1
nuscenes,scene-1094_017,ty,2.0,mid15-30m,123,123,34.31068313953898,123,3
nuscenes,scene-1094_017,ty,2.0,far>30m,16,16,4.991362984814106,16,1
nuscenes,scene-1094_017,ty,5.0,mid15-30m,123,123,85.6424884258278,123,3
nuscenes,scene-1094_017,ty,5.0,far>30m,16,16,12.465481848191452,16,1
nuscenes,scene-1094_017,ty,10.0,mid15-30m,123,123,170.83947617886994,123,3
nuscenes,scene-1094_017,ty,10.0,far>30m,16,16,24.887997183549533,16,1
nuscenes,scene-1094_017,tz,2.0,mid15-30m,123,123,184.42705705606784,123,3
nuscenes,scene-1094_017,tz,2.0,far>30m,16,16,13.979592072410684,16,1
nuscenes,scene-1094_017,tz,5.0,mid15-30m,123,123,461.05309370713036,123,3
nuscenes,scene-1094_017,tz,5.0,far>30m,16,16,34.94834949540075,16,1
nuscenes,scene-1094_017,tz,10.0,mid15-30m,123,123,922.057695121845,123,3
nuscenes,scene-1094_017,tz,10.0,far>30m,16,16,69.89459680659981,16,1
nuscenes,scene-1094_018,none,0.0,mid15-30m,114,114,0.0,114,3
nuscenes,scene-1094_018,yaw,0.5,mid15-30m,114,111,1451.6144335407494,114,3
nuscenes,scene-1094_018,yaw,1.0,mid15-30m,114,106,2896.6430844911797,114,3
nuscenes,scene-1094_018,yaw,2.0,mid15-30m,114,93,5768.206147700483,114,3
nuscenes,scene-1094_018,yaw,3.0,mid15-30m,114,74,8617.16271950387,114,3
nuscenes,scene-1094_018,pitch,0.5,mid15-30m,114,114,334.7890178961456,114,3
nuscenes,scene-1094_018,pitch,1.0,mid15-30m,114,114,669.5972920238179,114,3
nuscenes,scene-1094_018,pitch,2.0,mid15-30m,114,111,1339.2459052455386,114,3
nuscenes,scene-1094_018,pitch,3.0,mid15-30m,114,110,2008.8943864566427,114,3
nuscenes,scene-1094_018,roll,0.5,mid15-30m,114,114,1302.6914889634395,114,3
nuscenes,scene-1094_018,roll,1.0,mid15-30m,114,104,2604.563941664722,114,3
nuscenes,scene-1094_018,roll,2.0,mid15-30m,114,94,5206.7235401642665,114,3
nuscenes,scene-1094_018,roll,3.0,mid15-30m,114,91,7808.218888818576,114,3
nuscenes,scene-1094_018,tx,2.0,mid15-30m,114,114,171.77431402043186,114,3
nuscenes,scene-1094_018,tx,5.0,mid15-30m,114,113,429.43712014668904,114,3
nuscenes,scene-1094_018,tx,10.0,mid15-30m,114,112,858.8786906493353,114,3
nuscenes,scene-1094_018,ty,2.0,mid15-30m,114,114,44.707356083612844,114,3
nuscenes,scene-1094_018,ty,5.0,mid15-30m,114,114,111.56517526017011,114,3
nuscenes,scene-1094_018,ty,10.0,mid15-30m,114,114,222.45629808023645,114,3
nuscenes,scene-1094_018,tz,2.0,mid15-30m,114,114,171.78211871097506,114,3
nuscenes,scene-1094_018,tz,5.0,mid15-30m,114,114,429.44028320738295,114,3
nuscenes,scene-1094_018,tz,10.0,mid15-30m,114,114,858.8305258967564,114,3
nuscenes,scene-1094_019,none,0.0,mid15-30m,119,119,0.0,119,4
nuscenes,scene-1094_019,yaw,0.5,mid15-30m,119,115,1548.7724651815217,119,4
nuscenes,scene-1094_019,yaw,1.0,mid15-30m,119,109,3088.935840882339,119,4
nuscenes,scene-1094_019,yaw,2.0,mid15-30m,119,92,6144.850704738346,119,4
nuscenes,scene-1094_019,yaw,3.0,mid15-30m,119,68,9170.50660998491,119,4
nuscenes,scene-1094_019,pitch,0.5,mid15-30m,119,119,421.38782318221934,119,4
nuscenes,scene-1094_019,pitch,1.0,mid15-30m,119,118,842.7985914112835,119,4
nuscenes,scene-1094_019,pitch,2.0,mid15-30m,119,115,1685.656702110722,119,4
nuscenes,scene-1094_019,pitch,3.0,mid15-30m,119,112,2528.50975523794,119,4
nuscenes,scene-1094_019,roll,0.5,mid15-30m,119,119,1355.1296849381563,119,4
nuscenes,scene-1094_019,roll,1.0,mid15-30m,119,119,2709.4910723511116,119,4
nuscenes,scene-1094_019,roll,2.0,mid15-30m,119,96,5416.820540263939,119,4
nuscenes,scene-1094_019,roll,3.0,mid15-30m,119,76,8123.8085221320725,119,4
nuscenes,scene-1094_019,tx,2.0,mid15-30m,119,119,163.32530750943704,119,4
nuscenes,scene-1094_019,tx,5.0,mid15-30m,119,118,408.3140437535549,119,4
nuscenes,scene-1094_019,tx,10.0,mid15-30m,119,117,816.6306707870131,119,4
nuscenes,scene-1094_019,ty,2.0,mid15-30m,119,119,50.095687726877905,119,4
nuscenes,scene-1094_019,ty,5.0,mid15-30m,119,119,125.03333453985573,119,4
nuscenes,scene-1094_019,ty,10.0,mid15-30m,119,119,249.38350815573833,119,4
nuscenes,scene-1094_019,tz,2.0,mid15-30m,119,119,163.34127218991677,119,4
nuscenes,scene-1094_019,tz,5.0,mid15-30m,119,119,408.341024057157,119,4
nuscenes,scene-1094_019,tz,10.0,mid15-30m,119,119,816.6415300172184,119,4
nuscenes,scene-1094_020,none,0.0,mid15-30m,83,83,0.0,83,3
nuscenes,scene-1094_020,yaw,0.5,mid15-30m,83,80,1092.0216773897519,83,3
nuscenes,scene-1094_020,yaw,1.0,mid15-30m,83,77,2177.697498131924,83,3
nuscenes,scene-1094_020,yaw,2.0,mid15-30m,83,63,4331.042459001876,83,3
nuscenes,scene-1094_020,yaw,3.0,mid15-30m,83,51,6462.044174002837,83,3
nuscenes,scene-1094_020,pitch,0.5,mid15-30m,83,82,294.2994638543129,83,3
nuscenes,scene-1094_020,pitch,1.0,mid15-30m,83,82,588.6159048127424,83,3
nuscenes,scene-1094_020,pitch,2.0,mid15-30m,83,82,1177.2770944363906,83,3
nuscenes,scene-1094_020,pitch,3.0,mid15-30m,83,78,1765.938281339459,83,3
nuscenes,scene-1094_020,roll,0.5,mid15-30m,83,77,944.411135860121,83,3
nuscenes,scene-1094_020,roll,1.0,mid15-30m,83,77,1888.4177261444047,83,3
nuscenes,scene-1094_020,roll,2.0,mid15-30m,83,60,3775.854367043123,83,3
nuscenes,scene-1094_020,roll,3.0,mid15-30m,83,45,5663.5828338089,83,3
nuscenes,scene-1094_020,tx,2.0,mid15-30m,83,83,114.46977747534946,83,3
nuscenes,scene-1094_020,tx,5.0,mid15-30m,83,82,286.17558623696016,83,3
nuscenes,scene-1094_020,tx,10.0,mid15-30m,83,80,572.3549810099544,83,3
nuscenes,scene-1094_020,ty,2.0,mid15-30m,83,83,35.91936016775933,83,3
nuscenes,scene-1094_020,ty,5.0,mid15-30m,83,83,89.65267402477153,83,3
nuscenes,scene-1094_020,ty,10.0,mid15-30m,83,83,178.82170511388682,83,3
nuscenes,scene-1094_020,tz,2.0,mid15-30m,83,83,114.41425200995113,83,3
nuscenes,scene-1094_020,tz,5.0,mid15-30m,83,83,286.0275372045067,83,3
nuscenes,scene-1094_020,tz,10.0,mid15-30m,83,83,572.028100385093,83,3
nuscenes,scene-1094_021,none,0.0,mid15-30m,81,81,0.0,81,3
nuscenes,scene-1094_021,yaw,0.5,mid15-30m,81,77,1051.5924614379232,81,3
nuscenes,scene-1094_021,yaw,1.0,mid15-30m,81,73,2097.519819170806,81,3
nuscenes,scene-1094_021,yaw,2.0,mid15-30m,81,53,4173.341004339691,81,3
nuscenes,scene-1094_021,yaw,3.0,mid15-30m,81,32,6229.340805105181,81,3
nuscenes,scene-1094_021,pitch,0.5,mid15-30m,81,80,269.60561332568324,81,3
nuscenes,scene-1094_021,pitch,1.0,mid15-30m,81,80,539.2266138316619,81,3
nuscenes,scene-1094_021,pitch,2.0,mid15-30m,81,79,1078.4939805918684,81,3
nuscenes,scene-1094_021,pitch,3.0,mid15-30m,81,76,1617.760472041653,81,3
nuscenes,scene-1094_021,roll,0.5,mid15-30m,81,77,925.0867165661971,81,3
nuscenes,scene-1094_021,roll,1.0,mid15-30m,81,72,1849.3806049889486,81,3
nuscenes,scene-1094_021,roll,2.0,mid15-30m,81,71,3696.213737933199,81,3
nuscenes,scene-1094_021,roll,3.0,mid15-30m,81,49,5541.743277402533,81,3
nuscenes,scene-1094_021,tx,2.0,mid15-30m,81,81,121.25868821265755,81,3
nuscenes,scene-1094_021,tx,5.0,mid15-30m,81,80,303.1483777976257,81,3
nuscenes,scene-1094_021,tx,10.0,mid15-30m,81,80,606.3022798966738,81,3
nuscenes,scene-1094_021,ty,2.0,mid15-30m,81,81,38.73637818368361,81,3
nuscenes,scene-1094_021,ty,5.0,mid15-30m,81,81,96.65434118633848,81,3
nuscenes,scene-1094_021,ty,10.0,mid15-30m,81,81,192.68986798457433,81,3
nuscenes,scene-1094_021,tz,2.0,mid15-30m,81,81,121.22077894977656,81,3
nuscenes,scene-1094_021,tz,5.0,mid15-30m,81,81,303.04203277577494,81,3
nuscenes,scene-1094_021,tz,10.0,mid15-30m,81,81,606.0510198075829,81,3
nuscenes,scene-1094_022,none,0.0,mid15-30m,50,50,0.0,50,2
nuscenes,scene-1094_022,yaw,0.5,mid15-30m,50,46,646.6375324590099,50,2
nuscenes,scene-1094_022,yaw,1.0,mid15-30m,50,46,1289.7497981423003,50,2
nuscenes,scene-1094_022,yaw,2.0,mid15-30m,50,40,2565.9842672318255,50,2
nuscenes,scene-1094_022,yaw,3.0,mid15-30m,50,31,3829.846568599418,50,2
nuscenes,scene-1094_022,pitch,0.5,mid15-30m,50,50,165.74815412621825,50,2
nuscenes,scene-1094_022,pitch,1.0,mid15-30m,50,50,331.5052869573596,50,2
nuscenes,scene-1094_022,pitch,2.0,mid15-30m,50,49,663.0336932584004,50,2
nuscenes,scene-1094_022,pitch,3.0,mid15-30m,50,49,994.5596063348205,50,2
nuscenes,scene-1094_022,roll,0.5,mid15-30m,50,50,568.9494701938609,50,2
nuscenes,scene-1094_022,roll,1.0,mid15-30m,50,49,1137.453292129317,50,2
nuscenes,scene-1094_022,roll,2.0,mid15-30m,50,49,2273.5051481122127,50,2
nuscenes,scene-1094_022,roll,3.0,mid15-30m,50,26,3408.915832748501,50,2
nuscenes,scene-1094_022,tx,2.0,mid15-30m,50,50,69.3930891651162,50,2
nuscenes,scene-1094_022,tx,5.0,mid15-30m,50,50,173.4836742784242,50,2
nuscenes,scene-1094_022,tx,10.0,mid15-30m,50,50,346.97051982231744,50,2
nuscenes,scene-1094_022,ty,2.0,mid15-30m,50,50,21.71549953141696,50,2
nuscenes,scene-1094_022,ty,5.0,mid15-30m,50,50,54.193866412823446,50,2
nuscenes,scene-1094_022,ty,10.0,mid15-30m,50,50,108.07293330848854,50,2
nuscenes,scene-1094_022,tz,2.0,mid15-30m,50,50,69.36150414550414,50,2
nuscenes,scene-1094_022,tz,5.0,mid15-30m,50,50,173.3986790037627,50,2
nuscenes,scene-1094_022,tz,10.0,mid15-30m,50,50,346.7804214739249,50,2
nuscenes,scene-1094_023,none,0.0,mid15-30m,32,32,0.0,32,2
nuscenes,scene-1094_023,yaw,0.5,mid15-30m,32,30,401.7417250570445,32,2
nuscenes,scene-1094_023,yaw,1.0,mid15-30m,32,29,801.7528409208785,32,2
nuscenes,scene-1094_023,yaw,2.0,mid15-30m,32,19,1596.929707503733,32,2
nuscenes,scene-1094_023,yaw,3.0,mid15-30m,32,8,2386.209004927264,32,2
nuscenes,scene-1094_023,pitch,0.5,mid15-30m,32,32,80.19361472168804,32,2
nuscenes,scene-1094_023,pitch,1.0,mid15-30m,32,32,160.3919892716678,32,2
nuscenes,scene-1094_023,pitch,2.0,mid15-30m,32,32,320.79682676681267,32,2
nuscenes,scene-1094_023,pitch,3.0,mid15-30m,32,32,481.20211904174846,32,2
nuscenes,scene-1094_023,roll,0.5,mid15-30m,32,32,363.0004732020402,32,2
nuscenes,scene-1094_023,roll,1.0,mid15-30m,32,32,725.73638903483,32,2
nuscenes,scene-1094_023,roll,2.0,mid15-30m,32,30,1450.6540667411982,32,2
nuscenes,scene-1094_023,roll,3.0,mid15-30m,32,17,2175.2308822077985,32,2
nuscenes,scene-1094_023,tx,2.0,mid15-30m,32,32,43.81874812415546,32,2
nuscenes,scene-1094_023,tx,5.0,mid15-30m,32,32,109.54747769150418,32,2
nuscenes,scene-1094_023,tx,10.0,mid15-30m,32,29,219.09698001755783,32,2
nuscenes,scene-1094_023,ty,2.0,mid15-30m,32,32,11.52573424501739,32,2
nuscenes,scene-1094_023,ty,5.0,mid15-30m,32,32,28.75816114519332,32,2
nuscenes,scene-1094_023,ty,10.0,mid15-30m,32,32,57.330053631692266,32,2
nuscenes,scene-1094_023,tz,2.0,mid15-30m,32,32,43.80449848382638,32,2
nuscenes,scene-1094_023,tz,5.0,mid15-30m,32,32,109.50790073412631,32,2
nuscenes,scene-1094_023,tz,10.0,mid15-30m,32,32,219.00465081895516,32,2
nuscenes,scene-1094_024,none,0.0,mid15-30m,47,47,0.0,47,2
nuscenes,scene-1094_024,yaw,0.5,mid15-30m,47,44,550.6228141531258,47,2
nuscenes,scene-1094_024,yaw,1.0,mid15-30m,47,39,1102.1067709786475,47,2
nuscenes,scene-1094_024,yaw,2.0,mid15-30m,47,23,2208.0477373981093,47,2
nuscenes,scene-1094_024,yaw,3.0,mid15-30m,47,11,3318.6098544276624,47,2
nuscenes,scene-1094_024,pitch,0.5,mid15-30m,47,47,75.56118427605017,47,2
nuscenes,scene-1094_024,pitch,1.0,mid15-30m,47,47,151.11826327476405,47,2
nuscenes,scene-1094_024,pitch,2.0,mid15-30m,47,47,302.2143675566791,47,2
nuscenes,scene-1094_024,pitch,3.0,mid15-30m,47,45,453.2768428381398,47,2
nuscenes,scene-1094_024,roll,0.5,mid15-30m,47,47,532.7466259296802,47,2
nuscenes,scene-1094_024,roll,1.0,mid15-30m,47,46,1065.205534240115,47,2
nuscenes,scene-1094_024,roll,2.0,mid15-30m,47,37,2129.6018474698712,47,2
nuscenes,scene-1094_024,roll,3.0,mid15-30m,47,33,3193.8710996023365,47,2
nuscenes,scene-1094_024,tx,2.0,mid15-30m,47,47,62.318286782368375,47,2
nuscenes,scene-1094_024,tx,5.0,mid15-30m,47,46,155.7966302987662,47,2
nuscenes,scene-1094_024,tx,10.0,mid15-30m,47,45,311.5963051230499,47,2
nuscenes,scene-1094_024,ty,2.0,mid15-30m,47,47,10.300673191523932,47,2
nuscenes,scene-1094_024,ty,5.0,mid15-30m,47,47,25.703680907483076,47,2
nuscenes,scene-1094_024,ty,10.0,mid15-30m,47,47,51.24816159157727,47,2
nuscenes,scene-1094_024,tz,2.0,mid15-30m,47,47,62.36433145746688,47,2
nuscenes,scene-1094_024,tz,5.0,mid15-30m,47,47,155.9062597599198,47,2
nuscenes,scene-1094_024,tz,10.0,mid15-30m,47,47,311.79729114156737,47,2
nuscenes,scene-1094_025,none,0.0,mid15-30m,42,42,0.0,42,1
nuscenes,scene-1094_025,none,0.0,near<15m,19,19,0.0,19,1
nuscenes,scene-1094_025,yaw,0.5,mid15-30m,42,39,474.7978604114214,42,1
nuscenes,scene-1094_025,yaw,0.5,near<15m,19,19,264.7417784726326,19,1
nuscenes,scene-1094_025,yaw,1.0,mid15-30m,42,36,949.2952681620038,42,1
nuscenes,scene-1094_025,yaw,1.0,near<15m,19,18,531.7024268631651,19,1
nuscenes,scene-1094_025,yaw,2.0,mid15-30m,42,25,1897.6879532478147,42,1
nuscenes,scene-1094_025,yaw,2.0,near<15m,19,11,1072.5684834551864,19,1
nuscenes,scene-1094_025,yaw,3.0,mid15-30m,42,13,2845.7753815261995,42,1
nuscenes,scene-1094_025,yaw,3.0,near<15m,19,2,1623.1946763405242,19,1
nuscenes,scene-1094_025,pitch,0.5,mid15-30m,42,42,24.445813210035357,42,1
nuscenes,scene-1094_025,pitch,0.5,near<15m,19,19,97.51632596304196,19,1
nuscenes,scene-1094_025,pitch,1.0,mid15-30m,42,42,48.89133134445618,42,1
nuscenes,scene-1094_025,pitch,1.0,near<15m,19,19,195.0234271407121,19,1
nuscenes,scene-1094_025,pitch,2.0,mid15-30m,42,37,97.7796143267206,42,1
nuscenes,scene-1094_025,pitch,2.0,near<15m,19,19,390.0026164212934,19,1
nuscenes,scene-1094_025,pitch,3.0,mid15-30m,42,34,146.66111273767137,42,1
nuscenes,scene-1094_025,pitch,3.0,near<15m,19,17,584.9229051871083,19,1
nuscenes,scene-1094_025,roll,0.5,mid15-30m,42,42,474.2927320078356,42,1
nuscenes,scene-1094_025,roll,0.5,near<15m,19,19,219.24635896727798,19,1
nuscenes,scene-1094_025,roll,1.0,mid15-30m,42,35,948.4009473855646,42,1
nuscenes,scene-1094_025,roll,1.0,near<15m,19,19,438.39579271571114,19,1
nuscenes,scene-1094_025,roll,2.0,mid15-30m,42,26,1896.3626854104377,42,1
nuscenes,scene-1094_025,roll,2.0,near<15m,19,17,876.557172790835,19,1
nuscenes,scene-1094_025,roll,3.0,mid15-30m,42,26,2844.482380225552,42,1
nuscenes,scene-1094_025,roll,3.0,near<15m,19,13,1314.790340175963,19,1
nuscenes,scene-1094_025,tx,2.0,mid15-30m,42,42,47.526382241422986,42,1
nuscenes,scene-1094_025,tx,2.0,near<15m,19,19,46.97977578210242,19,1
nuscenes,scene-1094_025,tx,5.0,mid15-30m,42,41,118.8165560595631,42,1
nuscenes,scene-1094_025,tx,5.0,near<15m,19,19,117.45073885319437,19,1
nuscenes,scene-1094_025,tx,10.0,mid15-30m,42,41,237.63511366611814,42,1
nuscenes,scene-1094_025,tx,10.0,near<15m,19,19,234.90580916063593,19,1
nuscenes,scene-1094_025,ty,2.0,mid15-30m,42,42,2.3746794848192105,42,1
nuscenes,scene-1094_025,ty,2.0,near<15m,19,19,21.718631065667296,19,1
nuscenes,scene-1094_025,ty,5.0,mid15-30m,42,42,5.928760220527714,42,1
nuscenes,scene-1094_025,ty,5.0,near<15m,19,19,54.13806273613014,19,1
nuscenes,scene-1094_025,ty,10.0,mid15-30m,42,42,11.831152958031694,42,1
nuscenes,scene-1094_025,ty,10.0,near<15m,19,19,107.75183622378385,19,1
nuscenes,scene-1094_025,tz,2.0,mid15-30m,42,42,47.53028875730885,42,1
nuscenes,scene-1094_025,tz,2.0,near<15m,19,19,47.06524249589952,19,1
nuscenes,scene-1094_025,tz,5.0,mid15-30m,42,42,118.82278398686168,42,1
nuscenes,scene-1094_025,tz,5.0,near<15m,19,19,117.6567378677126,19,1
nuscenes,scene-1094_025,tz,10.0,mid15-30m,42,42,237.63577559805606,42,1
nuscenes,scene-1094_025,tz,10.0,near<15m,19,19,235.2922508923672,19,1
nuscenes,scene-1094_026,none,0.0,mid15-30m,30,30,0.0,30,1
nuscenes,scene-1094_026,yaw,0.5,mid15-30m,30,28,338.63142393181806,30,1
nuscenes,scene-1094_026,yaw,1.0,mid15-30m,30,27,677.0638042396811,30,1
nuscenes,scene-1094_026,yaw,2.0,mid15-30m,30,20,1353.544322689738,30,1
nuscenes,scene-1094_026,yaw,3.0,mid15-30m,30,11,2029.8666232465519,30,1
nuscenes,scene-1094_026,pitch,0.5,mid15-30m,30,30,14.423525962226725,30,1
nuscenes,scene-1094_026,pitch,1.0,mid15-30m,30,30,28.84688129482276,30,1
nuscenes,scene-1094_026,pitch,2.0,mid15-30m,30,30,57.69198068539097,30,1
nuscenes,scene-1094_026,pitch,3.0,mid15-30m,30,30,86.53309933886945,30,1
nuscenes,scene-1094_026,roll,0.5,mid15-30m,30,30,338.1490857514307,30,1
nuscenes,scene-1094_026,roll,1.0,mid15-30m,30,21,676.2737165912267,30,1
nuscenes,scene-1094_026,roll,2.0,mid15-30m,30,10,1352.6620345875626,30,1
nuscenes,scene-1094_026,roll,3.0,mid15-30m,30,10,2029.590077894663,30,1
nuscenes,scene-1094_026,tx,2.0,mid15-30m,30,30,32.968578858245586,30,1
nuscenes,scene-1094_026,tx,5.0,mid15-30m,30,30,82.42181959824941,30,1
nuscenes,scene-1094_026,tx,10.0,mid15-30m,30,30,164.8448807202473,30,1
nuscenes,scene-1094_026,ty,2.0,mid15-30m,30,30,1.50807176060567,30,1
nuscenes,scene-1094_026,ty,5.0,mid15-30m,30,30,3.7652866893132773,30,1
nuscenes,scene-1094_026,ty,10.0,mid15-30m,30,30,7.514320658133371,30,1
nuscenes,scene-1094_026,tz,2.0,mid15-30m,30,30,32.9613486739991,30,1
nuscenes,scene-1094_026,tz,5.0,mid15-30m,30,30,82.40139257630425,30,1
nuscenes,scene-1094_026,tz,10.0,mid15-30m,30,30,164.79618854614216,30,1
nuscenes,scene-1094_027,none,0.0,mid15-30m,29,29,0.0,29,1
nuscenes,scene-1094_027,none,0.0,near<15m,36,36,0.0,36,2
nuscenes,scene-1094_027,yaw,0.5,mid15-30m,29,27,326.9323326362043,29,1
nuscenes,scene-1094_027,yaw,0.5,near<15m,36,36,470.41217488321473,36,2
nuscenes,scene-1094_027,yaw,1.0,mid15-30m,29,25,653.6886612876494,29,1
nuscenes,scene-1094_027,yaw,1.0,near<15m,36,34,944.0163934258071,36,2
nuscenes,scene-1094_027,yaw,2.0,mid15-30m,29,17,1306.8784466273075,29,1
nuscenes,scene-1094_027,yaw,2.0,near<15m,36,20,1901.2480458044788,36,2
nuscenes,scene-1094_027,yaw,3.0,mid15-30m,29,9,1959.9790522030044,29,1
nuscenes,scene-1094_027,yaw,3.0,near<15m,36,4,2872.616462494928,36,2
nuscenes,scene-1094_027,pitch,0.5,mid15-30m,29,29,13.302087577802586,29,1
nuscenes,scene-1094_027,pitch,0.5,near<15m,36,36,148.3518788841248,36,2
nuscenes,scene-1094_027,pitch,1.0,mid15-30m,29,29,26.604002190419884,29,1
nuscenes,scene-1094_027,pitch,1.0,near<15m,36,34,296.69217402183824,36,2
nuscenes,scene-1094_027,pitch,2.0,mid15-30m,29,29,53.206298208437744,29,1
nuscenes,scene-1094_027,pitch,2.0,near<15m,36,34,593.3268266027317,36,2
nuscenes,scene-1094_027,pitch,3.0,mid15-30m,29,29,79.8048594041225,29,1
nuscenes,scene-1094_027,pitch,3.0,near<15m,36,34,889.8816027181957,36,2
nuscenes,scene-1094_027,roll,0.5,mid15-30m,29,29,326.5402499018578,29,1
nuscenes,scene-1094_027,roll,0.5,near<15m,36,34,411.7194031081815,36,2
nuscenes,scene-1094_027,roll,1.0,mid15-30m,29,21,653.0454194915012,29,1
nuscenes,scene-1094_027,roll,1.0,near<15m,36,34,823.2850489831455,36,2
nuscenes,scene-1094_027,roll,2.0,mid15-30m,29,11,1306.1552992478005,29,1
nuscenes,scene-1094_027,roll,2.0,near<15m,36,25,1646.2333602056606,36,2
nuscenes,scene-1094_027,roll,3.0,mid15-30m,29,11,1959.739404565612,29,1
nuscenes,scene-1094_027,roll,3.0,near<15m,36,20,2469.4010254892587,36,2
nuscenes,scene-1094_027,tx,2.0,mid15-30m,29,29,30.839885499306313,29,1
nuscenes,scene-1094_027,tx,2.0,near<15m,36,36,71.22321585484434,36,2
nuscenes,scene-1094_027,tx,5.0,mid15-30m,29,29,77.1000757641721,29,1
nuscenes,scene-1094_027,tx,5.0,near<15m,36,36,178.05959797167827,36,2
nuscenes,scene-1094_027,tx,10.0,mid15-30m,29,29,154.20135826313378,29,1
nuscenes,scene-1094_027,tx,10.0,near<15m,36,34,356.1243905131964,36,2
nuscenes,scene-1094_027,ty,2.0,mid15-30m,29,29,1.312748324882618,29,1
nuscenes,scene-1094_027,ty,2.0,near<15m,36,36,26.286372447432633,36,2
nuscenes,scene-1094_027,ty,5.0,mid15-30m,29,29,3.2777478432350056,29,1
nuscenes,scene-1094_027,ty,5.0,near<15m,36,36,65.56293696093223,36,2
nuscenes,scene-1094_027,ty,10.0,mid15-30m,29,29,6.541798402545989,29,1
nuscenes,scene-1094_027,ty,10.0,near<15m,36,36,130.61904830256037,36,2
nuscenes,scene-1094_027,tz,2.0,mid15-30m,29,29,30.834908310516923,29,1
nuscenes,scene-1094_027,tz,2.0,near<15m,36,36,71.32818308775643,36,2
nuscenes,scene-1094_027,tz,5.0,mid15-30m,29,29,77.08563644238947,29,1
nuscenes,scene-1094_027,tz,5.0,near<15m,36,36,178.31341132283518,36,2
nuscenes,scene-1094_027,tz,10.0,mid15-30m,29,29,154.16582541309435,29,1
nuscenes,scene-1094_027,tz,10.0,near<15m,36,34,356.6033371330147,36,2
nuscenes,scene-1094_028,none,0.0,near<15m,51,51,0.0,51,1
nuscenes,scene-1094_028,yaw,0.5,near<15m,51,50,690.2927226972886,51,1
nuscenes,scene-1094_028,yaw,1.0,near<15m,51,47,1385.6927441005867,51,1
nuscenes,scene-1094_028,yaw,2.0,near<15m,51,44,2792.5092809347457,51,1
nuscenes,scene-1094_028,yaw,3.0,near<15m,51,35,4221.883445353221,51,1
nuscenes,scene-1094_028,pitch,0.5,near<15m,51,51,239.13220007124224,51,1
nuscenes,scene-1094_028,pitch,1.0,near<15m,51,51,478.2433136372782,51,1
nuscenes,scene-1094_028,pitch,2.0,near<15m,51,50,956.3841126521913,51,1
nuscenes,scene-1094_028,pitch,3.0,near<15m,51,47,1434.3860935099497,51,1
nuscenes,scene-1094_028,roll,0.5,near<15m,51,51,603.9536477605036,51,1
nuscenes,scene-1094_028,roll,1.0,near<15m,51,48,1206.709137854922,51,1
nuscenes,scene-1094_028,roll,2.0,near<15m,51,48,2409.0635274566553,51,1
nuscenes,scene-1094_028,roll,3.0,near<15m,51,44,3607.9314662461516,51,1
nuscenes,scene-1094_028,tx,2.0,near<15m,51,51,174.67833087464373,51,1
nuscenes,scene-1094_028,tx,5.0,near<15m,51,50,436.7030209852144,51,1
nuscenes,scene-1094_028,tx,10.0,near<15m,51,47,873.4300223529674,51,1
nuscenes,scene-1094_028,ty,2.0,near<15m,51,51,72.24781279759891,51,1
nuscenes,scene-1094_028,ty,5.0,near<15m,51,51,179.88966363214993,51,1
nuscenes,scene-1094_028,ty,10.0,near<15m,51,50,357.3724846087939,51,1
nuscenes,scene-1094_028,tz,2.0,near<15m,51,51,175.2030427231056,51,1
nuscenes,scene-1094_028,tz,5.0,near<15m,51,51,437.9760128943898,51,1
nuscenes,scene-1094_028,tz,10.0,near<15m,51,51,875.8467330072921,51,1
nuscenes,scene-1094_029,none,0.0,near<15m,19,19,0.0,19,1
nuscenes,scene-1094_029,none,0.0,mid15-30m,31,31,0.0,31,2
nuscenes,scene-1094_029,yaw,0.5,near<15m,19,19,235.96057250037202,19,1
nuscenes,scene-1094_029,yaw,0.5,mid15-30m,31,30,390.19191721273626,31,2
nuscenes,scene-1094_029,yaw,1.0,near<15m,19,17,473.196071219706,19,1
nuscenes,scene-1094_029,yaw,1.0,mid15-30m,31,28,778.6351411626845,31,2
nuscenes,scene-1094_029,yaw,2.0,near<15m,19,5,951.6869661850156,19,1
nuscenes,scene-1094_029,yaw,2.0,mid15-30m,31,22,1550.6143631281825,31,2
nuscenes,scene-1094_029,yaw,3.0,near<15m,19,0,1435.8728215129631,19,1
nuscenes,scene-1094_029,yaw,3.0,mid15-30m,31,14,2316.6008022447436,31,2
nuscenes,scene-1094_029,pitch,0.5,near<15m,19,19,63.9585676139749,19,1
nuscenes,scene-1094_029,pitch,0.5,mid15-30m,31,27,78.93661842715554,31,2
nuscenes,scene-1094_029,pitch,1.0,near<15m,19,19,127.91258060171266,19,1
nuscenes,scene-1094_029,pitch,1.0,mid15-30m,31,25,157.8783093416963,31,2
nuscenes,scene-1094_029,pitch,2.0,near<15m,19,18,255.80209150372698,19,1
nuscenes,scene-1094_029,pitch,2.0,mid15-30m,31,24,315.77077824746857,31,2
nuscenes,scene-1094_029,pitch,3.0,near<15m,19,18,383.6588372431188,19,1
nuscenes,scene-1094_029,pitch,3.0,mid15-30m,31,23,473.66513409374363,31,2
nuscenes,scene-1094_029,roll,0.5,near<15m,19,19,217.5506482852879,19,1
nuscenes,scene-1094_029,roll,0.5,mid15-30m,31,31,351.53786389979985,31,2
nuscenes,scene-1094_029,roll,1.0,near<15m,19,18,434.9133109429262,19,1
nuscenes,scene-1094_029,roll,1.0,mid15-30m,31,31,702.7789220867112,31,2
nuscenes,scene-1094_029,roll,2.0,near<15m,19,14,869.2193156452696,19,1
nuscenes,scene-1094_029,roll,2.0,mid15-30m,31,20,1404.6033902649854,31,2
nuscenes,scene-1094_029,roll,3.0,near<15m,19,14,1303.2063371905938,19,1
nuscenes,scene-1094_029,roll,3.0,mid15-30m,31,12,2105.9375305216527,31,2
nuscenes,scene-1094_029,tx,2.0,near<15m,19,19,38.76437293136837,19,1
nuscenes,scene-1094_029,tx,2.0,mid15-30m,31,29,40.70756289794956,31,2
nuscenes,scene-1094_029,tx,5.0,near<15m,19,19,96.91181794204623,19,1
nuscenes,scene-1094_029,tx,5.0,mid15-30m,31,29,101.76956830166293,31,2
nuscenes,scene-1094_029,tx,10.0,near<15m,19,19,193.82658800146376,19,1
nuscenes,scene-1094_029,tx,10.0,mid15-30m,31,29,203.54134016784207,31,2
nuscenes,scene-1094_029,ty,2.0,near<15m,19,19,11.652291645169466,19,1
nuscenes,scene-1094_029,ty,2.0,mid15-30m,31,31,12.69377458680868,31,2
nuscenes,scene-1094_029,ty,5.0,near<15m,19,19,29.060518768520296,19,1
nuscenes,scene-1094_029,ty,5.0,mid15-30m,31,31,31.66536526800176,31,2
nuscenes,scene-1094_029,ty,10.0,near<15m,19,19,57.888501454600444,19,1
nuscenes,scene-1094_029,ty,10.0,mid15-30m,31,31,63.10184639122224,31,2
nuscenes,scene-1094_029,tz,2.0,near<15m,19,19,38.8312186038205,19,1
nuscenes,scene-1094_029,tz,2.0,mid15-30m,31,31,40.69285325418976,31,2
nuscenes,scene-1094_029,tz,5.0,near<15m,19,19,97.07355717993124,19,1
nuscenes,scene-1094_029,tz,5.0,mid15-30m,31,31,101.72878948625853,31,2
nuscenes,scene-1094_029,tz,10.0,near<15m,19,19,194.1321517733418,19,1
nuscenes,scene-1094_029,tz,10.0,mid15-30m,31,31,203.44643454700696,31,2
nuscenes,scene-1094_030,none,0.0,near<15m,53,53,0.0,53,1
nuscenes,scene-1094_030,none,0.0,far>30m,32,32,0.0,32,1
nuscenes,scene-1094_030,yaw,0.5,near<15m,53,53,770.1348556929909,53,1
nuscenes,scene-1094_030,yaw,0.5,far>30m,32,32,385.61732795951036,32,1
nuscenes,scene-1094_030,yaw,1.0,near<15m,53,49,1547.4238414534318,53,1
nuscenes,scene-1094_030,yaw,1.0,far>30m,32,30,769.3720874008868,32,1
nuscenes,scene-1094_030,yaw,2.0,near<15m,53,28,3124.3822362989395,53,1
nuscenes,scene-1094_030,yaw,2.0,far>30m,32,22,1531.5830081088006,32,1
nuscenes,scene-1094_030,yaw,3.0,near<15m,53,14,4732.780317941911,53,1
nuscenes,scene-1094_030,yaw,3.0,far>30m,32,17,2287.1990277692203,32,1
nuscenes,scene-1094_030,pitch,0.5,near<15m,53,53,308.267841341925,53,1
nuscenes,scene-1094_030,pitch,0.5,far>30m,32,32,99.85432273125085,32,1
nuscenes,scene-1094_030,pitch,1.0,near<15m,53,53,616.5030241665929,53,1
nuscenes,scene-1094_030,pitch,1.0,far>30m,32,32,199.71127059796868,32,1
nuscenes,scene-1094_030,pitch,2.0,near<15m,53,53,1232.851994203986,53,1
nuscenes,scene-1094_030,pitch,2.0,far>30m,32,32,399.4253827813315,32,1
nuscenes,scene-1094_030,pitch,3.0,near<15m,53,53,1849.000123795382,53,1
nuscenes,scene-1094_030,pitch,3.0,far>30m,32,27,599.1270109636898,32,1
nuscenes,scene-1094_030,roll,0.5,near<15m,53,53,623.7122346086323,53,1
nuscenes,scene-1094_030,roll,0.5,far>30m,32,31,357.85088528711464,32,1
nuscenes,scene-1094_030,roll,1.0,near<15m,53,53,1246.1137019646728,53,1
nuscenes,scene-1094_030,roll,1.0,far>30m,32,31,715.6028622815116,32,1
nuscenes,scene-1094_030,roll,2.0,near<15m,53,49,2487.446206548775,53,1
nuscenes,scene-1094_030,roll,2.0,far>30m,32,27,1431.0386354207594,32,1
nuscenes,scene-1094_030,roll,3.0,near<15m,53,49,3724.913232107798,53,1
nuscenes,scene-1094_030,roll,3.0,far>30m,32,21,2146.7643065818756,32,1
nuscenes,scene-1094_030,tx,2.0,near<15m,53,53,167.6940696539328,53,1
nuscenes,scene-1094_030,tx,2.0,far>30m,32,32,21.152572840545144,32,1
nuscenes,scene-1094_030,tx,5.0,near<15m,53,53,419.24014849225557,53,1
nuscenes,scene-1094_030,tx,5.0,far>30m,32,32,52.88156368978378,32,1
nuscenes,scene-1094_030,tx,10.0,near<15m,53,52,838.496878700931,53,1
nuscenes,scene-1094_030,tx,10.0,far>30m,32,32,105.76356601056254,32,1
nuscenes,scene-1094_030,ty,2.0,near<15m,53,53,86.84192193901283,53,1
nuscenes,scene-1094_030,ty,2.0,far>30m,32,32,6.0283262574192635,32,1
nuscenes,scene-1094_030,ty,5.0,near<15m,53,53,216.2941810883984,53,1
nuscenes,scene-1094_030,ty,5.0,far>30m,32,32,15.058845274179465,32,1
nuscenes,scene-1094_030,ty,10.0,near<15m,53,53,429.91303595198633,53,1
nuscenes,scene-1094_030,ty,10.0,far>30m,32,32,30.07787424483413,32,1
nuscenes,scene-1094_030,tz,2.0,near<15m,53,53,168.2158586249928,53,1
nuscenes,scene-1094_030,tz,2.0,far>30m,32,32,21.137703769469915,32,1
nuscenes,scene-1094_030,tz,5.0,near<15m,53,53,420.51052107734387,53,1
nuscenes,scene-1094_030,tz,5.0,far>30m,32,32,52.84349179877787,32,1
nuscenes,scene-1094_030,tz,10.0,near<15m,53,53,840.92397514306,53,1
nuscenes,scene-1094_030,tz,10.0,far>30m,32,32,105.6844249476784,32,1
nuscenes,scene-1094_031,none,0.0,far>30m,47,47,0.0,47,1
nuscenes,scene-1094_031,yaw,0.5,far>30m,47,46,590.9273675155732,47,1
nuscenes,scene-1094_031,yaw,1.0,far>30m,47,44,1178.2860986647274,47,1
nuscenes,scene-1094_031,yaw,2.0,far>30m,47,35,2342.7888988666373,47,1
nuscenes,scene-1094_031,yaw,3.0,far>30m,47,27,3494.46628610141,47,1
nuscenes,scene-1094_031,pitch,0.5,far>30m,47,47,181.35117799376673,47,1
nuscenes,scene-1094_031,pitch,1.0,far>30m,47,47,362.7090104900755,47,1
nuscenes,scene-1094_031,pitch,2.0,far>30m,47,44,725.4306772015475,47,1
nuscenes,scene-1094_031,pitch,3.0,far>30m,47,44,1088.137059004759,47,1
nuscenes,scene-1094_031,roll,0.5,far>30m,47,47,527.2607840217622,47,1
nuscenes,scene-1094_031,roll,1.0,far>30m,47,47,1054.3191308837213,47,1
nuscenes,scene-1094_031,roll,2.0,far>30m,47,47,2108.1721504923867,47,1
nuscenes,scene-1094_031,roll,3.0,far>30m,47,41,3162.2458298056235,47,1
nuscenes,scene-1094_031,tx,2.0,far>30m,47,47,38.751704905563024,47,1
nuscenes,scene-1094_031,tx,5.0,far>30m,47,47,96.87964610282478,47,1
nuscenes,scene-1094_031,tx,10.0,far>30m,47,47,193.76057168244978,47,1
nuscenes,scene-1094_031,ty,2.0,far>30m,47,47,13.786615535301403,47,1
nuscenes,scene-1094_031,ty,5.0,far>30m,47,47,34.431781844442526,47,1
nuscenes,scene-1094_031,ty,10.0,far>30m,47,47,68.74802243632188,47,1
nuscenes,scene-1094_031,tz,2.0,far>30m,47,47,38.70757100227849,47,1
nuscenes,scene-1094_031,tz,5.0,far>30m,47,47,96.76718485765872,47,1
nuscenes,scene-1094_031,tz,10.0,far>30m,47,47,193.52856117170379,47,1
nuscenes,scene-1094_032,none,0.0,mid15-30m,121,121,0.0,121,1
nuscenes,scene-1094_032,yaw,0.5,mid15-30m,121,121,1664.0065651705308,121,1
nuscenes,scene-1094_032,yaw,1.0,mid15-30m,121,117,3314.335005274592,121,1
nuscenes,scene-1094_032,yaw,2.0,mid15-30m,121,107,6575.647938528333,121,1
nuscenes,scene-1094_032,yaw,3.0,mid15-30m,121,99,9787.212482580091,121,1
nuscenes,scene-1094_032,pitch,0.5,mid15-30m,121,118,634.2854799744151,121,1
nuscenes,scene-1094_032,pitch,1.0,mid15-30m,121,109,1268.6097293605599,121,1
nuscenes,scene-1094_032,pitch,2.0,mid15-30m,121,109,2537.3256515465014,121,1
nuscenes,scene-1094_032,pitch,3.0,mid15-30m,121,109,3806.0499057853385,121,1
nuscenes,scene-1094_032,roll,0.5,mid15-30m,121,121,1365.6659669276698,121,1
nuscenes,scene-1094_032,roll,1.0,mid15-30m,121,119,2730.994766671044,121,1
nuscenes,scene-1094_032,roll,2.0,mid15-30m,121,115,5461.573177532722,121,1
nuscenes,scene-1094_032,roll,3.0,mid15-30m,121,96,8193.599716181496,121,1
nuscenes,scene-1094_032,tx,2.0,mid15-30m,121,121,139.69274440831575,121,1
nuscenes,scene-1094_032,tx,5.0,mid15-30m,121,121,349.23365320776793,121,1
nuscenes,scene-1094_032,tx,10.0,mid15-30m,121,121,698.4732804555723,121,1
nuscenes,scene-1094_032,ty,2.0,mid15-30m,121,121,67.65219803992747,121,1
nuscenes,scene-1094_032,ty,5.0,mid15-30m,121,121,168.89028010487186,121,1
nuscenes,scene-1094_032,ty,10.0,mid15-30m,121,121,336.9829232064389,121,1
nuscenes,scene-1094_032,tz,2.0,mid15-30m,121,121,139.46135641434932,121,1
nuscenes,scene-1094_032,tz,5.0,mid15-30m,121,121,348.64404088316206,121,1
nuscenes,scene-1094_032,tz,10.0,mid15-30m,121,121,697.2569168646895,121,1
nuscenes,scene-1094_033,none,0.0,mid15-30m,93,93,0.0,93,2
nuscenes,scene-1094_033,yaw,0.5,mid15-30m,93,93,1296.9698362624968,93,2
nuscenes,scene-1094_033,yaw,1.0,mid15-30m,93,86,2583.417412853682,93,2
nuscenes,scene-1094_033,yaw,2.0,mid15-30m,93,69,5126.1209147887985,93,2
nuscenes,scene-1094_033,yaw,3.0,mid15-30m,93,50,7630.773334977253,93,2
nuscenes,scene-1094_033,pitch,0.5,mid15-30m,93,93,465.7663771693526,93,2
nuscenes,scene-1094_033,pitch,1.0,mid15-30m,93,92,931.5669322501368,93,2
nuscenes,scene-1094_033,pitch,2.0,mid15-30m,93,92,1863.2345905727161,93,2
nuscenes,scene-1094_033,pitch,3.0,mid15-30m,93,92,2794.930925900953,93,2
nuscenes,scene-1094_033,roll,0.5,mid15-30m,93,93,1049.8434123665354,93,2
nuscenes,scene-1094_033,roll,1.0,mid15-30m,93,93,2099.355434344443,93,2
nuscenes,scene-1094_033,roll,2.0,mid15-30m,93,83,4198.105939777691,93,2
nuscenes,scene-1094_033,roll,3.0,mid15-30m,93,75,6297.692198200308,93,2
nuscenes,scene-1094_033,tx,2.0,mid15-30m,93,92,118.29300379705481,93,2
nuscenes,scene-1094_033,tx,5.0,mid15-30m,93,92,295.734334045442,93,2
nuscenes,scene-1094_033,tx,10.0,mid15-30m,93,90,591.4747500353163,93,2
nuscenes,scene-1094_033,ty,2.0,mid15-30m,93,93,56.86485090680428,93,2
nuscenes,scene-1094_033,ty,5.0,mid15-30m,93,93,141.9345018475588,93,2
nuscenes,scene-1094_033,ty,10.0,mid15-30m,93,93,283.1134971805372,93,2
nuscenes,scene-1094_033,tz,2.0,mid15-30m,93,93,118.08164971760019,93,2
nuscenes,scene-1094_033,tz,5.0,mid15-30m,93,93,295.19517601100733,93,2
nuscenes,scene-1094_033,tz,10.0,mid15-30m,93,93,590.3605268630927,93,2
nuscenes,scene-1094_034,none,0.0,near<15m,13,13,0.0,13,1
nuscenes,scene-1094_034,yaw,0.5,near<15m,13,13,181.07896142535836,13,1
nuscenes,scene-1094_034,yaw,1.0,near<15m,13,13,363.7211452039127,13,1
nuscenes,scene-1094_034,yaw,2.0,near<15m,13,7,733.8946463656215,13,1
nuscenes,scene-1094_034,yaw,3.0,near<15m,13,1,1110.9336830793395,13,1
nuscenes,scene-1094_034,pitch,0.5,near<15m,13,8,69.04878411353067,13,1
nuscenes,scene-1094_034,pitch,1.0,near<15m,13,8,138.09137034826173,13,1
nuscenes,scene-1094_034,pitch,2.0,near<15m,13,8,276.15275162574636,13,1
nuscenes,scene-1094_034,pitch,3.0,near<15m,13,8,414.1737585594189,13,1
nuscenes,scene-1094_034,roll,0.5,near<15m,13,8,147.6840920543072,13,1
nuscenes,scene-1094_034,roll,1.0,near<15m,13,8,295.3456702704543,13,1
nuscenes,scene-1094_034,roll,2.0,near<15m,13,6,590.7028995200036,13,1
nuscenes,scene-1094_034,roll,3.0,near<15m,13,6,886.2749508990662,13,1
nuscenes,scene-1094_034,tx,2.0,near<15m,13,13,27.15478211454663,13,1
nuscenes,scene-1094_034,tx,5.0,near<15m,13,13,67.88749682765604,13,1
nuscenes,scene-1094_034,tx,10.0,near<15m,13,13,135.77679883134036,13,1
nuscenes,scene-1094_034,ty,2.0,near<15m,13,13,13.023481460027451,13,1
nuscenes,scene-1094_034,ty,5.0,near<15m,13,13,32.47835901894088,13,1
nuscenes,scene-1094_034,ty,10.0,near<15m,13,13,64.69065789835628,13,1
nuscenes,scene-1094_034,tz,2.0,near<15m,13,13,27.193457196352767,13,1
nuscenes,scene-1094_034,tz,5.0,near<15m,13,8,67.98080543265642,13,1
nuscenes,scene-1094_034,tz,10.0,near<15m,13,8,135.95215339068503,13,1
nuscenes,scene-1094_036,none,0.0,far>30m,17,17,0.0,17,1
nuscenes,scene-1094_036,yaw,0.5,far>30m,17,17,190.0750280501155,17,1
nuscenes,scene-1094_036,yaw,1.0,far>30m,17,14,380.1317368186893,17,1
nuscenes,scene-1094_036,yaw,2.0,far>30m,17,8,760.308025765416,17,1
nuscenes,scene-1094_036,yaw,3.0,far>30m,17,2,1140.764706099184,17,1
nuscenes,scene-1094_036,pitch,0.5,far>30m,17,17,3.9934381155769905,17,1
nuscenes,scene-1094_036,pitch,1.0,far>30m,17,17,7.986808529250282,17,1
nuscenes,scene-1094_036,pitch,2.0,far>30m,17,17,15.973041568268053,17,1
nuscenes,scene-1094_036,pitch,3.0,far>30m,17,17,23.958089774017466,17,1
nuscenes,scene-1094_036,roll,0.5,far>30m,17,17,190.0463480559475,17,1
nuscenes,scene-1094_036,roll,1.0,far>30m,17,17,380.04108252957735,17,1
nuscenes,scene-1094_036,roll,2.0,far>30m,17,8,759.9934951724551,17,1
nuscenes,scene-1094_036,roll,3.0,far>30m,17,0,1140.0927358139443,17,1
nuscenes,scene-1094_036,tx,2.0,far>30m,17,17,15.353325685179374,17,1
nuscenes,scene-1094_036,tx,5.0,far>30m,17,17,38.383471066409186,17,1
nuscenes,scene-1094_036,tx,10.0,far>30m,17,17,76.76746498338214,17,1
nuscenes,scene-1094_036,ty,2.0,far>30m,17,17,0.311215114207325,17,1
nuscenes,scene-1094_036,ty,5.0,far>30m,17,17,0.7772073319537774,17,1
nuscenes,scene-1094_036,ty,10.0,far>30m,17,17,1.5516543505540097,17,1
nuscenes,scene-1094_036,tz,2.0,far>30m,17,17,15.355004606977488,17,1
nuscenes,scene-1094_036,tz,5.0,far>30m,17,17,38.38671057958264,17,1
nuscenes,scene-1094_036,tz,10.0,far>30m,17,17,76.77075151483565,17,1
nuscenes,scene-1094_038,none,0.0,mid15-30m,61,61,0.0,61,2
nuscenes,scene-1094_038,yaw,0.5,mid15-30m,61,58,796.5815547610977,61,2
nuscenes,scene-1094_038,yaw,1.0,mid15-30m,61,56,1588.1986678324724,61,2
nuscenes,scene-1094_038,yaw,2.0,mid15-30m,61,46,3157.274275975432,61,2
nuscenes,scene-1094_038,yaw,3.0,mid15-30m,61,32,4708.657617126224,61,2
nuscenes,scene-1094_038,pitch,0.5,mid15-30m,61,61,234.25710514188847,61,2
nuscenes,scene-1094_038,pitch,1.0,mid15-30m,61,61,468.52635660481167,61,2
nuscenes,scene-1094_038,pitch,2.0,mid15-30m,61,61,937.0831443776622,61,2
nuscenes,scene-1094_038,pitch,3.0,mid15-30m,61,48,1405.6340255680782,61,2
nuscenes,scene-1094_038,roll,0.5,mid15-30m,61,61,689.2991683628534,61,2
nuscenes,scene-1094_038,roll,1.0,mid15-30m,61,61,1377.9326895814384,61,2
nuscenes,scene-1094_038,roll,2.0,mid15-30m,61,50,2753.6639209623854,61,2
nuscenes,scene-1094_038,roll,3.0,mid15-30m,61,37,4128.112699324173,61,2
nuscenes,scene-1094_038,tx,2.0,mid15-30m,61,61,84.75103988526718,61,2
nuscenes,scene-1094_038,tx,5.0,mid15-30m,61,61,211.87906880758086,61,2
nuscenes,scene-1094_038,tx,10.0,mid15-30m,61,61,423.7630346905578,61,2
nuscenes,scene-1094_038,ty,2.0,mid15-30m,61,61,33.48112786161647,61,2
nuscenes,scene-1094_038,ty,5.0,mid15-30m,61,61,83.5447865228688,61,2
nuscenes,scene-1094_038,ty,10.0,mid15-30m,61,61,166.5654542228558,61,2
nuscenes,scene-1094_038,tz,2.0,mid15-30m,61,61,84.68445157166288,61,2
nuscenes,scene-1094_038,tz,5.0,mid15-30m,61,61,211.7046563769269,61,2
nuscenes,scene-1094_038,tz,10.0,mid15-30m,61,61,423.38773940661355,61,2
nuscenes,scene-1094_039,none,0.0,mid15-30m,21,21,0.0,21,2
nuscenes,scene-1094_039,yaw,0.5,mid15-30m,21,20,246.36233253205876,21,2
nuscenes,scene-1094_039,yaw,1.0,mid15-30m,21,15,493.43241752876554,21,2
nuscenes,scene-1094_039,yaw,2.0,mid15-30m,21,5,989.8741296746003,21,2
nuscenes,scene-1094_039,yaw,3.0,mid15-30m,21,2,1489.6872857473727,21,2
nuscenes,scene-1094_039,pitch,0.5,mid15-30m,21,21,39.72834079588457,21,2
nuscenes,scene-1094_039,pitch,1.0,mid15-30m,21,21,79.45413644045051,21,2
nuscenes,scene-1094_039,pitch,2.0,mid15-30m,21,21,158.89508822715567,21,2
nuscenes,scene-1094_039,pitch,3.0,mid15-30m,21,21,238.3168510107643,21,2
nuscenes,scene-1094_039,roll,0.5,mid15-30m,21,21,235.2935149161292,21,2
nuscenes,scene-1094_039,roll,1.0,mid15-30m,21,21,470.53112778112563,21,2
nuscenes,scene-1094_039,roll,2.0,mid15-30m,21,16,940.9875244623908,21,2
nuscenes,scene-1094_039,roll,3.0,mid15-30m,21,4,1411.6669014846755,21,2
nuscenes,scene-1094_039,tx,2.0,mid15-30m,21,21,23.649926163073395,21,2
nuscenes,scene-1094_039,tx,5.0,mid15-30m,21,21,59.125102203628074,21,2
nuscenes,scene-1094_039,tx,10.0,mid15-30m,21,21,118.25116040654612,21,2
nuscenes,scene-1094_039,ty,2.0,mid15-30m,21,21,4.619801634616071,21,2
nuscenes,scene-1094_039,ty,5.0,mid15-30m,21,21,11.531455394311353,21,2
nuscenes,scene-1094_039,ty,10.0,mid15-30m,21,21,23.002999842834495,21,2
nuscenes,scene-1094_039,tz,2.0,mid15-30m,21,21,23.666083473133476,21,2
nuscenes,scene-1094_039,tz,5.0,mid15-30m,21,21,59.16366464784431,21,2
nuscenes,scene-1094_039,tz,10.0,mid15-30m,21,21,118.32218288319868,21,2
