dataset,frame,axis,level,inside_fov_pct,score,n_edge
kitti,000001,none,0.0,15.490404762696643,0.20190108319123584,1280
kitti,000001,yaw,0.5,15.489573286327202,0.20178621510664624,1296
kitti,000001,yaw,1.0,15.490404762696643,0.181712565322717,1295
kitti,000001,yaw,2.0,15.492899191804968,0.170378473897775,1322
kitti,000001,yaw,3.0,15.494562144543853,0.1715303709109624,1303
kitti,000001,pitch,0.5,15.111251538231283,0.1751512587070465,1249
kitti,000001,pitch,1.0,14.742076030199222,0.20505739996830624,1260
kitti,000001,pitch,2.0,13.981275152160174,0.1178419639666875,1260
kitti,000001,pitch,3.0,13.195529983037883,-0.026468180119991302,1212
kitti,000001,roll,0.5,15.495393620913294,0.18112892409165698,1302
kitti,000001,roll,1.0,15.502045431868828,0.1614440158009529,1276
kitti,000001,roll,2.0,15.482089999002227,0.19034482290347415,1291
kitti,000001,roll,3.0,15.517843482888216,0.19276755303144455,1282
kitti,000001,tx,2.0,15.536967439385371,0.20297905802726746,1304
kitti,000001,tx,5.0,15.654205607476634,0.1948507974545161,1321
kitti,000001,tx,10.0,15.799713972128911,0.20282283425331116,1326
kitti,000001,ty,2.0,15.496225097282734,0.19874687244494754,1291
kitti,000001,ty,5.0,15.507034290085475,0.18950697531302768,1294
kitti,000001,ty,10.0,15.51451757741045,0.18536797414223355,1294
kitti,000001,tz,2.0,15.647553796521102,0.19889886925617856,1343
kitti,000001,tz,5.0,15.868726510792563,0.17514601846536,1397
kitti,000001,tz,10.0,16.20464296404696,0.09965663651625317,1600
kitti,000004,none,0.0,16.437021452714355,0.082935427625974,658
kitti,000004,yaw,0.5,16.428398979099125,0.09795523434877396,699
kitti,000004,yaw,1.0,16.410291784507137,0.07039520392815274,714
kitti,000004,yaw,2.0,16.361143684900327,0.064085657397906,748
kitti,000004,yaw,3.0,16.352521211285094,0.016509806116422,823
kitti,000004,pitch,0.5,16.04297440849831,0.07782252381245297,634
kitti,000004,pitch,1.0,15.656687590535972,0.024838643769423185,655
kitti,000004,pitch,2.0,14.86514451265779,0.016741606096426664,634
kitti,000004,pitch,3.0,14.046009519210873,0.04547805587450665,638
kitti,000004,roll,0.5,16.443057184245017,0.07788189748922986,653
kitti,000004,roll,1.0,16.430985721183696,0.05869502822558087,656
kitti,000004,roll,2.0,16.418052010760846,0.009623279174168886,683
kitti,000004,roll,3.0,16.448230668414155,-0.012030432621637999,663
kitti,000004,tx,2.0,16.483582810236598,0.09020105501015979,656
kitti,000004,tx,5.0,16.591363730426988,0.09592632700999576,664
kitti,000004,tx,10.0,16.739670276608955,0.11003401130437851,660
kitti,000004,ty,2.0,16.445643926329588,0.0932215005159378,661
kitti,000004,ty,5.0,16.447368421052634,0.10510840266942978,657
kitti,000004,ty,10.0,16.442194936883492,0.11333483705917996,664
kitti,000004,tz,2.0,16.5956749672346,0.08636062095562619,656
kitti,000004,tz,5.0,16.81123680761537,0.07937304675579071,696
kitti,000004,tz,10.0,17.169069462647442,0.07592232028643292,742
kitti,000007,none,0.0,15.817032850697894,0.00782816857099533,522
kitti,000007,yaw,0.5,15.825176305803026,-0.034345149993896484,518
kitti,000007,yaw,1.0,15.788530757829932,0.0035970360040664673,536
kitti,000007,yaw,2.0,15.664750240231925,-0.007032429178555788,492
kitti,000007,yaw,3.0,15.690809296568348,-0.0015733142693837299,551
kitti,000007,pitch,0.5,15.439990879330281,-0.04585665464401245,513
kitti,000007,pitch,1.0,15.077607127151907,-0.02821559210618335,476
kitti,000007,pitch,2.0,14.321080147885146,0.004819095134735107,470
kitti,000007,pitch,3.0,13.545823221876576,-0.01501972476641339,469
kitti,000007,roll,0.5,15.822733269271486,0.02399437129497528,505
kitti,000007,roll,1.0,15.821104578250461,0.022923496862252535,505
kitti,000007,roll,2.0,15.808889395592763,-0.0326538433631261,484
kitti,000007,roll,3.0,15.843906252544828,-0.030306408802668272,516
kitti,000007,tx,2.0,15.869965308881252,0.00344251592953998,523
kitti,000007,tx,5.0,15.974201534226943,0.0005359624822934284,523
kitti,000007,tx,10.0,16.115083307545724,-0.002939850091934204,514
kitti,000007,ty,2.0,15.827619342334565,0.004550387461980165,523
kitti,000007,ty,5.0,15.834948451929185,0.0035039857029914856,533
kitti,000007,ty,10.0,15.838205833971235,-0.008231761554876982,528
kitti,000007,tz,2.0,15.964429388100784,0.022309107085069002,528
kitti,000007,tz,5.0,16.158243619602924,0.016345019141833006,559
kitti,000007,tz,10.0,16.506783498102575,0.03771888961394626,666
kitti,000008,none,0.0,14.065521602545797,0.0986677159865697,2546
kitti,000008,yaw,0.5,14.10060789033495,0.06627953549226123,2536
kitti,000008,yaw,1.0,14.129166496674964,0.01860673725605011,2495
kitti,000008,yaw,2.0,14.184651788992698,-0.007966170708338438,2462
kitti,000008,yaw,3.0,14.22708171841214,-0.024141043424606323,2364
kitti,000008,pitch,0.5,13.721186406103383,0.04664898415406543,2518
kitti,000008,pitch,1.0,13.37685120966097,0.021880274017651857,2548
kitti,000008,pitch,2.0,12.66451797152299,-0.021648565928141295,2512
kitti,000008,pitch,3.0,11.971767777732447,-0.022583586474259676,2485
kitti,000008,roll,0.5,14.065521602545797,0.07853914797306061,2541
kitti,000008,roll,1.0,14.063073722002366,0.07397028803825378,2562
kitti,000008,roll,2.0,14.04593855819836,0.04913039008776349,2545
kitti,000008,roll,3.0,14.09000040798009,0.045221611857414246,2548
kitti,000008,tx,2.0,14.127534576312675,0.09763049085934955,2579
kitti,000008,tx,5.0,14.26298396638244,0.09376594920953113,2583
kitti,000008,tx,10.0,14.444127126596223,0.08329944312572479,2659
kitti,000008,ty,2.0,14.062257761821224,0.09218041598796844,2520
kitti,000008,ty,5.0,14.057362000734363,0.08830485741297406,2518
kitti,000008,ty,10.0,14.03859491656807,0.059861371914545713,2464
kitti,000008,tz,2.0,14.22381787768757,0.09636189043521881,2629
kitti,000008,tz,5.0,14.449838847864225,0.08063256243864697,2760
kitti,000008,tz,10.0,14.797437885031211,0.05835673213005066,2936
kitti,000009,none,0.0,15.663126976954361,0.15186327695846558,97
kitti,000009,yaw,0.5,15.663933897101542,0.27861412738760316,103
kitti,000009,yaw,1.0,15.650216254599444,0.21102986733118692,101
kitti,000009,yaw,2.0,15.638919372538892,0.1005653478205204,116
kitti,000009,yaw,3.0,15.638919372538892,0.08971651270985603,124
kitti,000009,pitch,0.5,15.294364469692079,0.1334558178981145,90
kitti,000009,pitch,1.0,14.938512684784714,0.1777865638335546,109
kitti,000009,pitch,2.0,14.187270027758053,0.16770041982332864,89
kitti,000009,pitch,3.0,13.42392356852366,-0.12362912359337014,75
kitti,000009,roll,0.5,15.667161577690273,0.10816926384965578,104
kitti,000009,roll,1.0,15.667968497837453,0.06097595393657684,91
kitti,000009,roll,2.0,15.651830094893809,-0.1109312412639459,100
kitti,000009,roll,3.0,15.676037699309276,-0.02854270612200102,97
kitti,000009,tx,2.0,15.70589374475502,0.1636334334810575,98
kitti,000009,tx,5.0,15.813214124330258,0.15627759943405786,106
kitti,000009,tx,10.0,15.947162868762508,0.1576706568400065,108
kitti,000009,ty,2.0,15.664740817248726,0.16296755274136862,101
kitti,000009,ty,5.0,15.662320056807177,0.18621206656098366,94
kitti,000009,ty,10.0,15.65586469562972,0.2206042359272639,96
kitti,000009,tz,2.0,15.819669485507715,0.15414893254637718,102
kitti,000009,tz,5.0,16.017364921567363,0.1966122922797998,109
kitti,000009,tz,10.0,16.350622942353624,0.08728609482447305,112
kitti,000010,none,0.0,14.2084142394822,0.08891588946183523,910
kitti,000010,yaw,0.5,14.16353829557713,0.07535558690627417,893
kitti,000010,yaw,1.0,14.126429341963323,0.06240535527467728,918
kitti,000010,yaw,2.0,14.066019417475728,0.03212538734078407,902
kitti,000010,yaw,3.0,14.04185544768069,0.03685367728273073,900
kitti,000010,pitch,0.5,13.822653721682848,-0.009428036709626525,920
kitti,000010,pitch,1.0,13.457605177993528,-0.019427211334307998,892
kitti,000010,pitch,2.0,12.692125134843582,-0.02799320841828981,893
kitti,000010,pitch,3.0,11.925782092772383,-0.020680564145247132,875
kitti,000010,roll,0.5,14.212729234088458,0.12151387085517248,931
kitti,000010,roll,1.0,14.212729234088458,0.13622425496578217,931
kitti,000010,roll,2.0,14.21359223300971,0.11347582191228867,922
kitti,000010,roll,3.0,14.242934196332255,0.05044108380873999,918
kitti,000010,tx,2.0,14.2403451995685,0.08526483923196793,900
kitti,000010,tx,5.0,14.351672060409925,0.0908631756901741,905
kitti,000010,tx,10.0,14.481121898597626,0.07950477053721747,885
kitti,000010,ty,2.0,14.202373247033442,0.08902965734402338,916
kitti,000010,ty,5.0,14.199784250269687,0.09162275741497675,897
kitti,000010,ty,10.0,14.184250269687162,0.08067690829435983,874
kitti,000010,tz,2.0,14.365480043149947,0.0976383164525032,956
kitti,000010,tz,5.0,14.563106796116504,0.1188807338476181,1003
kitti,000010,tz,10.0,14.911758360302048,0.12522510687510172,1065
kitti,000011,none,0.0,18.467834524647238,0.1521407514810562,917
kitti,000011,yaw,0.5,18.467834524647238,0.11739482978979748,944
kitti,000011,yaw,1.0,18.473389874449094,0.06744357198476791,932
kitti,000011,yaw,2.0,18.48357468241917,0.010600472489992796,931
kitti,000011,yaw,3.0,18.46968630791452,0.017004062732060732,959
kitti,000011,pitch,0.5,18.05210918114144,0.15683235973119736,926
kitti,000011,pitch,1.0,17.64749453723936,0.139674370487531,912
kitti,000011,pitch,2.0,16.800303692455834,0.10394007960955304,906
kitti,000011,pitch,3.0,15.953112847672307,0.0812529226144155,878
kitti,000011,roll,0.5,18.46968630791452,0.15397487084070843,928
kitti,000011,roll,1.0,18.47246398281545,0.14500611772139865,927
kitti,000011,roll,2.0,18.44839080034073,0.10857053597768146,916
kitti,000011,roll,3.0,18.48913003222103,0.09663157910108566,929
kitti,000011,tx,2.0,18.519684456131255,0.1579255809386571,919
kitti,000011,tx,5.0,18.65671641791045,0.1489889721075694,906
kitti,000011,tx,10.0,18.824302803599867,0.13441014786561328,889
kitti,000011,ty,2.0,18.47153809118181,0.1601681262254715,894
kitti,000011,ty,5.0,18.461353283211732,0.1674109697341919,840
kitti,000011,ty,10.0,18.44931669197437,0.13865772386391956,792
kitti,000011,tz,2.0,18.65393874300952,0.14847980936368305,930
kitti,000011,tz,5.0,18.884485759786674,0.14638402064641315,931
kitti,000011,tz,10.0,19.265953112847672,0.10275906821091968,1049
kitti,000012,none,0.0,15.586590782204372,0.20849768817424774,157
kitti,000012,yaw,0.5,15.57242494187839,0.05142582207918167,155
kitti,000012,yaw,1.0,15.580757789128969,-0.0430656298995018,192
kitti,000012,yaw,2.0,15.581591073854026,0.021991536021232605,201
kitti,000012,yaw,3.0,15.593257060004834,-0.005507426957289396,199
kitti,000012,pitch,0.5,15.19494696142725,0.17774506161610287,148
kitti,000012,pitch,1.0,14.824135258776572,0.12430190294981003,156
kitti,000012,pitch,2.0,14.05168031864808,0.15846816450357437,154
kitti,000012,pitch,3.0,13.250060413142567,0.17963941395282745,161
kitti,000012,roll,0.5,15.582424358579082,0.18991388132174808,148
kitti,000012,roll,1.0,15.586590782204372,0.15139264116684598,154
kitti,000012,roll,2.0,15.562425525177698,0.13706955562035245,156
kitti,000012,roll,3.0,15.580757789128969,0.11846441775560379,154
kitti,000012,tx,2.0,15.624921879557027,0.21763518452644348,148
kitti,000012,tx,5.0,15.680751956135891,0.19948972761631012,150
kitti,000012,tx,10.0,15.846575616422376,0.17698138455549878,134
kitti,000012,ty,2.0,15.582424358579082,0.21141474942366284,163
kitti,000012,ty,5.0,15.58325764330414,0.20317996044953662,160
kitti,000012,ty,10.0,15.584924212754256,0.1741540829340617,209
kitti,000012,tz,2.0,15.71824976876349,0.21031041194995242,158
kitti,000012,tz,5.0,15.914904963877108,0.20014040917158127,155
kitti,000012,tz,10.0,16.274050680376977,0.19336680447061855,159
kitti,000015,none,0.0,14.956396890270266,0.0942154626051585,2464
kitti,000015,yaw,0.5,14.993106711371071,0.08658299843470257,2491
kitti,000015,yaw,1.0,15.043684687109959,0.08377141257127124,2472
kitti,000015,yaw,2.0,15.067342127374921,0.05819474160671234,2418
kitti,000015,yaw,3.0,15.12444629353173,0.0562770466009776,2376
kitti,000015,pitch,0.5,14.597456417284615,0.05462835729122162,2455
kitti,000015,pitch,1.0,14.26543647977289,0.02977709472179413,2474
kitti,000015,pitch,2.0,13.595686188133755,0.0010784914096196307,2452
kitti,000015,pitch,3.0,12.885147206382614,-0.008817791938781738,2446
kitti,000015,roll,0.5,14.953949568863544,0.09124466280142468,2496
kitti,000015,roll,1.0,14.934370997609783,0.07496509949366253,2477
kitti,000015,roll,2.0,14.963738854490426,0.020713135600090027,2485
kitti,000015,roll,3.0,14.971080818710588,-0.009611546993255615,2500
kitti,000015,tx,2.0,15.040421591900998,0.08788082003593445,2471
kitti,000015,tx,5.0,15.167682305050455,0.09335700670878094,2480
kitti,000015,tx,10.0,15.33654748211416,0.09502547979354858,2462
kitti,000015,ty,2.0,14.957212664072506,0.09370349844296771,2435
kitti,000015,ty,5.0,14.965370402094907,0.095651979247729,2408
kitti,000015,ty,10.0,14.982501651941948,0.09517799317836761,2330
kitti,000015,tz,2.0,15.149735281401172,0.0907554527123769,2514
kitti,000015,tz,5.0,15.389572779259767,0.08232997854550678,2674
kitti,000015,tz,10.0,15.759934085476779,0.05344036718209583,2875
kitti,000016,none,0.0,15.80260015919342,0.11421206841866177,671
kitti,000016,yaw,0.5,15.806137790749094,0.09798310200373334,685
kitti,000016,yaw,1.0,15.805253382860174,0.08359458670020103,692
kitti,000016,yaw,2.0,15.815866277527196,0.06608561426401138,663
kitti,000016,yaw,3.0,15.830016803749889,0.0487878868977229,685
kitti,000016,pitch,0.5,15.411691872291499,0.06341095268726349,678
kitti,000016,pitch,1.0,15.020783585389582,0.03138796736796695,645
kitti,000016,pitch,2.0,14.220394445918458,-0.01412754754225412,635
kitti,000016,pitch,3.0,13.403201556557883,-0.09475142881274223,620
kitti,000016,roll,0.5,15.803484567082338,0.07432546963294345,660
kitti,000016,roll,1.0,15.807906606526931,0.08581571529308957,672
kitti,000016,roll,2.0,15.776952330414787,-0.03890667110681534,686
kitti,000016,roll,3.0,15.81409746174936,-0.07198094576597214,685
kitti,000016,tx,2.0,15.860971079862033,0.11817624295751256,672
kitti,000016,tx,5.0,15.990979039533032,0.11504334087173146,673
kitti,000016,tx,10.0,16.152825683205094,0.10988221317529678,680
kitti,000016,ty,2.0,15.803484567082338,0.11583987499276799,674
kitti,000016,ty,5.0,15.791102856637481,0.11623050644993782,672
kitti,000016,ty,10.0,15.778721146192623,0.10841721544663113,670
kitti,000016,tz,2.0,15.980366144866013,0.12392160917321843,709
kitti,000016,tz,5.0,16.221809498540726,0.15341040988763172,763
kitti,000016,tz,10.0,16.580879101441585,0.1238815461595853,869
kitti,000019,none,0.0,16.242426337761568,0.15371861557165784,486
kitti,000019,yaw,0.5,16.27354209702931,0.05611658593018848,495
kitti,000019,yaw,1.0,16.300336223065422,0.028276811043421446,502
kitti,000019,yaw,2.0,16.34614553532071,0.008587345480918884,517
kitti,000019,yaw,3.0,16.366889374832535,-0.009685218334197998,517
kitti,000019,pitch,0.5,15.867308573256006,0.09720293929179508,490
kitti,000019,pitch,1.0,15.503427055152683,0.011727864543596922,497
kitti,000019,pitch,2.0,14.720347113581164,-0.05617590000232059,482
kitti,000019,pitch,3.0,13.926030925607405,0.08977091684937477,467
kitti,000019,roll,0.5,16.249340950932176,0.09370186428229016,486
kitti,000019,roll,1.0,16.22773278477402,0.07685687641302746,493
kitti,000019,roll,2.0,16.204395965323215,0.0549136797587077,488
kitti,000019,roll,3.0,16.233783071298305,0.02472694218158722,500
kitti,000019,tx,2.0,16.315029776052967,0.1512530992428462,486
kitti,000019,tx,5.0,16.450729059526175,0.14687276879946393,490
kitti,000019,tx,10.0,16.659031781290786,0.12503750622272491,502
kitti,000019,ty,2.0,16.236376051237283,0.15034115314483643,491
kitti,000019,ty,5.0,16.219953844957086,0.139616201321284,461
kitti,000019,ty,10.0,16.20353163867689,0.08625351389249164,478
kitti,000019,tz,2.0,16.415291667026803,0.15351736793915433,520
kitti,000019,tz,5.0,16.607172182511214,0.13736061255137128,578
kitti,000019,tz,10.0,17.011677052991867,0.11920762062072754,639
kitti,000021,none,0.0,15.826281334823566,0.16478844732046127,738
kitti,000021,yaw,0.5,15.821491298099952,0.13611836731433868,795
kitti,000021,yaw,1.0,15.828676353185376,0.10867657015721005,865
kitti,000021,yaw,2.0,15.839853105540474,0.04814040909210843,992
kitti,000021,yaw,3.0,15.857416573527065,0.0287037541468938,1099
kitti,000021,pitch,0.5,15.461440204374899,0.0829531227548917,719
kitti,000021,pitch,1.0,15.113364202458884,0.05432161192099255,719
kitti,000021,pitch,2.0,14.36532013412103,0.0972067465384801,700
kitti,000021,pitch,3.0,13.617276065783171,0.021357094248135866,670
kitti,000021,roll,0.5,15.831071371547182,0.17471734682718915,713
kitti,000021,roll,1.0,15.826281334823566,0.1434853846828143,748
kitti,000021,roll,2.0,15.819096279738146,0.09483220428228378,768
kitti,000021,roll,3.0,15.846239821171961,0.057805366814136505,779
kitti,000021,tx,2.0,15.893341848954176,0.16480428725481033,748
kitti,000021,tx,5.0,16.014689445952417,0.16491732001304626,769
kitti,000021,tx,10.0,16.18234073127894,0.15204501152038574,803
kitti,000021,ty,2.0,15.837458087178668,0.16232316941022873,769
kitti,000021,ty,5.0,15.84304646335622,0.16450294852256775,792
kitti,000021,ty,10.0,15.866198307520357,0.15078024814526242,829
kitti,000021,tz,2.0,15.984352546702857,0.19021185487508774,759
kitti,000021,tz,5.0,16.190324125818297,0.20270777245362598,788
kitti,000021,tz,10.0,16.5024748523072,0.11205268651247025,830
kitti,000023,none,0.0,15.436169152576154,0.20956237614154816,1458
kitti,000023,yaw,0.5,15.434508188552638,0.2021537696321805,1455
kitti,000023,yaw,1.0,15.432847224529118,0.20598140607277554,1470
kitti,000023,yaw,2.0,15.440321562634955,0.1692570224404335,1471
kitti,000023,yaw,3.0,15.441982526658474,0.1659658004840215,1512
kitti,000023,pitch,0.5,15.055808391190247,0.15525347491105396,1423
kitti,000023,pitch,1.0,14.682921967910175,0.16562343885501224,1423
kitti,000023,pitch,2.0,13.927183337208914,0.07903761913379032,1422
kitti,000023,pitch,3.0,13.151513138225427,-0.033750551442305265,1411
kitti,000023,roll,0.5,15.437830116599674,0.16244319826364517,1469
kitti,000023,roll,1.0,15.435338670564397,0.14719343433777493,1471
kitti,000023,roll,2.0,15.415407102282163,0.17034480720758438,1476
kitti,000023,roll,3.0,15.458592166893665,0.17380424340565997,1470
kitti,000023,tx,2.0,15.480184699199414,0.21117135882377625,1478
kitti,000023,tx,5.0,15.591469288775206,0.20924749225378036,1470
kitti,000023,tx,10.0,15.748430388997775,0.20384961863358814,1466
kitti,000023,ty,2.0,15.440321562634955,0.20609768728415173,1452
kitti,000023,ty,5.0,15.451948310799587,0.19939763844013214,1450
kitti,000023,ty,10.0,15.460253130917184,0.18618281433979672,1419
kitti,000023,tz,2.0,15.596452180845763,0.22332199166218442,1523
kitti,000023,tz,5.0,15.815699431950303,0.19550885508457821,1595
kitti,000023,tz,10.0,16.149553200677673,0.11216459671656293,1794
kitti,000025,none,0.0,15.139920538953186,0.09814326961835224,1573
kitti,000025,yaw,0.5,15.144239074106064,0.08907855550448102,1560
kitti,000025,yaw,1.0,15.149421316289516,0.0767360081275304,1600
kitti,000025,yaw,2.0,15.15028502332009,0.07348126173019409,1629
kitti,000025,yaw,3.0,15.126964933494557,0.04949811100959778,1715
kitti,000025,pitch,0.5,14.830713422007255,0.03554317355155945,1562
kitti,000025,pitch,1.0,14.537916738642254,0.003663366039593996,1544
kitti,000025,pitch,2.0,13.94973225082052,-0.008756647507349669,1549
kitti,000025,pitch,3.0,13.309725341164278,0.008049341539541899,1522
kitti,000025,roll,0.5,15.164104335809295,0.09162506461143494,1560
kitti,000025,roll,1.0,15.199516324062879,0.09354945023854572,1559
kitti,000025,roll,2.0,15.238383140438764,0.059461817145347595,1554
kitti,000025,roll,3.0,15.36016583174987,0.05944533149401349,1560
kitti,000025,tx,2.0,15.185697011573673,0.09605880081653595,1594
kitti,000025,tx,5.0,15.285023320089824,0.09952026605606079,1599
kitti,000025,tx,10.0,15.449991362929694,0.09206971526145935,1637
kitti,000025,ty,2.0,15.139056831922613,0.09786935647328693,1559
kitti,000025,ty,5.0,15.148557609258939,0.10059600571791333,1584
kitti,000025,ty,10.0,15.15373985144239,0.08821106950441998,1576
kitti,000025,tz,2.0,15.274658835722924,0.08612830936908722,1650
kitti,000025,tz,5.0,15.445672827776818,0.09714624782403308,1751
kitti,000025,tz,10.0,15.804974952496112,0.0730448265870412,1891
kitti,000031,none,0.0,15.579061925452011,0.18035286664962769,1614
kitti,000031,yaw,0.5,15.563397119324598,0.15037064502636593,1627
kitti,000031,yaw,1.0,15.530418580108993,0.09153496225674945,1620
kitti,000031,yaw,2.0,15.485897552167927,0.0362168550491333,1726
kitti,000031,yaw,3.0,15.443025451187639,0.004259347915649414,1764
kitti,000031,pitch,0.5,15.208053359276452,0.10817621648311615,1613
kitti,000031,pitch,1.0,14.85188513574791,0.03193923830986023,1584
kitti,000031,pitch,2.0,14.124708346043812,-0.03865525374809903,1569
kitti,000031,pitch,3.0,13.357957309280986,-0.016336778799692808,1532
kitti,000031,roll,0.5,15.579886388932401,0.18144864340623218,1607
kitti,000031,roll,1.0,15.588131023736304,0.15783224006493884,1623
kitti,000031,roll,2.0,15.593077804618643,0.06942617148160934,1627
kitti,000031,roll,3.0,15.63677436907932,0.008909997840722383,1639
kitti,000031,tx,2.0,15.62605634383425,0.17911854137976962,1625
kitti,000031,tx,5.0,15.720045180598724,0.18309198071559268,1629
kitti,000031,tx,10.0,15.878342168833631,0.17649575074513751,1611
kitti,000031,ty,2.0,15.579886388932401,0.186648723979791,1611
kitti,000031,ty,5.0,15.57658853501084,0.18140513946612674,1611
kitti,000031,ty,10.0,15.577412998491234,0.1652323951323827,1620
kitti,000031,tz,2.0,15.719220717118334,0.18603887905677158,1702
kitti,000031,tz,5.0,15.908847317608066,0.17343642562627792,1808
kitti,000031,tz,10.0,16.28397820118558,0.12836947292089462,1953
kitti,000032,none,0.0,16.46286479972358,0.07905415693918866,1772
kitti,000032,yaw,0.5,16.472977642190777,0.07725558926661807,1741
kitti,000032,yaw,1.0,16.472134905318512,0.04674992710351944,1708
kitti,000032,yaw,2.0,16.473820379063046,-0.009288258850574493,1697
kitti,000032,yaw,3.0,16.47719132655211,-0.03811753789583844,1694
kitti,000032,pitch,0.5,16.070149417247453,0.03583762546380359,1724
kitti,000032,pitch,1.0,15.69681698283345,-0.02792052427927655,1772
kitti,000032,pitch,2.0,14.919813586603855,-0.06558697422345477,1737
kitti,000032,pitch,3.0,14.128483663545733,-0.03619808703660965,1697
kitti,000032,roll,0.5,16.46539301034038,0.08265406390031177,1780
kitti,000032,roll,1.0,16.462022062851318,0.06707610438267392,1748
kitti,000032,roll,2.0,16.443481851661456,0.016584808627764402,1767
kitti,000032,roll,3.0,16.48477595840251,-0.0046337147553761615,1777
kitti,000032,tx,2.0,16.513429012059564,0.08344046523173648,1762
kitti,000032,tx,5.0,16.634783121665922,0.08456671734650928,1787
kitti,000032,tx,10.0,16.788161232418403,0.07864030947287876,1773
kitti,000032,ty,2.0,16.462022062851318,0.08326761672894162,1778
kitti,000032,ty,5.0,16.457808378489986,0.07812510679165524,1732
kitti,000032,ty,10.0,16.459493852234516,0.06770042081673938,1754
kitti,000032,tz,2.0,16.62129933170966,0.07674243797858554,1834
kitti,000032,tz,5.0,16.839568181626653,0.07002380738655728,1881
kitti,000032,tz,10.0,17.174134719916403,0.052113411327203096,1974
kitti,000043,none,0.0,16.032987739719882,0.07454162836074829,782
kitti,000043,yaw,0.5,16.06072223898981,0.04132543504238129,773
kitti,000043,yaw,1.0,16.080299532592115,0.014424100518226624,763
kitti,000043,yaw,2.0,16.125979884330825,0.00793252388636273,759
kitti,000043,yaw,3.0,16.160240148134854,-0.0018357932567596436,721
kitti,000043,pitch,0.5,15.661834881842877,0.045701404412587465,808
kitti,000043,pitch,1.0,15.309443597001412,0.04106480876604718,800
kitti,000043,pitch,2.0,14.55734923444625,0.016145880023638426,787
kitti,000043,pitch,3.0,13.803623430757558,0.02392407258351642,796
kitti,000043,roll,0.5,16.039513504253982,0.06138967474301654,772
kitti,000043,roll,1.0,16.031356298586356,0.06560609738032025,798
kitti,000043,roll,2.0,16.010147563850527,0.060831218957901,793
kitti,000043,roll,3.0,16.046039268788086,0.03822040061155957,797
kitti,000043,tx,2.0,16.083562414859166,0.07810098429520923,768
kitti,000043,tx,5.0,16.206736220440327,0.07691967984040576,751
kitti,000043,tx,10.0,16.375590377760194,0.0815923810005188,771
kitti,000043,ty,2.0,16.031356298586356,0.07973880072434741,768
kitti,000043,ty,5.0,16.036250621986934,0.07664329806963605,765
kitti,000043,ty,10.0,16.046039268788086,0.05562110741933185,788
kitti,000043,tz,2.0,16.198579014772697,0.06673621137936908,822
kitti,000043,tz,5.0,16.41719212666509,0.054423436522483826,857
kitti,000043,tz,10.0,16.7532690001713,0.04127804934978485,847
kitti,000048,none,0.0,16.156511106582432,0.05996369818846381,3919
kitti,000048,yaw,0.5,16.173629508864888,0.06643026073773706,3927
kitti,000048,yaw,1.0,16.18259629101284,0.061325202385584476,3896
kitti,000048,yaw,2.0,16.207866313429793,0.05170055230458581,3842
kitti,000048,yaw,3.0,16.219278581618095,0.033892204364140865,3785
kitti,000048,pitch,0.5,15.794579172610558,0.042216017842292786,3933
kitti,000048,pitch,1.0,15.455471775015283,0.04032321274280548,3878
kitti,000048,pitch,2.0,14.78133278989199,0.026787877082824707,3806
kitti,000048,pitch,3.0,13.991440798858774,0.008209918936093685,3758
kitti,000048,roll,0.5,16.17607499490524,0.06725464761257172,3904
kitti,000048,roll,1.0,16.18259629101284,0.06914789477984107,3919
kitti,000048,roll,2.0,16.23639698390055,0.05725972851117456,3939
kitti,000048,roll,3.0,16.254330548196457,0.04241832097371423,3943
kitti,000048,tx,2.0,16.258406358263706,0.06604982912540436,3958
kitti,000048,tx,5.0,16.391277766456085,0.07094308237234748,3959
kitti,000048,tx,10.0,16.598328917872426,0.07587342957655585,3970
kitti,000048,ty,2.0,16.162217240676586,0.06552061935265863,3897
kitti,000048,ty,5.0,16.18748726309354,0.07550262908140815,3953
kitti,000048,ty,10.0,16.220093743631548,0.07351639370123542,3902
kitti,000048,tz,2.0,16.34481353168942,0.07064643502235413,4055
kitti,000048,tz,5.0,16.600774403912776,0.071006178855896,4247
kitti,000048,tz,10.0,16.9455879356022,0.05392344295978546,4505
kitti,000049,none,0.0,15.914188458189301,0.17455243319272995,1852
kitti,000049,yaw,0.5,15.95025111926186,0.1406412571668625,1839
kitti,000049,yaw,1.0,15.985434203235085,0.0899343341588974,1819
kitti,000049,yaw,2.0,16.03381094369827,0.08230032026767731,1818
kitti,000049,yaw,3.0,16.03557009789693,0.05895687143007916,1818
kitti,000049,pitch,0.5,15.531572419980474,0.1193501775463422,1845
kitti,000049,pitch,1.0,15.163909192460265,0.0768631522854169,1828
kitti,000049,pitch,2.0,14.386363036651979,0.020874053239822388,1797
kitti,000049,pitch,3.0,13.615853497638335,-0.03751516342163086,1769
kitti,000049,roll,0.5,15.89571733910336,0.1292504345377286,1870
kitti,000049,roll,1.0,15.893958184904697,0.0937621494134267,1840
kitti,000049,roll,2.0,15.875487065818755,0.05742956201235455,1852
kitti,000049,roll,3.0,15.92298422918261,0.012407993276913942,1895
kitti,000049,tx,2.0,15.955528581857841,0.17694619049628574,1855
kitti,000049,tx,5.0,16.06107783377752,0.18667425215244293,1851
kitti,000049,tx,10.0,16.206208055167075,0.170495147506396,1882
kitti,000049,ty,2.0,15.915068035288632,0.1840374693274498,1841
kitti,000049,ty,5.0,15.92298422918261,0.17375190059343976,1834
kitti,000049,ty,10.0,15.932659577275246,0.14487659186124802,1827
kitti,000049,tz,2.0,16.06283698797618,0.17366592586040497,1873
kitti,000049,tz,5.0,16.250186910133607,0.1366802727182706,1986
kitti,000049,tz,10.0,16.644237450633735,0.0780295928319295,2251
kitti,000061,none,0.0,15.801576085654744,-0.007592618465423584,187
kitti,000061,yaw,0.5,15.81914137663976,0.01232650876045227,207
kitti,000061,yaw,1.0,15.828722444449767,0.05999147395292917,215
kitti,000061,yaw,2.0,15.861457759467292,-0.02864185720682144,200
kitti,000061,yaw,3.0,15.887805695944813,-0.0427350675066312,194
kitti,000061,pitch,0.5,15.432704974969461,-0.03781063109636307,207
kitti,000061,pitch,1.0,15.07181808745918,-0.09981954470276833,195
kitti,000061,pitch,2.0,14.329285332183606,-0.05012543126940727,195
kitti,000061,pitch,3.0,13.569985708240518,0.04329543312390646,168
kitti,000061,roll,0.5,15.804769774924749,0.019610604892174394,202
kitti,000061,roll,1.0,15.800777663337245,0.023650155713160842,198
kitti,000061,roll,2.0,15.788002906257237,-0.012738166997830064,201
kitti,000061,roll,3.0,15.807963464194753,0.0026012336214383536,207
kitti,000061,tx,2.0,15.841497201529778,0.004420063147942216,188
kitti,000061,tx,5.0,15.93411419035985,0.020833152035872132,181
kitti,000061,tx,10.0,16.06824913969995,0.0483249674240748,189
kitti,000061,ty,2.0,15.802374507972248,0.004027305791775376,192
kitti,000061,ty,5.0,15.80636661955975,0.015007269879182189,180
kitti,000061,ty,10.0,15.811157153464753,0.04066966101527214,187
kitti,000061,tz,2.0,15.942896835852356,-0.006150475392738969,207
kitti,000061,tz,5.0,16.11535605643249,0.01887326439221701,219
kitti,000061,tz,10.0,16.46426660918026,0.011951692402362823,230
nuscenes,scene-0103_000,none,0.0,8.586556169429098,0.10854144270221391,65
nuscenes,scene-0103_000,yaw,0.5,8.552025782688766,0.10006632407506308,62
nuscenes,scene-0103_000,yaw,1.0,8.514617863720074,0.007481738924980164,63
nuscenes,scene-0103_000,yaw,2.0,8.44267955801105,-0.013123588015635818,65
nuscenes,scene-0103_000,yaw,3.0,8.38512891344383,-0.008558132375280053,66
nuscenes,scene-0103_000,pitch,0.5,8.609576427255986,0.07919395714998245,67
nuscenes,scene-0103_000,pitch,1.0,8.618209023941068,0.13143602510293326,65
nuscenes,scene-0103_000,pitch,2.0,8.615331491712707,0.07817926506201425,66
nuscenes,scene-0103_000,pitch,3.0,8.62396408839779,0.06693573544422785,66
nuscenes,scene-0103_000,roll,0.5,8.704534990791897,0.11290920525789261,64
nuscenes,scene-0103_000,roll,1.0,8.98653314917127,0.03316193073987961,66
nuscenes,scene-0103_000,roll,2.0,9.297306629834253,0.0027147034804026193,66
nuscenes,scene-0103_000,roll,3.0,9.651243093922652,-0.0031075707326332774,67
nuscenes,scene-0103_000,tx,2.0,8.59231123388582,0.11670556540290514,65
nuscenes,scene-0103_000,tx,5.0,8.59231123388582,0.11230969677368799,69
nuscenes,scene-0103_000,tx,10.0,8.603821362799263,0.07842731103301048,69
nuscenes,scene-0103_000,ty,2.0,8.62396408839779,0.11317378779252371,64
nuscenes,scene-0103_000,ty,5.0,8.664249539594843,0.12117088461915651,65
nuscenes,scene-0103_000,ty,10.0,8.724677716390424,0.10319282114505768,62
nuscenes,scene-0103_000,tz,2.0,8.638351749539595,0.13809818277756372,65
nuscenes,scene-0103_000,tz,5.0,8.698779926335174,0.11111424118280411,66
nuscenes,scene-0103_000,tz,10.0,8.995165745856355,0.1467298393448194,65
nuscenes,scene-0103_001,none,0.0,8.784017527675276,0.02539888396859169,99
nuscenes,scene-0103_001,yaw,0.5,8.75230627306273,-0.02252184972167015,99
nuscenes,scene-0103_001,yaw,1.0,8.714829335793358,-0.0021865020195643153,100
nuscenes,scene-0103_001,yaw,2.0,8.662938191881919,-0.0014660184582074437,100
nuscenes,scene-0103_001,yaw,3.0,8.631226937269371,0.01510387721161048,100
nuscenes,scene-0103_001,pitch,0.5,8.798431734317342,0.048323164383570344,100
nuscenes,scene-0103_001,pitch,1.0,8.801314575645756,0.07131652285655339,101
nuscenes,scene-0103_001,pitch,2.0,8.807080258302582,0.04161570842067401,100
nuscenes,scene-0103_001,pitch,3.0,8.804197416974171,0.0012147948145866394,100
nuscenes,scene-0103_001,roll,0.5,8.896448339483396,0.06177675972382228,100
nuscenes,scene-0103_001,roll,1.0,9.173201107011069,0.03972199310859044,99
nuscenes,scene-0103_001,roll,2.0,9.49896217712177,0.023836852361758545,104
nuscenes,scene-0103_001,roll,3.0,9.827606088560886,0.03797042307754357,104
nuscenes,scene-0103_001,tx,2.0,8.78690036900369,0.03838381792108217,100
nuscenes,scene-0103_001,tx,5.0,8.78690036900369,0.054153792560100555,99
nuscenes,scene-0103_001,tx,10.0,8.77825184501845,-0.0008597113192081451,93
nuscenes,scene-0103_001,ty,2.0,8.815728782287822,0.026611443608999252,100
nuscenes,scene-0103_001,ty,5.0,8.853205719557195,0.027569059282541275,99
nuscenes,scene-0103_001,ty,10.0,8.907979704797048,0.05186159784595171,99
nuscenes,scene-0103_001,tz,2.0,8.833025830258302,0.02066228911280632,103
nuscenes,scene-0103_001,tz,5.0,8.890682656826568,0.017236487319072097,103
nuscenes,scene-0103_001,tz,10.0,9.193380996309964,0.052115440368652344,111
nuscenes,scene-0103_002,none,0.0,8.874309392265193,0.025171282390753433,89
nuscenes,scene-0103_002,yaw,0.5,8.857044198895029,0.04305836061636606,87
nuscenes,scene-0103_002,yaw,1.0,8.8369014732965,0.040688056498765945,80
nuscenes,scene-0103_002,yaw,2.0,8.776473296500921,0.01882483810186386,74
nuscenes,scene-0103_002,yaw,3.0,8.727555248618785,0.042663616438706725,69
nuscenes,scene-0103_002,pitch,0.5,8.905962246777165,0.02957927746077378,89
nuscenes,scene-0103_002,pitch,1.0,8.911717311233886,0.0423949013153712,92
nuscenes,scene-0103_002,pitch,2.0,8.900207182320443,0.04396110152204831,91
nuscenes,scene-0103_002,pitch,3.0,8.911717311233886,0.02536705819269021,90
nuscenes,scene-0103_002,roll,0.5,8.98653314917127,0.06636714562773705,86
nuscenes,scene-0103_002,roll,1.0,9.277163904235728,0.06463341663281123,90
nuscenes,scene-0103_002,roll,2.0,9.590814917127071,0.046141908814509705,89
nuscenes,scene-0103_002,roll,3.0,9.941873848987107,-0.025609404469529792,89
nuscenes,scene-0103_002,tx,2.0,8.880064456721916,0.0286158478508393,91
nuscenes,scene-0103_002,tx,5.0,8.868554327808472,0.020591889197627708,96
nuscenes,scene-0103_002,tx,10.0,8.86567679558011,0.021115604167183236,98
nuscenes,scene-0103_002,ty,2.0,8.903084714548804,0.032923146461447075,86
nuscenes,scene-0103_002,ty,5.0,8.937615101289135,0.04179754232366881,77
nuscenes,scene-0103_002,ty,10.0,9.000920810313076,0.035557817046840995,79
nuscenes,scene-0103_002,tz,2.0,8.923227440147329,0.040986382092038795,90
nuscenes,scene-0103_002,tz,5.0,8.98653314917127,0.037835218012332916,90
nuscenes,scene-0103_002,tz,10.0,9.280041436464089,0.05012345438202223,85
nuscenes,scene-0103_003,none,0.0,8.928571428571429,0.09920547902584076,69
nuscenes,scene-0103_003,yaw,0.5,8.928571428571429,0.03293079137802124,70
nuscenes,scene-0103_003,yaw,1.0,8.940092165898617,0.034658598403135926,72
nuscenes,scene-0103_003,yaw,2.0,8.934331797235023,0.018425484498341888,68
nuscenes,scene-0103_003,yaw,3.0,8.896889400921658,0.006046983102957412,69
nuscenes,scene-0103_003,pitch,0.5,8.945852534562212,0.10603690023223558,70
nuscenes,scene-0103_003,pitch,1.0,8.945852534562212,0.06600158413251242,73
nuscenes,scene-0103_003,pitch,2.0,8.928571428571429,0.08458769818147024,70
nuscenes,scene-0103_003,pitch,3.0,8.931451612903226,0.017786794652541488,73
nuscenes,scene-0103_003,roll,0.5,9.035138248847927,0.0918888176480929,73
nuscenes,scene-0103_003,roll,1.0,9.30299539170507,0.07146167010068893,69
nuscenes,scene-0103_003,roll,2.0,9.62557603686636,0.052873264998197556,68
nuscenes,scene-0103_003,roll,3.0,9.982718894009217,0.01152655358115831,69
nuscenes,scene-0103_003,tx,2.0,8.91705069124424,0.08092019334435463,70
nuscenes,scene-0103_003,tx,5.0,8.911290322580644,0.06842714672287306,75
nuscenes,scene-0103_003,tx,10.0,8.91705069124424,0.09545739988485971,66
nuscenes,scene-0103_003,ty,2.0,8.951612903225808,0.10487646733721098,72
nuscenes,scene-0103_003,ty,5.0,8.98041474654378,0.0891090432802836,75
nuscenes,scene-0103_003,ty,10.0,9.046658986175116,0.07606594637036324,71
nuscenes,scene-0103_003,tz,2.0,8.977534562211982,0.10661144057909647,67
nuscenes,scene-0103_003,tz,5.0,9.040898617511521,0.05528208116690317,68
nuscenes,scene-0103_003,tz,10.0,9.328917050691246,0.0820213034749031,74
nuscenes,scene-0103_004,none,0.0,8.802897884084636,0.053360114494959504,105
nuscenes,scene-0103_004,yaw,0.5,8.77414903403864,0.04650294656554857,108
nuscenes,scene-0103_004,yaw,1.0,8.785648574057038,0.014474406838417053,105
nuscenes,scene-0103_004,yaw,2.0,8.811522539098435,0.03616811086734137,116
nuscenes,scene-0103_004,yaw,3.0,8.834521619135234,-0.05152820919950804,113
nuscenes,scene-0103_004,pitch,0.5,8.814397424103037,0.09551307559013367,105
nuscenes,scene-0103_004,pitch,1.0,8.811522539098435,0.017662170032660157,107
nuscenes,scene-0103_004,pitch,2.0,8.800022999080037,0.007381528615951538,106
nuscenes,scene-0103_004,pitch,3.0,8.823022079116836,-0.007217028488715499,104
nuscenes,scene-0103_004,roll,0.5,8.906393744250229,0.05576354761918387,110
nuscenes,scene-0103_004,roll,1.0,9.182382704691811,0.042269845803578704,109
nuscenes,scene-0103_004,roll,2.0,9.492870285188593,0.055377987523873656,114
nuscenes,scene-0103_004,roll,3.0,9.83210671573137,0.0644011435409387,111
nuscenes,scene-0103_004,tx,2.0,8.794273229070837,0.038607565065224975,102
nuscenes,scene-0103_004,tx,5.0,8.785648574057038,0.01778090124328932,103
nuscenes,scene-0103_004,tx,10.0,8.782773689052439,-0.007511667907238007,102
nuscenes,scene-0103_004,ty,2.0,8.823022079116836,0.05359354615211487,104
nuscenes,scene-0103_004,ty,5.0,8.854645814167434,0.04987044632434845,107
nuscenes,scene-0103_004,ty,10.0,8.935142594296227,0.020537483195463807,112
nuscenes,scene-0103_004,tz,2.0,8.848896044158232,0.06606086095174155,115
nuscenes,scene-0103_004,tz,5.0,8.909268629254829,0.07784715667366982,111
nuscenes,scene-0103_004,tz,10.0,9.19963201471941,0.07857220619916916,117
nuscenes,scene-0103_005,none,0.0,8.879608294930875,0.05082058409849803,65
nuscenes,scene-0103_005,yaw,0.5,8.896889400921658,-0.017521626005570085,63
nuscenes,scene-0103_005,yaw,1.0,8.891129032258064,-0.021038630356391266,61
nuscenes,scene-0103_005,yaw,2.0,8.954493087557603,-0.008243491252263382,74
nuscenes,scene-0103_005,yaw,3.0,8.991935483870968,-0.047718315074841186,73
nuscenes,scene-0103_005,pitch,0.5,8.894009216589861,0.0673306832710902,65
nuscenes,scene-0103_005,pitch,1.0,8.902649769585254,0.04418817038337389,67
nuscenes,scene-0103_005,pitch,2.0,8.902649769585254,0.042488838235537216,65
nuscenes,scene-0103_005,pitch,3.0,8.908410138248849,0.021754348029692977,65
nuscenes,scene-0103_005,roll,0.5,8.968894009216589,0.08222093433141708,63
nuscenes,scene-0103_005,roll,1.0,9.265552995391706,0.15727376316984493,63
nuscenes,scene-0103_005,roll,2.0,9.60253456221198,0.09207939977447192,55
nuscenes,scene-0103_005,roll,3.0,9.90783410138249,0.05908757324020068,60
nuscenes,scene-0103_005,tx,2.0,8.879608294930875,0.057676060746113464,66
nuscenes,scene-0103_005,tx,5.0,8.868087557603687,0.0491716464360555,69
nuscenes,scene-0103_005,tx,10.0,8.873847926267281,0.07406315952539444,75
nuscenes,scene-0103_005,ty,2.0,8.90552995391705,0.046764499197403595,66
nuscenes,scene-0103_005,ty,5.0,8.945852534562212,0.03996748973925908,67
nuscenes,scene-0103_005,ty,10.0,9.017857142857142,0.03878757419685523,70
nuscenes,scene-0103_005,tz,2.0,8.928571428571429,0.0489543875058492,63
nuscenes,scene-0103_005,tz,5.0,9.043778801843319,0.13583753009637195,70
nuscenes,scene-0103_005,tz,10.0,9.297235023041475,0.03850534372031689,91
nuscenes,scene-0103_006,none,0.0,9.167435424354244,0.12658786649505296,40
nuscenes,scene-0103_006,yaw,0.5,9.176083948339484,0.014251006146272019,44
nuscenes,scene-0103_006,yaw,1.0,9.176083948339484,-0.002916948559383556,44
nuscenes,scene-0103_006,yaw,2.0,9.176083948339484,-0.03269133057134847,48
nuscenes,scene-0103_006,yaw,3.0,9.176083948339484,-0.01816575050664445,50
nuscenes,scene-0103_006,pitch,0.5,9.187615313653136,0.10910570869843164,40
nuscenes,scene-0103_006,pitch,1.0,9.187615313653136,0.09728672479589781,40
nuscenes,scene-0103_006,pitch,2.0,9.173201107011069,0.0340239554643631,40
nuscenes,scene-0103_006,pitch,3.0,9.176083948339484,0.037766845896840096,40
nuscenes,scene-0103_006,roll,0.5,9.27121771217712,0.10772800259292126,40
nuscenes,scene-0103_006,roll,1.0,9.553736162361623,0.13015828716258207,40
nuscenes,scene-0103_006,roll,2.0,9.885262915129152,0.14585885250320038,40
nuscenes,scene-0103_006,roll,3.0,10.193726937269371,0.15233679038162032,40
nuscenes,scene-0103_006,tx,2.0,9.164552583025829,0.10039951528112093,40
nuscenes,scene-0103_006,tx,5.0,9.158786900369003,0.05829747021198273,43
nuscenes,scene-0103_006,tx,10.0,9.13860701107011,0.0694857674340407,44
nuscenes,scene-0103_006,ty,2.0,9.202029520295204,0.11269842522839704,40
nuscenes,scene-0103_006,ty,5.0,9.23374077490775,0.06244572034726539,40
nuscenes,scene-0103_006,ty,10.0,9.314460332103321,0.049312133342027664,40
nuscenes,scene-0103_006,tz,2.0,9.21644372693727,0.13187599554657936,40
nuscenes,scene-0103_006,tz,5.0,9.337523062730629,0.16646771815915903,40
nuscenes,scene-0103_006,tz,10.0,9.56815036900369,0.13853252803285918,32
nuscenes,scene-0103_007,none,0.0,9.060770295202952,0.024592280387878418,36
nuscenes,scene-0103_007,yaw,0.5,9.055004612546126,0.046555936957399055,37
nuscenes,scene-0103_007,yaw,1.0,9.052121771217712,0.024441175162792206,36
nuscenes,scene-0103_007,yaw,2.0,9.049238929889299,0.030912138521671295,33
nuscenes,scene-0103_007,yaw,3.0,9.049238929889299,-0.051154942562182754,36
nuscenes,scene-0103_007,pitch,0.5,9.083833025830259,0.009806059921781227,38
nuscenes,scene-0103_007,pitch,1.0,9.078067343173432,-0.041389813646674156,33
nuscenes,scene-0103_007,pitch,2.0,9.057887453874539,-0.021990497907002776,31
nuscenes,scene-0103_007,pitch,3.0,9.069418819188192,0.05139746020237604,34
nuscenes,scene-0103_007,roll,0.5,9.193380996309964,0.014955970148245498,35
nuscenes,scene-0103_007,roll,1.0,9.464368081180812,-0.009778074299295739,36
nuscenes,scene-0103_007,roll,2.0,9.807426199261993,0.005226829399665206,40
nuscenes,scene-0103_007,roll,3.0,10.104358856088561,-0.0083323692282041,33
nuscenes,scene-0103_007,tx,2.0,9.063653136531364,0.03467295443018277,40
nuscenes,scene-0103_007,tx,5.0,9.046356088560886,0.031102205626666546,34
nuscenes,scene-0103_007,tx,10.0,9.034824723247233,-0.0011911631251374927,30
nuscenes,scene-0103_007,ty,2.0,9.092481549815497,0.04699793644249439,37
nuscenes,scene-0103_007,ty,5.0,9.132841328413283,0.04831235793729623,37
nuscenes,scene-0103_007,ty,10.0,9.21644372693727,0.026913942458728954,34
nuscenes,scene-0103_007,tz,2.0,9.109778597785978,0.05516025175650914,37
nuscenes,scene-0103_007,tz,5.0,9.253920664206642,-0.03183721999327342,36
nuscenes,scene-0103_007,tz,10.0,9.481665129151292,-0.015138192102313042,43
nuscenes,scene-0103_008,none,0.0,8.548387096774194,,15
nuscenes,scene-0103_008,yaw,0.5,8.554147465437788,0.19839375217755637,20
nuscenes,scene-0103_008,yaw,1.0,8.559907834101383,0.0898401141166687,20
nuscenes,scene-0103_008,yaw,2.0,8.577188940092165,-0.0063170272236069,22
nuscenes,scene-0103_008,yaw,3.0,8.585829493087557,,18
nuscenes,scene-0103_008,pitch,0.5,8.565668202764977,,14
nuscenes,scene-0103_008,pitch,1.0,8.559907834101383,,14
nuscenes,scene-0103_008,pitch,2.0,8.568548387096774,,16
nuscenes,scene-0103_008,pitch,3.0,8.577188940092165,,16
nuscenes,scene-0103_008,roll,0.5,8.646313364055299,,15
nuscenes,scene-0103_008,roll,1.0,8.931451612903226,,17
nuscenes,scene-0103_008,roll,2.0,9.256912442396313,,17
nuscenes,scene-0103_008,roll,3.0,9.588133640552995,,19
nuscenes,scene-0103_008,tx,2.0,8.539746543778802,,15
nuscenes,scene-0103_008,tx,5.0,8.536866359447004,,16
nuscenes,scene-0103_008,tx,10.0,8.545506912442397,,18
nuscenes,scene-0103_008,ty,2.0,8.577188940092165,,15
nuscenes,scene-0103_008,ty,5.0,8.617511520737327,,18
nuscenes,scene-0103_008,ty,10.0,8.69815668202765,0.05485771472255388,21
nuscenes,scene-0103_008,tz,2.0,8.591589861751151,,14
nuscenes,scene-0103_008,tz,5.0,8.643433179723502,0.17777827754616737,26
nuscenes,scene-0103_008,tz,10.0,8.9573732718894,0.10075459132591882,30
nuscenes,scene-0103_009,none,0.0,8.767281105990783,0.12111464515328407,26
nuscenes,scene-0103_009,yaw,0.5,8.755760368663594,0.1368785897890727,26
nuscenes,scene-0103_009,yaw,1.0,8.770161290322582,0.0047467537224292755,25
nuscenes,scene-0103_009,yaw,2.0,8.735599078341014,0.07561292142296831,23
nuscenes,scene-0103_009,yaw,3.0,8.738479262672811,-0.061657457767675325,22
nuscenes,scene-0103_009,pitch,0.5,8.781682027649769,0.06239008717238903,26
nuscenes,scene-0103_009,pitch,1.0,8.781682027649769,0.037049847965439156,26
nuscenes,scene-0103_009,pitch,2.0,8.775921658986176,-0.028017684817314148,26
nuscenes,scene-0103_009,pitch,3.0,8.781682027649769,0.044617826119065285,26
nuscenes,scene-0103_009,roll,0.5,8.876728110599078,0.004237177471319839,24
nuscenes,scene-0103_009,roll,1.0,9.153225806451614,0.008236436794201538,26
nuscenes,scene-0103_009,roll,2.0,9.464285714285714,-0.015244195625806853,21
nuscenes,scene-0103_009,roll,3.0,9.801267281105991,0.07392343847701947,23
nuscenes,scene-0103_009,tx,2.0,8.773041474654377,0.12855785743643838,26
nuscenes,scene-0103_009,tx,5.0,8.758640552995391,0.09333357866853476,26
nuscenes,scene-0103_009,tx,10.0,8.758640552995391,0.08151420764625072,25
nuscenes,scene-0103_009,ty,2.0,8.793202764976957,0.12107446541388829,26
nuscenes,scene-0103_009,ty,5.0,8.839285714285715,0.11134711032112439,26
nuscenes,scene-0103_009,ty,10.0,8.908410138248849,0.08971863115827243,28
nuscenes,scene-0103_009,tz,2.0,8.819124423963133,0.16935724516709644,21
nuscenes,scene-0103_009,tz,5.0,8.873847926267281,,17
nuscenes,scene-0103_009,tz,10.0,9.170506912442395,0.053481423606475204,23
nuscenes,scene-0103_010,none,0.0,8.986175115207374,,18
nuscenes,scene-0103_010,yaw,0.5,9.003456221198157,,18
nuscenes,scene-0103_010,yaw,1.0,9.00057603686636,,18
nuscenes,scene-0103_010,yaw,2.0,9.003456221198157,,18
nuscenes,scene-0103_010,yaw,3.0,9.023617511520737,0.019523584594329207,27
nuscenes,scene-0103_010,pitch,0.5,9.009216589861751,,18
nuscenes,scene-0103_010,pitch,1.0,9.017857142857142,,18
nuscenes,scene-0103_010,pitch,2.0,9.00057603686636,,18
nuscenes,scene-0103_010,pitch,3.0,8.997695852534562,,18
nuscenes,scene-0103_010,roll,0.5,9.101382488479262,,18
nuscenes,scene-0103_010,roll,1.0,9.377880184331797,,18
nuscenes,scene-0103_010,roll,2.0,9.714861751152073,,18
nuscenes,scene-0103_010,roll,3.0,10.02016129032258,,18
nuscenes,scene-0103_010,tx,2.0,8.986175115207374,,18
nuscenes,scene-0103_010,tx,5.0,8.974654377880183,,18
nuscenes,scene-0103_010,tx,10.0,8.966013824884794,,16
nuscenes,scene-0103_010,ty,2.0,9.014976958525347,,18
nuscenes,scene-0103_010,ty,5.0,9.055299539170507,,18
nuscenes,scene-0103_010,ty,10.0,9.127304147465438,0.025583509355783463,21
nuscenes,scene-0103_010,tz,2.0,9.038018433179722,,18
nuscenes,scene-0103_010,tz,5.0,9.098502304147466,,18
nuscenes,scene-0103_010,tz,10.0,9.400921658986174,,18
nuscenes,scene-0103_011,none,0.0,8.928159594095941,0.12315732209632795,26
nuscenes,scene-0103_011,yaw,0.5,8.931042435424354,0.0855774103353421,26
nuscenes,scene-0103_011,yaw,1.0,8.933925276752767,-0.019339939268926784,26
nuscenes,scene-0103_011,yaw,2.0,8.945456642066421,0.013909361325204372,26
nuscenes,scene-0103_011,yaw,3.0,8.945456642066421,0.03304008518656096,26
nuscenes,scene-0103_011,pitch,0.5,8.939690959409594,0.16360897322495777,26
nuscenes,scene-0103_011,pitch,1.0,8.954105166051662,0.17445665163298446,26
nuscenes,scene-0103_011,pitch,2.0,8.928159594095941,0.10101552618046601,26
nuscenes,scene-0103_011,pitch,3.0,8.942573800738007,0.03834593916932741,26
nuscenes,scene-0103_011,roll,0.5,9.031941881918819,0.17017909946540993,26
nuscenes,scene-0103_011,roll,1.0,9.311577490774908,0.08669272810220718,26
nuscenes,scene-0103_011,roll,2.0,9.643104243542435,0.08794716869791348,26
nuscenes,scene-0103_011,roll,3.0,9.97174815498155,0.06451230682432652,26
nuscenes,scene-0103_011,tx,2.0,8.922393911439114,0.08572383224964142,26
nuscenes,scene-0103_011,tx,5.0,8.922393911439114,0.002430616567532226,29
nuscenes,scene-0103_011,tx,10.0,8.907979704797048,-0.052503034472465515,34
nuscenes,scene-0103_011,ty,2.0,8.945456642066421,0.1325090213989218,26
nuscenes,scene-0103_011,ty,5.0,9.000230627306273,0.10821816759804884,26
nuscenes,scene-0103_011,ty,10.0,9.080950184501845,0.06392170737187068,25
nuscenes,scene-0103_011,tz,2.0,8.977167896678967,0.10603926765422025,26
nuscenes,scene-0103_011,tz,5.0,9.040590405904059,0.12527867499738932,26
nuscenes,scene-0103_011,tz,10.0,9.34040590405904,0.15062656719237566,28
nuscenes,scene-0103_012,none,0.0,8.714829335793358,-0.0060830023139715195,65
nuscenes,scene-0103_012,yaw,0.5,8.694649446494465,-0.005838990211486816,64
nuscenes,scene-0103_012,yaw,1.0,8.706180811808117,-0.009130068123340607,65
nuscenes,scene-0103_012,yaw,2.0,8.69753228782288,0.005477884163459137,57
nuscenes,scene-0103_012,yaw,3.0,8.686000922509225,-0.024378029008706406,56
nuscenes,scene-0103_012,pitch,0.5,8.729243542435425,0.024817530065774918,65
nuscenes,scene-0103_012,pitch,1.0,8.729243542435425,0.05916048772633076,64
nuscenes,scene-0103_012,pitch,2.0,8.72636070110701,0.018324620400865868,66
nuscenes,scene-0103_012,pitch,3.0,8.720595018450185,0.01928243537743886,67
nuscenes,scene-0103_012,roll,0.5,8.818611623616237,0.02569274604320526,65
nuscenes,scene-0103_012,roll,1.0,9.101130073800737,-0.005142906059821442,64
nuscenes,scene-0103_012,roll,2.0,9.435539667896679,0.038481039305528,69
nuscenes,scene-0103_012,roll,3.0,9.755535055350553,0.016158030678828553,73
nuscenes,scene-0103_012,tx,2.0,8.709063653136532,-0.009760883947213486,65
nuscenes,scene-0103_012,tx,5.0,8.706180811808117,-0.005184931059678391,65
nuscenes,scene-0103_012,tx,10.0,8.703297970479705,-0.005499753480156258,62
nuscenes,scene-0103_012,ty,2.0,8.746540590405905,-0.006294522434473038,64
nuscenes,scene-0103_012,ty,5.0,8.77825184501845,-0.017077382033069924,61
nuscenes,scene-0103_012,ty,10.0,8.844557195571955,-0.014486473053693771,59
nuscenes,scene-0103_012,tz,2.0,8.766720479704796,-0.027728207409381866,71
nuscenes,scene-0103_012,tz,5.0,8.818611623616237,-0.017731522520383194,75
nuscenes,scene-0103_012,tz,10.0,9.127075645756458,0.002028473963340119,72
nuscenes,scene-0103_013,none,0.0,8.71771217712177,-0.016430004189411804,66
nuscenes,scene-0103_013,yaw,0.5,8.700415129151292,-0.022593732923269272,68
nuscenes,scene-0103_013,yaw,1.0,8.688883763837639,0.01830717921257019,64
nuscenes,scene-0103_013,yaw,2.0,8.688883763837639,-0.05559712896744409,61
nuscenes,scene-0103_013,yaw,3.0,8.674469557195572,-0.05910942951838176,62
nuscenes,scene-0103_013,pitch,0.5,8.72636070110701,-0.021488264203071594,68
nuscenes,scene-0103_013,pitch,1.0,8.720595018450185,-0.011106477429469422,68
nuscenes,scene-0103_013,pitch,2.0,8.71771217712177,-2.8884659210845487e-05,69
nuscenes,scene-0103_013,pitch,3.0,8.723477859778598,-0.013010796780387565,69
nuscenes,scene-0103_013,roll,0.5,8.833025830258302,0.0037647647162278447,66
nuscenes,scene-0103_013,roll,1.0,9.115544280442805,0.023300427943468094,67
nuscenes,scene-0103_013,roll,2.0,9.444188191881919,0.012688199679056808,69
nuscenes,scene-0103_013,roll,3.0,9.749769372693727,0.016429193317890167,69
nuscenes,scene-0103_013,tx,2.0,8.706180811808117,-0.017810796697934464,65
nuscenes,scene-0103_013,tx,5.0,8.706180811808117,-0.008338864892721176,65
nuscenes,scene-0103_013,tx,10.0,8.700415129151292,-0.0190488484998544,61
nuscenes,scene-0103_013,ty,2.0,8.746540590405905,-0.019361012925704316,68
nuscenes,scene-0103_013,ty,5.0,8.775369003690036,-0.017566467324892684,67
nuscenes,scene-0103_013,ty,10.0,8.853205719557195,-0.022006501754124955,69
nuscenes,scene-0103_013,tz,2.0,8.766720479704796,0.022581183662017182,68
nuscenes,scene-0103_013,tz,5.0,8.83014298892989,0.043355002378424004,72
nuscenes,scene-0103_013,tz,10.0,9.132841328413283,0.022284998248020813,85
nuscenes,scene-0103_014,none,0.0,8.67799539170507,0.003280285745859146,90
nuscenes,scene-0103_014,yaw,0.5,8.67511520737327,-0.015707398454348237,85
nuscenes,scene-0103_014,yaw,1.0,8.65783410138249,0.021082582573095962,82
nuscenes,scene-0103_014,yaw,2.0,8.626152073732719,0.037859146793683365,87
nuscenes,scene-0103_014,yaw,3.0,8.63479262672811,-0.028860731671253845,83
nuscenes,scene-0103_014,pitch,0.5,8.69815668202765,0.04892612745364508,90
nuscenes,scene-0103_014,pitch,1.0,8.701036866359448,0.0508477787176768,89
nuscenes,scene-0103_014,pitch,2.0,8.695276497695852,-0.000640901426474258,88
nuscenes,scene-0103_014,pitch,3.0,8.695276497695852,-0.03110465159018834,92
nuscenes,scene-0103_014,roll,0.5,8.775921658986176,0.0022306181490421295,91
nuscenes,scene-0103_014,roll,1.0,9.078341013824884,-0.028545995553334563,90
nuscenes,scene-0103_014,roll,2.0,9.432603686635945,0.05290135368704796,98
nuscenes,scene-0103_014,roll,3.0,9.74942396313364,0.05901523555318515,104
nuscenes,scene-0103_014,tx,2.0,8.683755760368664,-0.0016345332066217966,91
nuscenes,scene-0103_014,tx,5.0,8.66647465437788,0.0027023504177729196,98
nuscenes,scene-0103_014,tx,10.0,8.669354838709678,0.05328616003195444,94
nuscenes,scene-0103_014,ty,2.0,8.709677419354838,0.0014138470093409128,87
nuscenes,scene-0103_014,ty,5.0,8.755760368663594,0.003798810144265502,84
nuscenes,scene-0103_014,ty,10.0,8.830645161290322,0.00924023985862732,89
nuscenes,scene-0103_014,tz,2.0,8.726958525345623,0.0009055472910404205,96
nuscenes,scene-0103_014,tz,5.0,8.787442396313363,0.007679370542367309,110
nuscenes,scene-0103_014,tz,10.0,9.09274193548387,0.08059794455766678,123
nuscenes,scene-0103_015,none,0.0,8.46113929889299,-0.03295792266726494,115
nuscenes,scene-0103_015,yaw,0.5,8.478436346863468,-0.023451497157414763,117
nuscenes,scene-0103_015,yaw,1.0,8.484202029520295,0.0027821374436219626,122
nuscenes,scene-0103_015,yaw,2.0,8.484202029520295,0.018433005859454468,121
nuscenes,scene-0103_015,yaw,3.0,8.475553505535055,0.019502087185780212,116
nuscenes,scene-0103_015,pitch,0.5,8.475553505535055,-0.007956530898809433,114
nuscenes,scene-0103_015,pitch,1.0,8.487084870848708,-0.017646630605061858,119
nuscenes,scene-0103_015,pitch,2.0,8.46113929889299,-0.02516459425290425,113
nuscenes,scene-0103_015,pitch,3.0,8.472670664206642,0.003403057654698685,113
nuscenes,scene-0103_015,roll,0.5,8.56780442804428,-0.00015721718470255996,122
nuscenes,scene-0103_015,roll,1.0,8.861854243542435,-0.007966126004854843,120
nuscenes,scene-0103_015,roll,2.0,9.213560885608855,-0.004324804991483688,124
nuscenes,scene-0103_015,roll,3.0,9.536439114391145,-0.05216979359587033,128
nuscenes,scene-0103_015,tx,2.0,8.472670664206642,-0.01793497179945311,114
nuscenes,scene-0103_015,tx,5.0,8.464022140221402,-0.014462839812040329,110
nuscenes,scene-0103_015,tx,10.0,8.432310885608855,0.003445525964101165,111
nuscenes,scene-0103_015,ty,2.0,8.487084870848708,-0.037745052327712386,115
nuscenes,scene-0103_015,ty,5.0,8.533210332103321,-0.031469708929459245,113
nuscenes,scene-0103_015,ty,10.0,8.62834409594096,-0.02726807196935019,111
nuscenes,scene-0103_015,tz,2.0,8.513030442804428,-0.03497894605000815,129
nuscenes,scene-0103_015,tz,5.0,8.570687269372694,-0.018013370533784226,137
nuscenes,scene-0103_015,tz,10.0,8.870502767527675,-0.007515879968802139,136
nuscenes,scene-0103_016,none,0.0,8.49942396313364,0.0033695120364427567,151
nuscenes,scene-0103_016,yaw,0.5,8.473502304147464,0.01496829092502594,151
nuscenes,scene-0103_016,yaw,1.0,8.46774193548387,-0.005980572352806732,152
nuscenes,scene-0103_016,yaw,2.0,8.461981566820278,-0.026090861608584717,148
nuscenes,scene-0103_016,yaw,3.0,8.453341013824884,-0.02352563726405303,148
nuscenes,scene-0103_016,pitch,0.5,8.508064516129032,0.011853043610850975,153
nuscenes,scene-0103_016,pitch,1.0,8.522465437788018,-0.005391290411353111,153
nuscenes,scene-0103_016,pitch,2.0,8.513824884792626,-0.0033662505447864532,149
nuscenes,scene-0103_016,pitch,3.0,8.519585253456222,-0.03247601600984733,150
nuscenes,scene-0103_016,roll,0.5,8.605990783410137,0.0034073585023482594,153
nuscenes,scene-0103_016,roll,1.0,8.911290322580644,-0.022641664991776153,152
nuscenes,scene-0103_016,roll,2.0,9.262672811059907,-0.015450442830721542,152
nuscenes,scene-0103_016,roll,3.0,9.573732718894009,0.018040146678686142,152
nuscenes,scene-0103_016,tx,2.0,8.49942396313364,0.004792792101701096,150
nuscenes,scene-0103_016,tx,5.0,8.502304147465438,-0.0022363755851984024,149
nuscenes,scene-0103_016,tx,10.0,8.49942396313364,0.01500561895469825,142
nuscenes,scene-0103_016,ty,2.0,8.528225806451612,0.0012799662848313603,152
nuscenes,scene-0103_016,ty,5.0,8.574308755760368,0.012749720364809036,153
nuscenes,scene-0103_016,ty,10.0,8.63479262672811,0.022643956666191414,154
nuscenes,scene-0103_016,tz,2.0,8.551267281105991,0.011954812953869506,153
nuscenes,scene-0103_016,tz,5.0,8.600230414746544,-0.0031558473904927525,155
nuscenes,scene-0103_016,tz,10.0,8.908410138248849,0.014458364496628448,152
nuscenes,scene-0103_017,none,0.0,8.46774193548387,0.05917815864086151,144
nuscenes,scene-0103_017,yaw,0.5,8.485023041474655,0.05209579567114511,146
nuscenes,scene-0103_017,yaw,1.0,8.433179723502304,0.04876628518104553,144
nuscenes,scene-0103_017,yaw,2.0,8.36405529953917,0.0764398624499639,146
nuscenes,scene-0103_017,yaw,3.0,8.358294930875577,0.07820984348654747,152
nuscenes,scene-0103_017,pitch,0.5,8.490783410138249,0.03458358595768611,147
nuscenes,scene-0103_017,pitch,1.0,8.505184331797235,-0.022779855877161026,149
nuscenes,scene-0103_017,pitch,2.0,8.479262672811059,-0.02197766179839769,146
nuscenes,scene-0103_017,pitch,3.0,8.485023041474655,-0.03386180227001509,148
nuscenes,scene-0103_017,roll,0.5,8.577188940092165,-0.004465335359176009,149
nuscenes,scene-0103_017,roll,1.0,8.873847926267281,0.005234893411397934,145
nuscenes,scene-0103_017,roll,2.0,9.242511520737327,0.01405353844165802,145
nuscenes,scene-0103_017,roll,3.0,9.530529953917052,-0.00020484377940495346,146
nuscenes,scene-0103_017,tx,2.0,8.470622119815669,0.051143170644839614,145
nuscenes,scene-0103_017,tx,5.0,8.473502304147464,0.05838831514120102,145
nuscenes,scene-0103_017,tx,10.0,8.46774193548387,0.04515742758909862,136
nuscenes,scene-0103_017,ty,2.0,8.496543778801843,0.05211383725206056,145
nuscenes,scene-0103_017,ty,5.0,8.548387096774194,0.04882969210545221,145
nuscenes,scene-0103_017,ty,10.0,8.626152073732719,0.04358985647559166,148
nuscenes,scene-0103_017,tz,2.0,8.516705069124423,0.04972244674960771,148
nuscenes,scene-0103_017,tz,5.0,8.571428571428571,0.019613316903511674,147
nuscenes,scene-0103_017,tz,10.0,8.876728110599078,0.040955706189076097,139
nuscenes,scene-0103_018,none,0.0,8.446412143514259,0.005328165988127381,138
nuscenes,scene-0103_018,yaw,0.5,8.409038638454462,0.025563709437847137,144
nuscenes,scene-0103_018,yaw,1.0,8.43203771849126,0.018272797266642257,142
nuscenes,scene-0103_018,yaw,2.0,8.406163753449862,0.008034896105527878,146
nuscenes,scene-0103_018,yaw,3.0,8.331416743330266,-0.011845334122578294,149
nuscenes,scene-0103_018,pitch,0.5,8.44928702851886,0.014504404117663697,140
nuscenes,scene-0103_018,pitch,1.0,8.457911683532657,0.00924336165189743,139
nuscenes,scene-0103_018,pitch,2.0,8.45216191352346,-0.007145629574855164,137
nuscenes,scene-0103_018,pitch,3.0,8.457911683532657,-0.012535406276583672,139
nuscenes,scene-0103_018,roll,0.5,8.544158233670652,0.06136581922570865,140
nuscenes,scene-0103_018,roll,1.0,8.840271389144434,0.04999501258134842,135
nuscenes,scene-0103_018,roll,2.0,9.20250689972401,0.03065357108910878,135
nuscenes,scene-0103_018,roll,3.0,9.510119595216192,0.016903796543677643,135
nuscenes,scene-0103_018,tx,2.0,8.42916283348666,-0.00040020669500032136,140
nuscenes,scene-0103_018,tx,5.0,8.43778748850046,-0.0050338804721832275,136
nuscenes,scene-0103_018,tx,10.0,8.42916283348666,0.009826639046271637,133
nuscenes,scene-0103_018,ty,2.0,8.466536338546458,0.02111089353760083,137
nuscenes,scene-0103_018,ty,5.0,8.503909843606255,0.022134121507406235,140
nuscenes,scene-0103_018,ty,10.0,8.57290708371665,0.018506841113169997,146
nuscenes,scene-0103_018,tz,2.0,8.492410303587857,0.018486343324184418,134
nuscenes,scene-0103_018,tz,5.0,8.549908003679853,0.024459252754847213,134
nuscenes,scene-0103_018,tz,10.0,8.854645814167434,0.05131668969988823,134
nuscenes,scene-0103_019,none,0.0,8.503909843606255,-0.0017544801036516872,111
nuscenes,scene-0103_019,yaw,0.5,8.478035878564857,0.016182469824949905,111
nuscenes,scene-0103_019,yaw,1.0,8.469411223551058,0.0014558086792628017,113
nuscenes,scene-0103_019,yaw,2.0,8.457911683532657,0.03467237576842308,119
nuscenes,scene-0103_019,yaw,3.0,8.43203771849126,-0.016732116540273026,118
nuscenes,scene-0103_019,pitch,0.5,8.518284268629255,-0.015448796252409622,107
nuscenes,scene-0103_019,pitch,1.0,8.509659613615456,-0.010325051844120026,106
nuscenes,scene-0103_019,pitch,2.0,8.489535418583257,0.023391773303349808,105
nuscenes,scene-0103_019,pitch,3.0,8.486660533578656,0.01038668304681778,103
nuscenes,scene-0103_019,roll,0.5,8.61028058877645,0.029563578466574356,109
nuscenes,scene-0103_019,roll,1.0,8.909268629254829,-0.0028136776139338765,111
nuscenes,scene-0103_019,roll,2.0,9.265754369825208,0.0009451682368914333,108
nuscenes,scene-0103_019,roll,3.0,9.570492180312787,0.027729324996471405,110
nuscenes,scene-0103_019,tx,2.0,8.486660533578656,0.006920217225948974,104
nuscenes,scene-0103_019,tx,5.0,8.492410303587857,0.020338046054045364,105
nuscenes,scene-0103_019,tx,10.0,8.478035878564857,0.006797379503647491,102
nuscenes,scene-0103_019,ty,2.0,8.535533578656853,-0.002044403304656342,111
nuscenes,scene-0103_019,ty,5.0,8.561407543698252,0.0031166287759939876,111
nuscenes,scene-0103_019,ty,10.0,8.641904323827047,0.007614499578873321,110
nuscenes,scene-0103_019,tz,2.0,8.549908003679853,0.014114614576101303,112
nuscenes,scene-0103_019,tz,5.0,8.604530818767248,0.018078124771515533,113
nuscenes,scene-0103_019,tz,10.0,8.91214351425943,-0.013964169969161347,115
nuscenes,scene-0103_020,none,0.0,8.603821362799263,0.006070226430892944,135
nuscenes,scene-0103_020,yaw,0.5,8.580801104972375,-0.0012027633686860356,135
nuscenes,scene-0103_020,yaw,1.0,8.554903314917127,0.051371826479832336,129
nuscenes,scene-0103_020,yaw,2.0,8.531883057090239,0.027244754756490394,134
nuscenes,scene-0103_020,yaw,3.0,8.517495395948435,-0.01317017773787181,132
nuscenes,scene-0103_020,pitch,0.5,8.629719152854513,0.012028564388553306,130
nuscenes,scene-0103_020,pitch,1.0,8.62684162062615,0.024404802670081452,130
nuscenes,scene-0103_020,pitch,2.0,8.606698895027625,0.054184334352612495,134
nuscenes,scene-0103_020,pitch,3.0,8.609576427255986,-0.01683242929478486,135
nuscenes,scene-0103_020,roll,0.5,8.71604511970534,-0.004155141611893967,131
nuscenes,scene-0103_020,roll,1.0,9.026818600368323,0.011205427659054593,135
nuscenes,scene-0103_020,roll,2.0,9.386510128913445,-0.02387358248233795,138
nuscenes,scene-0103_020,roll,3.0,9.688651012891345,-0.0017144481341044154,141
nuscenes,scene-0103_020,tx,2.0,8.612453959484347,0.008529397348562881,134
nuscenes,scene-0103_020,tx,5.0,8.612453959484347,0.006648320704698563,128
nuscenes,scene-0103_020,tx,10.0,8.615331491712707,0.005465098346273109,125
nuscenes,scene-0103_020,ty,2.0,8.638351749539595,0.010982822626829147,136
nuscenes,scene-0103_020,ty,5.0,8.672882136279926,0.006434609492619828,135
nuscenes,scene-0103_020,ty,10.0,8.747697974217312,0.004786312580108643,135
nuscenes,scene-0103_020,tz,2.0,8.655616942909761,0.014085253079732254,136
nuscenes,scene-0103_020,tz,5.0,8.713167587476981,0.019723997761805848,143
nuscenes,scene-0103_020,tz,10.0,9.026818600368323,0.006337841351826995,148
nuscenes,scene-0103_021,none,0.0,8.621086556169429,0.028447182228167847,133
nuscenes,scene-0103_021,yaw,0.5,8.629719152854513,-0.009015873074531555,134
nuscenes,scene-0103_021,yaw,1.0,8.59518876611418,-0.011953379958868027,133
nuscenes,scene-0103_021,yaw,2.0,8.549148250460405,0.005632294962803527,130
nuscenes,scene-0103_021,yaw,3.0,8.517495395948435,0.045269635816415146,123
nuscenes,scene-0103_021,pitch,0.5,8.641229281767956,0.02351504688461621,135
nuscenes,scene-0103_021,pitch,1.0,8.6527394106814,0.038582200805346176,136
nuscenes,scene-0103_021,pitch,2.0,8.629719152854513,-0.0008241242418686595,131
nuscenes,scene-0103_021,pitch,3.0,8.629719152854513,-0.0039844761292139735,130
nuscenes,scene-0103_021,roll,0.5,8.736187845303869,0.043753863622744874,134
nuscenes,scene-0103_021,roll,1.0,9.035451197053407,-0.011766972641150161,139
nuscenes,scene-0103_021,roll,2.0,9.400897790055248,0.02618831706543763,138
nuscenes,scene-0103_021,roll,3.0,9.70591620626151,0.022446662808458008,133
nuscenes,scene-0103_021,tx,2.0,8.62396408839779,0.031635599831740066,130
nuscenes,scene-0103_021,tx,5.0,8.621086556169429,0.027740735560655594,130
nuscenes,scene-0103_021,tx,10.0,8.635474217311234,0.019574330498774842,134
nuscenes,scene-0103_021,ty,2.0,8.655616942909761,0.020334554215272263,126
nuscenes,scene-0103_021,ty,5.0,8.698779926335174,0.012348979711532593,126
nuscenes,scene-0103_021,ty,10.0,8.756330570902394,-0.000872928649187088,128
nuscenes,scene-0103_021,tz,2.0,8.670004604051565,0.04284938424825668,137
nuscenes,scene-0103_021,tz,5.0,8.733310313075506,0.045140019307533905,136
nuscenes,scene-0103_021,tz,10.0,9.038328729281767,0.049543775618076324,149
nuscenes,scene-0103_022,none,0.0,8.4685773480663,0.023290250450372696,91
nuscenes,scene-0103_022,yaw,0.5,8.445557090239411,0.0011927764862775803,91
nuscenes,scene-0103_022,yaw,1.0,8.422536832412524,0.01102005162586768,84
nuscenes,scene-0103_022,yaw,2.0,8.425414364640885,-0.023595552270611123,87
nuscenes,scene-0103_022,yaw,3.0,8.465699815837938,0.020640267059206963,97
nuscenes,scene-0103_022,pitch,0.5,8.488720073664826,0.010856171449025467,93
nuscenes,scene-0103_022,pitch,1.0,8.488720073664826,0.047110917667547866,93
nuscenes,scene-0103_022,pitch,2.0,8.477209944751381,0.050660480434695884,90
nuscenes,scene-0103_022,pitch,3.0,8.485842541436464,0.013682954634229347,94
nuscenes,scene-0103_022,roll,0.5,8.580801104972375,0.06226104870438576,94
nuscenes,scene-0103_022,roll,1.0,8.885819521178636,0.09315558274586995,96
nuscenes,scene-0103_022,roll,2.0,9.262776243093922,-0.005482863013943032,95
nuscenes,scene-0103_022,roll,3.0,9.562039594843462,-0.0266992732261618,95
nuscenes,scene-0103_022,tx,2.0,8.4685773480663,0.02985994704067707,91
nuscenes,scene-0103_022,tx,5.0,8.47145488029466,0.043459973608454064,91
nuscenes,scene-0103_022,tx,10.0,8.47145488029466,0.02353583338359992,90
nuscenes,scene-0103_022,ty,2.0,8.50310773480663,0.03207378337780635,92
nuscenes,scene-0103_022,ty,5.0,8.529005524861878,0.0389774926006794,89
nuscenes,scene-0103_022,ty,10.0,8.600943830570902,0.0435567411283652,90
nuscenes,scene-0103_022,tz,2.0,8.511740331491712,0.033418363581101104,96
nuscenes,scene-0103_022,tz,5.0,8.569290976058932,0.025988813489675522,96
nuscenes,scene-0103_022,tz,10.0,8.880064456721916,0.027723585565884903,99
nuscenes,scene-0103_023,none,0.0,8.617511520737327,0.07094484443465869,133
nuscenes,scene-0103_023,yaw,0.5,8.597350230414747,0.0642279169211785,128
nuscenes,scene-0103_023,yaw,1.0,8.605990783410137,0.043137069170673684,120
nuscenes,scene-0103_023,yaw,2.0,8.603110599078342,0.03223746456205845,112
nuscenes,scene-0103_023,yaw,3.0,8.580069124423963,0.05772262314955394,102
nuscenes,scene-0103_023,pitch,0.5,8.626152073732719,0.08294947942097981,133
nuscenes,scene-0103_023,pitch,1.0,8.626152073732719,0.07156659166018169,132
nuscenes,scene-0103_023,pitch,2.0,8.611751152073733,0.0028194586435953822,132
nuscenes,scene-0103_023,pitch,3.0,8.61463133640553,-0.0008117929100990295,132
nuscenes,scene-0103_023,roll,0.5,8.715437788018434,0.09110006565848987,128
nuscenes,scene-0103_023,roll,1.0,9.009216589861751,0.010864769419034317,135
nuscenes,scene-0103_023,roll,2.0,9.372119815668203,-0.018512985979517296,135
nuscenes,scene-0103_023,roll,3.0,9.680299539170507,0.008355185699959598,134
nuscenes,scene-0103_023,tx,2.0,8.611751152073733,0.07151265194018681,131
nuscenes,scene-0103_023,tx,5.0,8.620391705069125,0.10005579764644305,131
nuscenes,scene-0103_023,tx,10.0,8.611751152073733,0.09273036196827888,136
nuscenes,scene-0103_023,ty,2.0,8.640552995391705,0.08299284366269906,131
nuscenes,scene-0103_023,ty,5.0,8.683755760368664,0.09124412884314854,130
nuscenes,scene-0103_023,ty,10.0,8.747119815668203,0.10429967381060123,132
nuscenes,scene-0103_023,tz,2.0,8.663594470046084,0.10063844546675682,134
nuscenes,scene-0103_023,tz,5.0,8.724078341013824,0.09557031405468781,133
nuscenes,scene-0103_023,tz,10.0,9.026497695852534,0.09115471318364143,130
nuscenes,scene-0103_024,none,0.0,8.510147601476014,0.02701067334661881,90
nuscenes,scene-0103_024,yaw,0.5,8.504381918819188,0.007076490980883442,87
nuscenes,scene-0103_024,yaw,1.0,8.510147601476014,-0.016937318568428353,89
nuscenes,scene-0103_024,yaw,2.0,8.527444649446494,-0.01647550550599893,86
nuscenes,scene-0103_024,yaw,3.0,8.521678966789668,-0.019813931857546173,72
nuscenes,scene-0103_024,pitch,0.5,8.527444649446494,0.004260276754697166,92
nuscenes,scene-0103_024,pitch,1.0,8.536093173431734,0.04053370406230291,93
nuscenes,scene-0103_024,pitch,2.0,8.524561808118081,0.027509760732452072,89
nuscenes,scene-0103_024,pitch,3.0,8.515913284132841,0.021045622415840626,93
nuscenes,scene-0103_024,roll,0.5,8.616812730627306,0.04106036604692539,91
nuscenes,scene-0103_024,roll,1.0,8.913745387453874,0.04240795411169529,93
nuscenes,scene-0103_024,roll,2.0,9.282749077490775,-0.00820526465152701,94
nuscenes,scene-0103_024,roll,3.0,9.588330258302582,-0.008349387596050896,94
nuscenes,scene-0103_024,tx,2.0,8.504381918819188,0.020800361409783363,91
nuscenes,scene-0103_024,tx,5.0,8.530327490774908,0.01879897527396679,94
nuscenes,scene-0103_024,tx,10.0,8.521678966789668,0.022024448961019516,93
nuscenes,scene-0103_024,ty,2.0,8.536093173431734,0.041467211209237576,89
nuscenes,scene-0103_024,ty,5.0,8.57645295202952,0.02973587500552336,93
nuscenes,scene-0103_024,ty,10.0,8.651406826568266,0.019737073530753456,98
nuscenes,scene-0103_024,tz,2.0,8.55915590405904,0.02470337226986885,94
nuscenes,scene-0103_024,tz,5.0,8.613929889298893,0.028871037686864533,94
nuscenes,scene-0103_024,tz,10.0,8.916628228782288,0.05401181740065416,91
nuscenes,scene-0103_025,none,0.0,8.478436346863468,0.0032991214344898837,86
nuscenes,scene-0103_025,yaw,0.5,8.521678966789668,-0.021089583014448486,88
nuscenes,scene-0103_025,yaw,1.0,8.515913284132841,-0.04387002671137452,83
nuscenes,scene-0103_025,yaw,2.0,8.48996771217712,-0.026082303375005722,81
nuscenes,scene-0103_025,yaw,3.0,8.48996771217712,0.005982297783096634,81
nuscenes,scene-0103_025,pitch,0.5,8.492850553505535,0.01984492984289924,87
nuscenes,scene-0103_025,pitch,1.0,8.498616236162361,0.01631356837848822,86
nuscenes,scene-0103_025,pitch,2.0,8.487084870848708,0.015032530451814331,88
nuscenes,scene-0103_025,pitch,3.0,8.507264760147601,0.011443799516806998,92
nuscenes,scene-0103_025,roll,0.5,8.587984317343174,0.02202002378180623,86
nuscenes,scene-0103_025,roll,1.0,8.887799815498155,0.010201905543605484,85
nuscenes,scene-0103_025,roll,2.0,9.24238929889299,0.009721019615729652,86
nuscenes,scene-0103_025,roll,3.0,9.556619003690036,0.022859623810897272,86
nuscenes,scene-0103_025,tx,2.0,8.484202029520295,0.014193518397708736,86
nuscenes,scene-0103_025,tx,5.0,8.475553505535055,0.03019893316862484,91
nuscenes,scene-0103_025,tx,10.0,8.472670664206642,0.021457568975165486,97
nuscenes,scene-0103_025,ty,2.0,8.510147601476014,0.007316275810201965,86
nuscenes,scene-0103_025,ty,5.0,8.547624538745389,0.016182784301539264,84
nuscenes,scene-0103_025,ty,10.0,8.616812730627306,0.03129246815418204,88
nuscenes,scene-0103_025,tz,2.0,8.527444649446494,0.010338552606602512,86
nuscenes,scene-0103_025,tz,5.0,8.582218634686347,0.01662054006010294,86
nuscenes,scene-0103_025,tz,10.0,8.887799815498155,0.0012547392398118973,86
nuscenes,scene-0103_026,none,0.0,8.308348708487085,0.016566292693217598,73
nuscenes,scene-0103_026,yaw,0.5,8.325645756457565,0.029578492045402527,75
nuscenes,scene-0103_026,yaw,1.0,8.322762915129152,0.001186323041717216,73
nuscenes,scene-0103_026,yaw,2.0,8.319880073800737,-0.04664664342999458,74
nuscenes,scene-0103_026,yaw,3.0,8.308348708487085,0.012926495323578521,65
nuscenes,scene-0103_026,pitch,0.5,8.328528597785978,-0.0013062500705321653,73
nuscenes,scene-0103_026,pitch,1.0,8.342942804428045,0.003672697891791664,80
nuscenes,scene-0103_026,pitch,2.0,8.322762915129152,0.015363119930649795,76
nuscenes,scene-0103_026,pitch,3.0,8.319880073800737,0.010897526207069554,78
nuscenes,scene-0103_026,roll,0.5,8.423662361623615,0.06423854641616344,75
nuscenes,scene-0103_026,roll,1.0,8.714829335793358,0.015772285250326,73
nuscenes,scene-0103_026,roll,2.0,9.049238929889299,-0.027177361771464348,72
nuscenes,scene-0103_026,roll,3.0,9.377882841328415,0.00013370284189780784,75
nuscenes,scene-0103_026,tx,2.0,8.302583025830259,0.02275919013967117,73
nuscenes,scene-0103_026,tx,5.0,8.299700184501845,0.040892676760753,74
nuscenes,scene-0103_026,tx,10.0,8.311231549815497,0.0530760313073794,78
nuscenes,scene-0103_026,ty,2.0,8.342942804428045,0.008230216801166534,75
nuscenes,scene-0103_026,ty,5.0,8.383302583025829,0.007152709178626537,76
nuscenes,scene-0103_026,ty,10.0,8.43519372693727,0.019999980926513672,80
nuscenes,scene-0103_026,tz,2.0,8.360239852398523,0.02168461556235949,71
nuscenes,scene-0103_026,tz,5.0,8.41789667896679,0.03000080119818449,74
nuscenes,scene-0103_026,tz,10.0,8.71771217712177,0.039253399396936096,79
nuscenes,scene-0103_027,none,0.0,8.17219152854512,0.05512049856285254,76
nuscenes,scene-0103_027,yaw,0.5,8.14341620626151,0.08480120915919542,73
nuscenes,scene-0103_027,yaw,1.0,8.169313996316758,0.05277733753124873,70
nuscenes,scene-0103_027,yaw,2.0,8.23837476979742,-0.04323074345787366,70
nuscenes,scene-0103_027,yaw,3.0,8.267150092081032,-0.0327310673892498,68
nuscenes,scene-0103_027,pitch,0.5,8.180824125230203,0.05504945230980714,75
nuscenes,scene-0103_027,pitch,1.0,8.186579189686924,0.07834179730465014,74
nuscenes,scene-0103_027,pitch,2.0,8.175069060773481,0.01959940356512864,75
nuscenes,scene-0103_027,pitch,3.0,8.195211786372008,-0.011687063301603004,77
nuscenes,scene-0103_027,roll,0.5,8.275782688766114,0.06350324799617131,74
nuscenes,scene-0103_027,roll,1.0,8.566413443830571,-0.007648789634307221,76
nuscenes,scene-0103_027,roll,2.0,8.911717311233886,-0.04606619725624721,74
nuscenes,scene-0103_027,roll,3.0,9.231123388581953,0.01635642722249031,71
nuscenes,scene-0103_027,tx,2.0,8.169313996316758,0.06569044229884943,72
nuscenes,scene-0103_027,tx,5.0,8.169313996316758,0.08585858345031738,68
nuscenes,scene-0103_027,tx,10.0,8.166436464088397,0.053046213152507946,68
nuscenes,scene-0103_027,ty,2.0,8.192334254143645,0.06226879730820656,73
nuscenes,scene-0103_027,ty,5.0,8.223987108655617,0.07814031777282557,71
nuscenes,scene-0103_027,ty,10.0,8.287292817679557,0.07733090439190467,68
nuscenes,scene-0103_027,tz,2.0,8.212476979742172,0.0657408923531572,76
nuscenes,scene-0103_027,tz,5.0,8.270027624309392,0.06790374405682087,76
nuscenes,scene-0103_027,tz,10.0,8.572168508287293,0.08427740260958672,77
nuscenes,scene-0103_028,none,0.0,8.038594470046084,0.005244389176368713,78
nuscenes,scene-0103_028,yaw,0.5,8.05299539170507,-0.007700549438595772,80
nuscenes,scene-0103_028,yaw,1.0,8.070276497695852,0.010659787183006607,88
nuscenes,scene-0103_028,yaw,2.0,8.084677419354838,-0.009445563269158207,86
nuscenes,scene-0103_028,yaw,3.0,8.119239631336406,-0.017925277197112642,81
nuscenes,scene-0103_028,pitch,0.5,8.044354838709678,0.010155447137852512,76
nuscenes,scene-0103_028,pitch,1.0,8.055875576036867,-0.009431695565581322,77
nuscenes,scene-0103_028,pitch,2.0,8.050115207373272,-0.02437547997881969,76
nuscenes,scene-0103_028,pitch,3.0,8.044354838709678,-0.002020572777837515,73
nuscenes,scene-0103_028,roll,0.5,8.142281105990785,-0.004710551040867962,76
nuscenes,scene-0103_028,roll,1.0,8.42741935483871,-0.005986163470273219,76
nuscenes,scene-0103_028,roll,2.0,8.747119815668203,-0.00851129636672946,73
nuscenes,scene-0103_028,roll,3.0,9.081221198156681,-0.03552716597914696,74
nuscenes,scene-0103_028,tx,2.0,8.041474654377879,-0.003867425645391144,76
nuscenes,scene-0103_028,tx,5.0,8.027073732718893,0.001366106172402702,77
nuscenes,scene-0103_028,tx,10.0,8.015552995391705,-0.005676181676487126,72
nuscenes,scene-0103_028,ty,2.0,8.06163594470046,0.007644908502697945,78
nuscenes,scene-0103_028,ty,5.0,8.099078341013826,-0.004041430850823723,77
nuscenes,scene-0103_028,ty,10.0,8.168202764976959,-0.005569110314051308,74
nuscenes,scene-0103_028,tz,2.0,8.084677419354838,0.010472794373830162,78
nuscenes,scene-0103_028,tz,5.0,8.139400921658986,0.013736756518483162,75
nuscenes,scene-0103_028,tz,10.0,8.436059907834101,0.023365779469410576,67
nuscenes,scene-0103_029,none,0.0,8.021313364055299,0.00735604390501976,68
nuscenes,scene-0103_029,yaw,0.5,8.044354838709678,0.040595389902591705,69
nuscenes,scene-0103_029,yaw,1.0,8.06163594470046,-0.0015436323980490413,67
nuscenes,scene-0103_029,yaw,2.0,8.078917050691244,0.004239774619539574,65
nuscenes,scene-0103_029,yaw,3.0,8.10483870967742,0.02640114600459735,69
nuscenes,scene-0103_029,pitch,0.5,8.038594470046084,0.0030739891032377925,68
nuscenes,scene-0103_029,pitch,1.0,8.044354838709678,0.0059122443199157715,68
nuscenes,scene-0103_029,pitch,2.0,8.032834101382488,0.03295626615484555,66
nuscenes,scene-0103_029,pitch,3.0,8.032834101382488,0.03296881417433421,68
nuscenes,scene-0103_029,roll,0.5,8.127880184331797,0.015697158873081207,66
nuscenes,scene-0103_029,roll,1.0,8.413018433179724,-0.023285606255133942,68
nuscenes,scene-0103_029,roll,2.0,8.752880184331797,0.05315805381784837,68
nuscenes,scene-0103_029,roll,3.0,9.086981566820276,0.0036059158543745723,66
nuscenes,scene-0103_029,tx,2.0,8.024193548387098,0.01712697371840477,69
nuscenes,scene-0103_029,tx,5.0,8.018433179723502,0.007554390778144196,70
nuscenes,scene-0103_029,tx,10.0,8.006912442396313,0.014891487856705979,69
nuscenes,scene-0103_029,ty,2.0,8.044354838709678,0.017223190516233444,66
nuscenes,scene-0103_029,ty,5.0,8.093317972350231,0.0011279595394929204,68
nuscenes,scene-0103_029,ty,10.0,8.150921658986174,-0.009465220073858902,68
nuscenes,scene-0103_029,tz,2.0,8.067396313364055,0.004378205786148712,68
nuscenes,scene-0103_029,tz,5.0,8.127880184331797,0.01471971968809764,68
nuscenes,scene-0103_029,tz,10.0,8.421658986175116,0.033709410578012466,73
nuscenes,scene-0103_030,none,0.0,8.146909594095941,0.13265475009878477,69
nuscenes,scene-0103_030,yaw,0.5,8.146909594095941,-7.587671279907227e-05,67
nuscenes,scene-0103_030,yaw,1.0,8.167089483394834,-0.011596696451306343,70
nuscenes,scene-0103_030,yaw,2.0,8.181503690036902,0.0027611516416072845,73
nuscenes,scene-0103_030,yaw,3.0,8.190152214022142,-0.020519809176524476,74
nuscenes,scene-0103_030,pitch,0.5,8.158440959409594,0.12440630421042442,69
nuscenes,scene-0103_030,pitch,1.0,8.164206642066421,0.08684729784727097,71
nuscenes,scene-0103_030,pitch,2.0,8.144026752767527,0.05125111962358156,71
nuscenes,scene-0103_030,pitch,3.0,8.149792435424354,0.04759201283256212,71
nuscenes,scene-0103_030,roll,0.5,8.250691881918819,0.0862392211953799,69
nuscenes,scene-0103_030,roll,1.0,8.533210332103321,0.027540589372317,67
nuscenes,scene-0103_030,roll,2.0,8.850322878228782,-0.03792145103216171,67
nuscenes,scene-0103_030,roll,3.0,9.193380996309964,0.06435060501098633,70
nuscenes,scene-0103_030,tx,2.0,8.132495387453874,0.08822024489442507,70
nuscenes,scene-0103_030,tx,5.0,8.138261070110701,0.0742292565604051,73
nuscenes,scene-0103_030,tx,10.0,8.118081180811808,0.07952227567632994,72
nuscenes,scene-0103_030,ty,2.0,8.167089483394834,0.1222036381562551,69
nuscenes,scene-0103_030,ty,5.0,8.195917896678967,0.11097972840070724,69
nuscenes,scene-0103_030,ty,10.0,8.270871771217712,0.07029533262054126,71
nuscenes,scene-0103_030,tz,2.0,8.195917896678967,0.12243006005883217,69
nuscenes,scene-0103_030,tz,5.0,8.253574723247233,0.12185300265749296,70
nuscenes,scene-0103_030,tz,10.0,8.547624538745389,0.07843044896920522,73
nuscenes,scene-0103_031,none,0.0,8.129612546125461,0.030088189989328384,75
nuscenes,scene-0103_031,yaw,0.5,8.155558118081181,0.010967155297597259,78
nuscenes,scene-0103_031,yaw,1.0,8.164206642066421,0.01885826140642166,81
nuscenes,scene-0103_031,yaw,2.0,8.167089483394834,0.030153947571913392,78
nuscenes,scene-0103_031,yaw,3.0,8.178620848708487,-0.026138734072446823,75
nuscenes,scene-0103_031,pitch,0.5,8.152675276752767,0.015889927744865417,75
nuscenes,scene-0103_031,pitch,1.0,8.152675276752767,-0.04556093489130339,75
nuscenes,scene-0103_031,pitch,2.0,8.144026752767527,-0.002180726577838271,77
nuscenes,scene-0103_031,pitch,3.0,8.144026752767527,0.0006591193377971649,75
nuscenes,scene-0103_031,roll,0.5,8.242043357933579,0.056123849625388786,76
nuscenes,scene-0103_031,roll,1.0,8.524561808118081,-0.0041056176026662144,77
nuscenes,scene-0103_031,roll,2.0,8.815728782287822,0.03315139375627041,77
nuscenes,scene-0103_031,roll,3.0,9.18184963099631,0.03801073879003525,84
nuscenes,scene-0103_031,tx,2.0,8.132495387453874,0.02917236213882765,76
nuscenes,scene-0103_031,tx,5.0,8.123846863468636,0.04555522526303926,74
nuscenes,scene-0103_031,tx,10.0,8.123846863468636,0.0641146202882131,76
nuscenes,scene-0103_031,ty,2.0,8.164206642066421,0.03997863829135895,76
nuscenes,scene-0103_031,ty,5.0,8.201683579335793,0.03444487228989601,75
nuscenes,scene-0103_031,ty,10.0,8.270871771217712,0.03539897439380488,75
nuscenes,scene-0103_031,tz,2.0,8.178620848708487,0.023026386896769196,84
nuscenes,scene-0103_031,tz,5.0,8.239160516605166,0.03145668158928552,93
nuscenes,scene-0103_031,tz,10.0,8.524561808118081,0.05076498414079347,101
nuscenes,scene-0103_032,none,0.0,8.163558931860036,-0.02828849231203398,65
nuscenes,scene-0103_032,yaw,0.5,8.169313996316758,-0.03163360059261322,64
nuscenes,scene-0103_032,yaw,1.0,8.14629373848987,-0.03306363833447298,65
nuscenes,scene-0103_032,yaw,2.0,8.123273480662982,0.0038527647654215402,62
nuscenes,scene-0103_032,yaw,3.0,8.117518416206261,0.029171192397673934,66
nuscenes,scene-0103_032,pitch,0.5,8.192334254143645,-0.04101867228746414,64
nuscenes,scene-0103_032,pitch,1.0,8.195211786372008,-0.012579324344793946,62
nuscenes,scene-0103_032,pitch,2.0,8.180824125230203,0.04928271720806757,64
nuscenes,scene-0103_032,pitch,3.0,8.183701657458563,-0.01627093677719435,64
nuscenes,scene-0103_032,roll,0.5,8.29017034990792,-0.02821415786941847,62
nuscenes,scene-0103_032,roll,1.0,8.577923572744014,0.047586952336132526,65
nuscenes,scene-0103_032,roll,2.0,8.862799263351748,-0.016254604483644172,67
nuscenes,scene-0103_032,roll,3.0,9.222490791896869,-0.035020423432191215,66
nuscenes,scene-0103_032,tx,2.0,8.177946593001842,-0.03981654097636542,63
nuscenes,scene-0103_032,tx,5.0,8.17219152854512,-0.03618295614918074,62
nuscenes,scene-0103_032,tx,10.0,8.17219152854512,0.001980440691113472,61
nuscenes,scene-0103_032,ty,2.0,8.212476979742172,-0.05097458263238272,64
nuscenes,scene-0103_032,ty,5.0,8.247007366482505,-0.06160798047979674,64
nuscenes,scene-0103_032,ty,10.0,8.301680478821364,-0.04789159446954727,64
nuscenes,scene-0103_032,tz,2.0,8.215354511970533,-0.010940749198198318,66
nuscenes,scene-0103_032,tz,5.0,8.278660220994476,0.008902867635091155,65
nuscenes,scene-0103_032,tz,10.0,8.566413443830571,0.0018605763713518686,60
nuscenes,scene-0103_033,none,0.0,8.202046918123274,0.02951367385685444,42
nuscenes,scene-0103_033,yaw,0.5,8.181922723091075,0.012712711468338966,43
nuscenes,scene-0103_033,yaw,1.0,8.193422263109476,0.018934434900681182,40
nuscenes,scene-0103_033,yaw,2.0,8.176172953081878,-0.02420117085178694,37
nuscenes,scene-0103_033,yaw,3.0,8.164673413063477,0.032178908586502075,39
nuscenes,scene-0103_033,pitch,0.5,8.216421343146274,0.030992140993475914,43
nuscenes,scene-0103_033,pitch,1.0,8.213546458141675,0.003698966776331261,42
nuscenes,scene-0103_033,pitch,2.0,8.193422263109476,0.018487135569254562,42
nuscenes,scene-0103_033,pitch,3.0,8.204921803127876,0.036796461790800095,41
nuscenes,scene-0103_033,roll,0.5,8.308417663293469,0.06970269791781902,41
nuscenes,scene-0103_033,roll,1.0,8.58728150873965,0.006572270455459758,41
nuscenes,scene-0103_033,roll,2.0,8.89776908923643,0.003093268722295761,42
nuscenes,scene-0103_033,roll,3.0,9.23413063477461,0.011721765622496605,43
nuscenes,scene-0103_033,tx,2.0,8.202046918123274,0.024863063668211297,42
nuscenes,scene-0103_033,tx,5.0,8.207796688132476,0.029456622898578644,45
nuscenes,scene-0103_033,tx,10.0,8.190547378104876,0.031113666792710618,49
nuscenes,scene-0103_033,ty,2.0,8.225045998160073,0.027501007542014122,42
nuscenes,scene-0103_033,ty,5.0,8.256669733210671,0.028450002893805504,41
nuscenes,scene-0103_033,ty,10.0,8.342916283348666,0.05554938192168872,44
nuscenes,scene-0103_033,tz,2.0,8.248045078196872,0.018877534816662475,41
nuscenes,scene-0103_033,tz,5.0,8.311292548298068,0.08464295044541359,40
nuscenes,scene-0103_033,tz,10.0,8.60740570377185,0.07894289369384448,43
nuscenes,scene-0103_034,none,0.0,8.19880073800738,-0.04798501233259836,37
nuscenes,scene-0103_034,yaw,0.5,8.175738007380073,-0.0287171813348929,38
nuscenes,scene-0103_034,yaw,1.0,8.175738007380073,0.01585978766282399,42
nuscenes,scene-0103_034,yaw,2.0,8.158440959409594,0.0016950306793054037,52
nuscenes,scene-0103_034,yaw,3.0,8.141143911439114,0.002503217508395522,49
nuscenes,scene-0103_034,pitch,0.5,8.213214944649447,0.003845649460951478,37
nuscenes,scene-0103_034,pitch,1.0,8.221863468634687,-0.07204138115048409,38
nuscenes,scene-0103_034,pitch,2.0,8.213214944649447,-0.0053796538462241444,38
nuscenes,scene-0103_034,pitch,3.0,8.213214944649447,0.04179035872220993,39
nuscenes,scene-0103_034,roll,0.5,8.302583025830259,0.06764794808501998,36
nuscenes,scene-0103_034,roll,1.0,8.579335793357934,0.15679806494154036,38
nuscenes,scene-0103_034,roll,2.0,8.896448339483396,-0.03878207225352526,37
nuscenes,scene-0103_034,roll,3.0,9.245272140221402,-0.05485633426966766,37
nuscenes,scene-0103_034,tx,2.0,8.187269372693727,-0.0528895171980063,34
nuscenes,scene-0103_034,tx,5.0,8.19880073800738,-0.06593026841680208,34
nuscenes,scene-0103_034,tx,10.0,8.19880073800738,-0.05458552514513333,35
nuscenes,scene-0103_034,ty,2.0,8.227629151291513,-0.0494548020263513,37
nuscenes,scene-0103_034,ty,5.0,8.270871771217712,-0.03870598350962004,38
nuscenes,scene-0103_034,ty,10.0,8.340059963099632,-0.024112107853094727,38
nuscenes,scene-0103_034,tz,2.0,8.250691881918819,-0.0549007828036944,37
nuscenes,scene-0103_034,tz,5.0,8.308348708487085,0.013720804204543427,37
nuscenes,scene-0103_034,tz,10.0,8.60239852398524,0.02177032153122127,59
nuscenes,scene-0103_035,none,0.0,8.090437788018432,0.130564094055444,45
nuscenes,scene-0103_035,yaw,0.5,8.050115207373272,0.14639414691676697,47
nuscenes,scene-0103_035,yaw,1.0,8.021313364055299,0.1739388726030787,47
nuscenes,scene-0103_035,yaw,2.0,8.00979262672811,0.06736581896742186,47
nuscenes,scene-0103_035,yaw,3.0,7.9953917050691246,0.06196712764600912,50
nuscenes,scene-0103_035,pitch,0.5,8.107718894009217,0.12102717813104391,39
nuscenes,scene-0103_035,pitch,1.0,8.107718894009217,0.11458002217113972,45
nuscenes,scene-0103_035,pitch,2.0,8.096198156682027,0.050787743801871926,40
nuscenes,scene-0103_035,pitch,3.0,8.101958525345623,-0.004218450436989457,48
nuscenes,scene-0103_035,roll,0.5,8.191244239631336,0.0902205000941952,44
nuscenes,scene-0103_035,roll,1.0,8.46774193548387,-0.013998055830597878,51
nuscenes,scene-0103_035,roll,2.0,8.784562211981568,-0.06633680548596506,53
nuscenes,scene-0103_035,roll,3.0,9.121543778801843,-0.015423076072086893,56
nuscenes,scene-0103_035,tx,2.0,8.081797235023041,0.13878682100524503,43
nuscenes,scene-0103_035,tx,5.0,8.090437788018432,0.12084088986739516,42
nuscenes,scene-0103_035,tx,10.0,8.084677419354838,0.13896920966605347,44
nuscenes,scene-0103_035,ty,2.0,8.122119815668203,0.12292520763973394,44
nuscenes,scene-0103_035,ty,5.0,8.153801843317972,0.14092614610369006,43
nuscenes,scene-0103_035,ty,10.0,8.237327188940093,0.17528199140603345,48
nuscenes,scene-0103_035,tz,2.0,8.139400921658986,0.09418088011443615,55
nuscenes,scene-0103_035,tz,5.0,8.19700460829493,0.07127471105195582,65
nuscenes,scene-0103_035,tz,10.0,8.490783410138249,0.02009113629659018,77
nuscenes,scene-0103_036,none,0.0,8.042702578268877,-0.026173139611879975,47
nuscenes,scene-0103_036,yaw,0.5,8.068600368324125,0.018327594734728336,50
nuscenes,scene-0103_036,yaw,1.0,8.042702578268877,0.024447448706875236,52
nuscenes,scene-0103_036,yaw,2.0,8.042702578268877,0.1404621978290379,48
nuscenes,scene-0103_036,yaw,3.0,8.016804788213628,0.040463275586565345,60
nuscenes,scene-0103_036,pitch,0.5,8.074355432780846,-0.018107043113559484,46
nuscenes,scene-0103_036,pitch,1.0,8.08011049723757,-0.05685851024463773,46
nuscenes,scene-0103_036,pitch,2.0,8.051335174953959,-0.05820437365521988,46
nuscenes,scene-0103_036,pitch,3.0,8.062845303867404,0.01056321586171785,50
nuscenes,scene-0103_036,roll,0.5,8.169313996316758,-0.003790438175201416,48
nuscenes,scene-0103_036,roll,1.0,8.459944751381215,-0.017643329997857407,50
nuscenes,scene-0103_036,roll,2.0,8.7707182320442,-0.019503936171531677,48
nuscenes,scene-0103_036,roll,3.0,9.093001841620627,0.01266907464741962,50
nuscenes,scene-0103_036,tx,2.0,8.042702578268877,-0.03158934290210405,47
nuscenes,scene-0103_036,tx,5.0,8.034069981583794,-0.04052394876877466,47
nuscenes,scene-0103_036,tx,10.0,8.02543738489871,-0.019209356357653945,46
nuscenes,scene-0103_036,ty,2.0,8.088743093922652,-0.023813194284836442,50
nuscenes,scene-0103_036,ty,5.0,8.126151012891345,-0.010848671197891235,50
nuscenes,scene-0103_036,ty,10.0,8.177946593001842,0.018109905223051698,50
nuscenes,scene-0103_036,tz,2.0,8.097375690607734,-0.005938091625769942,48
nuscenes,scene-0103_036,tz,5.0,8.154926335174954,0.03895873203873634,52
nuscenes,scene-0103_036,tz,10.0,8.465699815837938,-0.034066739181677505,56
nuscenes,scene-0103_037,none,0.0,7.836981566820277,0.04409828037023544,67
nuscenes,scene-0103_037,yaw,0.5,7.816820276497697,0.06237873869637647,68
nuscenes,scene-0103_037,yaw,1.0,7.811059907834101,0.06652232135335603,72
nuscenes,scene-0103_037,yaw,2.0,7.796658986175115,0.0889553731928269,73
nuscenes,scene-0103_037,yaw,3.0,7.802419354838709,0.06509908350805442,72
nuscenes,scene-0103_037,pitch,0.5,7.845622119815668,0.02266183743874231,69
nuscenes,scene-0103_037,pitch,1.0,7.8542626728110605,0.047254071260492,68
nuscenes,scene-0103_037,pitch,2.0,7.836981566820277,0.01061668371160826,70
nuscenes,scene-0103_037,pitch,3.0,7.845622119815668,-0.01515358438094458,70
nuscenes,scene-0103_037,roll,0.5,7.940668202764976,0.011820781355102866,69
nuscenes,scene-0103_037,roll,1.0,8.22004608294931,-0.034344064692656204,69
nuscenes,scene-0103_037,roll,2.0,8.516705069124423,-0.02070107636973262,70
nuscenes,scene-0103_037,roll,3.0,8.879608294930875,-0.008259065138796963,69
nuscenes,scene-0103_037,tx,2.0,7.828341013824885,0.038567328825592995,69
nuscenes,scene-0103_037,tx,5.0,7.825460829493087,0.03945464516679445,66
nuscenes,scene-0103_037,tx,10.0,7.822580645161291,0.029259810224175453,64
nuscenes,scene-0103_037,ty,2.0,7.862903225806452,0.041266179954012244,67
nuscenes,scene-0103_037,ty,5.0,7.900345622119816,0.03777951933443546,70
nuscenes,scene-0103_037,ty,10.0,7.9723502304147456,0.021726933618386596,71
nuscenes,scene-0103_037,tz,2.0,7.883064516129032,0.04327646953364214,69
nuscenes,scene-0103_037,tz,5.0,7.940668202764976,0.031615308175484344,71
nuscenes,scene-0103_037,tz,10.0,8.237327188940093,0.045002788926164314,72
nuscenes,scene-0103_038,none,0.0,7.867173112338858,0.04663191068296631,93
nuscenes,scene-0103_038,yaw,0.5,7.878683241252301,0.100555088215818,92
nuscenes,scene-0103_038,yaw,1.0,7.87005064456722,0.0674954994271199,87
nuscenes,scene-0103_038,yaw,2.0,7.893070902394108,-0.00014636044700939987,84
nuscenes,scene-0103_038,yaw,3.0,7.921846224677716,-0.02768087635437648,85
nuscenes,scene-0103_038,pitch,0.5,7.87005064456722,0.05404910961321245,91
nuscenes,scene-0103_038,pitch,1.0,7.872928176795579,0.08158752974122763,92
nuscenes,scene-0103_038,pitch,2.0,7.867173112338858,0.013276487588882446,88
nuscenes,scene-0103_038,pitch,3.0,7.87005064456722,-0.050048577288786575,89
nuscenes,scene-0103_038,roll,0.5,7.953499079189687,0.08868500807633002,100
nuscenes,scene-0103_038,roll,1.0,8.247007366482505,0.018013027030974627,102
nuscenes,scene-0103_038,roll,2.0,8.586556169429098,-0.06435751573493083,97
nuscenes,scene-0103_038,roll,3.0,8.882941988950275,0.0016691973432898521,100
nuscenes,scene-0103_038,tx,2.0,7.864295580110498,0.05844698442767064,98
nuscenes,scene-0103_038,tx,5.0,7.875805709023941,0.055902442429214716,99
nuscenes,scene-0103_038,tx,10.0,7.872928176795579,0.045614392651865884,100
nuscenes,scene-0103_038,ty,2.0,7.901703499079189,0.062135608556369945,99
nuscenes,scene-0103_038,ty,5.0,7.947744014732964,0.06207441631704569,99
nuscenes,scene-0103_038,ty,10.0,8.02543738489871,0.04949168271074693,108
nuscenes,scene-0103_038,tz,2.0,7.910336095764273,0.052241972026725605,100
nuscenes,scene-0103_038,tz,5.0,8.008172191528546,0.09307612696041663,98
nuscenes,scene-0103_038,tz,10.0,8.267150092081032,0.05398949856559436,113
nuscenes,scene-0103_039,none,0.0,7.762096774193548,0.043757144982616104,39
nuscenes,scene-0103_039,yaw,0.5,7.782258064516129,0.013978205077971026,38
nuscenes,scene-0103_039,yaw,1.0,7.828341013824885,-0.023207008838653564,40
nuscenes,scene-0103_039,yaw,2.0,7.894585253456221,-0.03015245652447144,41
nuscenes,scene-0103_039,yaw,3.0,7.929147465437788,-0.03842542444666226,40
nuscenes,scene-0103_039,pitch,0.5,7.764976958525345,0.03683750952283542,39
nuscenes,scene-0103_039,pitch,1.0,7.7707373271889395,0.055481484470268086,38
nuscenes,scene-0103_039,pitch,2.0,7.764976958525345,0.01181157398968935,38
nuscenes,scene-0103_039,pitch,3.0,7.762096774193548,-0.022936519235372543,39
nuscenes,scene-0103_039,roll,0.5,7.865783410138248,-0.028646205862363175,39
nuscenes,scene-0103_039,roll,1.0,8.133640552995391,-0.03032372550417979,38
nuscenes,scene-0103_039,roll,2.0,8.459101382488479,-0.03591390171398719,39
nuscenes,scene-0103_039,roll,3.0,8.807603686635945,0.027012838671604797,39
nuscenes,scene-0103_039,tx,2.0,7.750576036866359,0.034497035356859364,39
nuscenes,scene-0103_039,tx,5.0,7.747695852534562,0.022996864669645824,39
nuscenes,scene-0103_039,tx,10.0,7.733294930875576,0.006141027474465467,39
nuscenes,scene-0103_039,ty,2.0,7.782258064516129,0.06529801245778799,38
nuscenes,scene-0103_039,ty,5.0,7.822580645161291,0.06499591749161482,38
nuscenes,scene-0103_039,ty,10.0,7.891705069124424,0.05491738424946865,39
nuscenes,scene-0103_039,tz,2.0,7.811059907834101,0.0239505129866302,39
nuscenes,scene-0103_039,tz,5.0,7.868663594470046,0.013611461967229843,43
nuscenes,scene-0103_039,tz,10.0,8.168202764976959,0.054727460257709026,46
nuscenes,scene-1094_000,none,0.0,10.316860465116278,-0.06932551910479864,138
nuscenes,scene-1094_000,yaw,0.5,10.345930232558139,-0.046849670509497315,137
nuscenes,scene-1094_000,yaw,1.0,10.377906976744185,-0.022921927273273468,135
nuscenes,scene-1094_000,yaw,2.0,10.427325581395348,0.0231877863407135,136
nuscenes,scene-1094_000,yaw,3.0,10.459302325581394,0.05371279021104178,134
nuscenes,scene-1094_000,pitch,0.5,10.319767441860465,-0.06741082171599069,137
nuscenes,scene-1094_000,pitch,1.0,10.311046511627907,-0.06579199681679407,139
nuscenes,scene-1094_000,pitch,2.0,10.316860465116278,-0.04714055359363556,132
nuscenes,scene-1094_000,pitch,3.0,10.325581395348838,-0.02082519233226776,132
nuscenes,scene-1094_000,roll,0.5,10.497093023255815,0.010351174821456283,140
nuscenes,scene-1094_000,roll,1.0,10.59593023255814,0.011790547519922256,141
nuscenes,scene-1094_000,roll,2.0,11.020348837209303,0.09545449664195377,137
nuscenes,scene-1094_000,roll,3.0,11.447674418604652,0.04476522405942282,138
nuscenes,scene-1094_000,tx,2.0,10.319767441860465,-0.07761542499065399,137
nuscenes,scene-1094_000,tx,5.0,10.325581395348838,-0.06730850289265314,135
nuscenes,scene-1094_000,tx,10.0,10.340116279069768,-0.033147767186164856,130
nuscenes,scene-1094_000,ty,2.0,10.354651162790697,-0.06346050153175989,136
nuscenes,scene-1094_000,ty,5.0,10.406976744186046,-0.06972990681727728,138
nuscenes,scene-1094_000,ty,10.0,10.491279069767442,-0.06310684730609259,136
nuscenes,scene-1094_000,tz,2.0,10.398255813953488,-0.043271504342556,141
nuscenes,scene-1094_000,tz,5.0,10.482558139534884,0.004057378818591445,139
nuscenes,scene-1094_000,tz,10.0,10.593023255813954,-0.018791173895200103,138
nuscenes,scene-1094_001,none,0.0,10.248500922509225,0.010944587488969176,134
nuscenes,scene-1094_001,yaw,0.5,10.268680811808117,-0.005904336770375579,136
nuscenes,scene-1094_001,yaw,1.0,10.262915129151292,-0.02294720212618509,134
nuscenes,scene-1094_001,yaw,2.0,10.283095018450185,0.0021540423234303885,128
nuscenes,scene-1094_001,yaw,3.0,10.294626383763838,0.059450467427571624,125
nuscenes,scene-1094_001,pitch,0.5,10.251383763837639,0.028357972701390594,137
nuscenes,scene-1094_001,pitch,1.0,10.248500922509225,0.0344239374001821,133
nuscenes,scene-1094_001,pitch,2.0,10.239852398523986,0.037491480509440095,135
nuscenes,scene-1094_001,pitch,3.0,10.239852398523986,0.0193771074215571,135
nuscenes,scene-1094_001,roll,0.5,10.424354243542435,0.08504736423492432,139
nuscenes,scene-1094_001,roll,1.0,10.525253690036902,0.010258056223392487,139
nuscenes,scene-1094_001,roll,2.0,10.957679889298893,0.009002131720383943,138
nuscenes,scene-1094_001,roll,3.0,11.369926199261993,0.061986019213994326,140
nuscenes,scene-1094_001,tx,2.0,10.251383763837639,0.0041294569770495,132
nuscenes,scene-1094_001,tx,5.0,10.248500922509225,-0.01216630885998407,132
nuscenes,scene-1094_001,tx,10.0,10.239852398523986,-0.021613098680973053,125
nuscenes,scene-1094_001,ty,2.0,10.294626383763838,0.0026838506261507578,134
nuscenes,scene-1094_001,ty,5.0,10.352283210332104,-0.002767011523246765,132
nuscenes,scene-1094_001,ty,10.0,10.427237084870848,0.0018948490420977182,131
nuscenes,scene-1094_001,tz,2.0,10.326337638376385,0.03526226182778677,140
nuscenes,scene-1094_001,tz,5.0,10.409940036900368,0.06898016730944315,138
nuscenes,scene-1094_001,tz,10.0,10.510839483394834,0.05075017362833023,136
nuscenes,scene-1094_002,none,0.0,10.227534562211982,0.15759243567784625,103
nuscenes,scene-1094_002,yaw,0.5,10.241935483870968,0.14876239498456317,103
nuscenes,scene-1094_002,yaw,1.0,10.227534562211982,0.17226550479729968,103
nuscenes,scene-1094_002,yaw,2.0,10.207373271889402,0.06168217957019806,103
nuscenes,scene-1094_002,yaw,3.0,10.201612903225806,0.062473115821679415,100
nuscenes,scene-1094_002,pitch,0.5,10.233294930875577,0.15382252136866253,102
nuscenes,scene-1094_002,pitch,1.0,10.227534562211982,0.12441662698984146,106
nuscenes,scene-1094_002,pitch,2.0,10.218894009216589,0.09021497766176861,107
nuscenes,scene-1094_002,pitch,3.0,10.218894009216589,0.11453289041916531,102
nuscenes,scene-1094_002,roll,0.5,10.391705069124423,0.11872965594132742,112
nuscenes,scene-1094_002,roll,1.0,10.492511520737327,0.013441458344459534,114
nuscenes,scene-1094_002,roll,2.0,10.924539170506913,0.040060517688592256,121
nuscenes,scene-1094_002,roll,3.0,11.32200460829493,0.1382664566238721,120
nuscenes,scene-1094_002,tx,2.0,10.230414746543778,0.14110639691352844,106
nuscenes,scene-1094_002,tx,5.0,10.230414746543778,0.11947841445604962,107
nuscenes,scene-1094_002,tx,10.0,10.233294930875577,0.14107622827092806,107
nuscenes,scene-1094_002,ty,2.0,10.253456221198157,0.1575309584538142,101
nuscenes,scene-1094_002,ty,5.0,10.30241935483871,0.173073448240757,99
nuscenes,scene-1094_002,ty,10.0,10.380184331797235,0.1566370154420535,98
nuscenes,scene-1094_002,tz,2.0,10.30241935483871,0.12218714877963066,115
nuscenes,scene-1094_002,tz,5.0,10.38594470046083,0.15788474182287854,120
nuscenes,scene-1094_002,tz,10.0,10.483870967741936,0.0915793776512146,132
nuscenes,scene-1094_003,none,0.0,10.32345479704797,0.04827006409565607,92
nuscenes,scene-1094_003,yaw,0.5,10.329220479704796,0.09949097534020743,95
nuscenes,scene-1094_003,yaw,1.0,10.34075184501845,0.07678681115309396,96
nuscenes,scene-1094_003,yaw,2.0,10.346517527675276,0.11237728099028269,104
nuscenes,scene-1094_003,yaw,3.0,10.309040590405905,0.11508340636889142,99
nuscenes,scene-1094_003,pitch,0.5,10.320571955719556,0.04839469740788141,90
nuscenes,scene-1094_003,pitch,1.0,10.311923431734318,0.05485953763127327,91
nuscenes,scene-1094_003,pitch,2.0,10.303274907749078,0.09988166391849518,91
nuscenes,scene-1094_003,pitch,3.0,10.30615774907749,0.15937669575214386,91
nuscenes,scene-1094_003,roll,0.5,10.496425276752767,0.0221937857568264,98
nuscenes,scene-1094_003,roll,1.0,10.594441881918819,0.0023217822114626474,102
nuscenes,scene-1094_003,roll,2.0,11.021102398523986,0.002199920515219389,118
nuscenes,scene-1094_003,roll,3.0,11.413168819188192,-0.0003361602624257498,121
nuscenes,scene-1094_003,tx,2.0,10.320571955719556,0.046401424954334886,92
nuscenes,scene-1094_003,tx,5.0,10.31480627306273,0.07059983660777411,91
nuscenes,scene-1094_003,tx,10.0,10.29750922509225,0.09183699513475099,89
nuscenes,scene-1094_003,ty,2.0,10.360931734317342,0.04489180694023767,91
nuscenes,scene-1094_003,ty,5.0,10.407057195571955,0.040667527665694564,89
nuscenes,scene-1094_003,ty,10.0,10.479128228782288,0.036717874308427184,86
nuscenes,scene-1094_003,tz,2.0,10.404174354243542,0.0778291734556357,115
nuscenes,scene-1094_003,tz,5.0,10.490659594095941,0.08931668102741241,116
nuscenes,scene-1094_003,tz,10.0,10.600207564575646,0.0683385320007801,131
nuscenes,scene-1094_004,none,0.0,10.37442396313364,0.014258282879988371,59
nuscenes,scene-1094_004,yaw,0.5,10.365783410138249,0.01354952653249103,58
nuscenes,scene-1094_004,yaw,1.0,10.348502304147464,0.07401686658461887,52
nuscenes,scene-1094_004,yaw,2.0,10.247695852534562,0.15140719711780548,48
nuscenes,scene-1094_004,yaw,3.0,10.169930875576037,0.030522629618644714,47
nuscenes,scene-1094_004,pitch,0.5,10.365783410138249,0.0009637996554374695,61
nuscenes,scene-1094_004,pitch,1.0,10.36290322580645,-0.029921486973762512,60
nuscenes,scene-1094_004,pitch,2.0,10.360023041474655,-0.027302605410416902,60
nuscenes,scene-1094_004,pitch,3.0,10.360023041474655,0.017838147779305757,59
nuscenes,scene-1094_004,roll,0.5,10.547235023041475,0.130947545170784,76
nuscenes,scene-1094_004,roll,1.0,10.648041474654377,0.039398873845736204,67
nuscenes,scene-1094_004,roll,2.0,11.065668202764977,0.03181525816520053,86
nuscenes,scene-1094_004,roll,3.0,11.491935483870968,0.015325161317984282,87
nuscenes,scene-1094_004,tx,2.0,10.36290322580645,-0.0069220413764317645,64
nuscenes,scene-1094_004,tx,5.0,10.35426267281106,0.001649233202139555,63
nuscenes,scene-1094_004,tx,10.0,10.351382488479263,-0.02524635444084805,65
nuscenes,scene-1094_004,ty,2.0,10.408986175115208,0.010208847622076689,62
nuscenes,scene-1094_004,ty,5.0,10.449308755760368,-0.0031567563613255634,63
nuscenes,scene-1094_004,ty,10.0,10.535714285714286,-0.012295251091321291,61
nuscenes,scene-1094_004,tz,2.0,10.455069124423963,0.08306051790714264,79
nuscenes,scene-1094_004,tz,5.0,10.54147465437788,0.06330307573080063,101
nuscenes,scene-1094_004,tz,10.0,10.650921658986174,0.016959257423877716,105
nuscenes,scene-1094_005,none,0.0,10.209484346224677,-0.08962235351403552,77
nuscenes,scene-1094_005,yaw,0.5,10.2152394106814,-0.0972110703587532,77
nuscenes,scene-1094_005,yaw,1.0,10.2152394106814,-0.08903790265321732,77
nuscenes,scene-1094_005,yaw,2.0,10.226749539594843,-0.06818499664465588,79
nuscenes,scene-1094_005,yaw,3.0,10.269912523020258,-0.06224777549505234,76
nuscenes,scene-1094_005,pitch,0.5,10.220994475138122,-0.10120006774862605,77
nuscenes,scene-1094_005,pitch,1.0,10.226749539594843,-0.09919295584162074,77
nuscenes,scene-1094_005,pitch,2.0,10.223872007366483,-0.12426778425772983,79
nuscenes,scene-1094_005,pitch,3.0,10.229627071823204,-0.09456991280118623,79
nuscenes,scene-1094_005,roll,0.5,10.387891344383057,-0.04581890255212784,77
nuscenes,scene-1094_005,roll,1.0,10.485727440147329,0.15261590232451755,77
nuscenes,scene-1094_005,roll,2.0,10.902969613259668,0.19731398920218152,71
nuscenes,scene-1094_005,roll,3.0,11.294313996316758,-0.020498173932234465,64
nuscenes,scene-1094_005,tx,2.0,10.218116942909761,-0.11250218997399014,76
nuscenes,scene-1094_005,tx,5.0,10.212361878453038,-0.11734526107708615,76
nuscenes,scene-1094_005,tx,10.0,10.238259668508288,-0.07278302311897278,76
nuscenes,scene-1094_005,ty,2.0,10.249769797421731,-0.09249381100138027,77
nuscenes,scene-1094_005,ty,5.0,10.30732044198895,-0.0825340673327446,77
nuscenes,scene-1094_005,ty,10.0,10.40227900552486,-0.11078589533766109,78
nuscenes,scene-1094_005,tz,2.0,10.292932780847146,-0.11351495857040089,77
nuscenes,scene-1094_005,tz,5.0,10.382136279926335,-0.03876285751660663,62
nuscenes,scene-1094_005,tz,10.0,10.471339779005524,0.09383196880420047,68
nuscenes,scene-1094_006,none,0.0,10.38399446494465,-0.06905888145168623,70
nuscenes,scene-1094_006,yaw,0.5,10.427237084870848,-0.057378975053628295,69
nuscenes,scene-1094_006,yaw,1.0,10.461831180811808,-0.05296402672926587,69
nuscenes,scene-1094_006,yaw,2.0,10.484893911439114,-0.07857592900594076,69
nuscenes,scene-1094_006,yaw,3.0,10.467596863468636,-0.12588106840848923,68
nuscenes,scene-1094_006,pitch,0.5,10.39264298892989,-0.09039618695775667,65
nuscenes,scene-1094_006,pitch,1.0,10.40129151291513,-0.12034896140297252,67
nuscenes,scene-1094_006,pitch,2.0,10.409940036900368,-0.07445717602968216,69
nuscenes,scene-1094_006,pitch,3.0,10.412822878228782,-0.06642858559886616,67
nuscenes,scene-1094_006,roll,0.5,10.582910516605166,-0.01659885545571646,68
nuscenes,scene-1094_006,roll,1.0,10.683809963099632,0.13027001669009525,76
nuscenes,scene-1094_006,roll,2.0,11.139298892988931,0.16359276821215946,63
nuscenes,scene-1094_006,roll,3.0,11.540013837638377,-0.03275875747203827,53
nuscenes,scene-1094_006,tx,2.0,10.378228782287822,-0.07301709925134978,71
nuscenes,scene-1094_006,tx,5.0,10.378228782287822,-0.05857079972823462,71
nuscenes,scene-1094_006,tx,10.0,10.372463099630997,-0.06488436336318651,73
nuscenes,scene-1094_006,ty,2.0,10.415705719557195,-0.06258980308969816,70
nuscenes,scene-1094_006,ty,5.0,10.470479704797048,-0.07762155930201212,70
nuscenes,scene-1094_006,ty,10.0,10.571379151291513,-0.07976266369223595,69
nuscenes,scene-1094_006,tz,2.0,10.473362546125461,-0.05148547142744064,71
nuscenes,scene-1094_006,tz,5.0,10.568496309963098,-0.021926718453566252,66
nuscenes,scene-1094_006,tz,10.0,10.675161439114392,0.03009548783302307,76
nuscenes,scene-1094_007,none,0.0,10.59331797235023,0.0558401147524516,127
nuscenes,scene-1094_007,yaw,0.5,10.587557603686635,0.08735935141642887,122
nuscenes,scene-1094_007,yaw,1.0,10.59331797235023,0.022409898539384188,118
nuscenes,scene-1094_007,yaw,2.0,10.601958525345623,0.012522508700688662,128
nuscenes,scene-1094_007,yaw,3.0,10.60483870967742,0.024565383791923523,122
nuscenes,scene-1094_007,pitch,0.5,10.590437788018434,0.04132138937711716,133
nuscenes,scene-1094_007,pitch,1.0,10.610599078341014,0.04565552622079849,128
nuscenes,scene-1094_007,pitch,2.0,10.601958525345623,0.08261222392320633,121
nuscenes,scene-1094_007,pitch,3.0,10.601958525345623,0.10126357277234393,127
nuscenes,scene-1094_007,roll,0.5,10.763248847926267,0.06603028625249863,143
nuscenes,scene-1094_007,roll,1.0,10.861175115207374,0.05479966849088669,146
nuscenes,scene-1094_007,roll,2.0,11.310483870967742,0.037900447845458984,147
nuscenes,scene-1094_007,roll,3.0,11.699308755760368,-0.026454555491606413,148
nuscenes,scene-1094_007,tx,2.0,10.587557603686635,0.030929160614808382,127
nuscenes,scene-1094_007,tx,5.0,10.578917050691244,0.025050729513168335,130
nuscenes,scene-1094_007,tx,10.0,10.57315668202765,0.055388485391934694,132
nuscenes,scene-1094_007,ty,2.0,10.627880184331797,0.051213860511779785,126
nuscenes,scene-1094_007,ty,5.0,10.685483870967742,0.05218720932801563,128
nuscenes,scene-1094_007,ty,10.0,10.769009216589861,0.033174929519494356,128
nuscenes,scene-1094_007,tz,2.0,10.671082949308756,0.012023334701855959,150
nuscenes,scene-1094_007,tz,5.0,10.76036866359447,0.06515858322381973,154
nuscenes,scene-1094_007,tz,10.0,10.858294930875575,0.09775441388289136,153
nuscenes,scene-1094_008,none,0.0,10.491482504604052,0.042866356670856476,151
nuscenes,scene-1094_008,yaw,0.5,10.502992633517495,0.10057889670133591,148
nuscenes,scene-1094_008,yaw,1.0,10.508747697974217,0.05678748587767285,149
nuscenes,scene-1094_008,yaw,2.0,10.494360036832411,0.06094163407882053,151
nuscenes,scene-1094_008,yaw,3.0,10.51162523020258,0.0707857956488927,138
nuscenes,scene-1094_008,pitch,0.5,10.508747697974217,0.07101364433765411,152
nuscenes,scene-1094_008,pitch,1.0,10.517380294659299,0.09711943070093793,150
nuscenes,scene-1094_008,pitch,2.0,10.517380294659299,0.06186176588137943,147
nuscenes,scene-1094_008,pitch,3.0,10.528890423572744,0.05145506809155148,152
nuscenes,scene-1094_008,roll,0.5,10.684277163904236,0.16569671283165616,146
nuscenes,scene-1094_008,roll,1.0,10.779235727440147,0.03258563578128815,147
nuscenes,scene-1094_008,roll,2.0,11.233885819521179,0.0254352291425069,159
nuscenes,scene-1094_008,roll,3.0,11.613720073664826,0.05471259852250415,183
nuscenes,scene-1094_008,tx,2.0,10.502992633517495,0.05388285716374713,156
nuscenes,scene-1094_008,tx,5.0,10.497237569060774,0.06431006888548535,151
nuscenes,scene-1094_008,tx,10.0,10.500115101289135,0.08726361642281216,158
nuscenes,scene-1094_008,ty,2.0,10.531767955801104,0.0552736719449361,158
nuscenes,scene-1094_008,ty,5.0,10.595073664825046,0.03143183390299481,157
nuscenes,scene-1094_008,ty,10.0,10.66988950276243,0.0498405322432518,151
nuscenes,scene-1094_008,tz,2.0,10.574930939226519,0.09736920893192291,159
nuscenes,scene-1094_008,tz,5.0,10.672767034990791,0.05157824854056042,195
nuscenes,scene-1094_008,tz,10.0,10.761970534069981,0.06488088518381119,199
nuscenes,scene-1094_009,none,0.0,10.426267281105991,-0.03510745366414389,113
nuscenes,scene-1094_009,yaw,0.5,10.43778801843318,-0.055747640629609435,113
nuscenes,scene-1094_009,yaw,1.0,10.463709677419354,-0.08979200323422748,113
nuscenes,scene-1094_009,yaw,2.0,10.472350230414747,-0.06591285020112991,114
nuscenes,scene-1094_009,yaw,3.0,10.486751152073733,-0.04025670637687048,113
nuscenes,scene-1094_009,pitch,0.5,10.434907834101383,-0.054572867850462614,112
nuscenes,scene-1094_009,pitch,1.0,10.440668202764977,-0.00690844158331555,114
nuscenes,scene-1094_009,pitch,2.0,10.43778801843318,0.11832641810178757,112
nuscenes,scene-1094_009,pitch,3.0,10.455069124423963,0.09714228411515552,112
nuscenes,scene-1094_009,roll,0.5,10.610599078341014,0.048371086517969786,114
nuscenes,scene-1094_009,roll,1.0,10.711405529953916,0.13054753591616947,111
nuscenes,scene-1094_009,roll,2.0,11.140552995391705,0.0013007124265034808,97
nuscenes,scene-1094_009,roll,3.0,11.52073732718894,0.10874622315168381,102
nuscenes,scene-1094_009,tx,2.0,10.429147465437788,-0.017641807595888764,114
nuscenes,scene-1094_009,tx,5.0,10.426267281105991,-0.010183848440647125,118
nuscenes,scene-1094_009,tx,10.0,10.443548387096774,0.03912051518758139,120
nuscenes,scene-1094_009,ty,2.0,10.455069124423963,-0.039958400030930846,114
nuscenes,scene-1094_009,ty,5.0,10.515552995391705,-0.04189703365166983,114
nuscenes,scene-1094_009,ty,10.0,10.622119815668203,-0.05186252295970917,116
nuscenes,scene-1094_009,tz,2.0,10.50979262672811,-0.02217763662338257,103
nuscenes,scene-1094_009,tz,5.0,10.607718894009215,0.07418390363454819,115
nuscenes,scene-1094_009,tz,10.0,10.702764976958527,0.11059863865375519,142
nuscenes,scene-1094_010,none,0.0,10.355166051660516,0.02967698872089386,71
nuscenes,scene-1094_010,yaw,0.5,10.360931734317342,0.033571156362692534,70
nuscenes,scene-1094_010,yaw,1.0,10.378228782287822,0.013783449927965818,72
nuscenes,scene-1094_010,yaw,2.0,10.404174354243542,0.08635900666316348,73
nuscenes,scene-1094_010,yaw,3.0,10.430119926199263,0.03505283842484158,75
nuscenes,scene-1094_010,pitch,0.5,10.363814575645756,0.00819908082485199,71
nuscenes,scene-1094_010,pitch,1.0,10.363814575645756,0.03913025806347531,75
nuscenes,scene-1094_010,pitch,2.0,10.363814575645756,0.0037092020114262714,76
nuscenes,scene-1094_010,pitch,3.0,10.358048892988931,-0.02959612011909485,73
nuscenes,scene-1094_010,roll,0.5,10.545433579335793,0.06796376158793765,73
nuscenes,scene-1094_010,roll,1.0,10.631918819188192,0.04756041864554089,76
nuscenes,scene-1094_010,roll,2.0,11.064345018450185,0.0238918388883273,76
nuscenes,scene-1094_010,roll,3.0,11.467942804428045,0.08062528073787689,74
nuscenes,scene-1094_010,tx,2.0,10.355166051660516,0.03168004999558133,67
nuscenes,scene-1094_010,tx,5.0,10.355166051660516,0.03709497054417926,70
nuscenes,scene-1094_010,tx,10.0,10.360931734317342,0.05128593494494754,74
nuscenes,scene-1094_010,ty,2.0,10.40129151291513,0.043227046728134155,72
nuscenes,scene-1094_010,ty,5.0,10.447416974169741,0.034213192760944366,77
nuscenes,scene-1094_010,ty,10.0,10.554082103321033,0.0073138127724329816,73
nuscenes,scene-1094_010,tz,2.0,10.441651291512915,0.052576097349325834,73
nuscenes,scene-1094_010,tz,5.0,10.536785055350553,0.08070553342501324,75
nuscenes,scene-1094_010,tz,10.0,10.626153136531364,0.10440602401892346,77
nuscenes,scene-1094_011,none,0.0,10.26003228782288,0.00046696265538534454,89
nuscenes,scene-1094_011,yaw,0.5,10.283095018450185,-0.041239507496356964,89
nuscenes,scene-1094_011,yaw,1.0,10.317689114391145,-0.03731543819109598,90
nuscenes,scene-1094_011,yaw,2.0,10.37534594095941,-0.022548243403434753,87
nuscenes,scene-1094_011,yaw,3.0,10.395525830258302,-0.014540821313858032,90
nuscenes,scene-1094_011,pitch,0.5,10.257149446494465,-0.0034577101469039917,89
nuscenes,scene-1094_011,pitch,1.0,10.262915129151292,0.032412717739741,91
nuscenes,scene-1094_011,pitch,2.0,10.257149446494465,0.04475670059521994,86
nuscenes,scene-1094_011,pitch,3.0,10.245618081180812,0.012066942950089782,87
nuscenes,scene-1094_011,roll,0.5,10.438768450184503,-0.012663528323173523,87
nuscenes,scene-1094_011,roll,1.0,10.528136531365313,0.02646939953168234,89
nuscenes,scene-1094_011,roll,2.0,10.974976937269371,-0.06635781129201254,89
nuscenes,scene-1094_011,roll,3.0,11.375691881918819,-0.03562061240275702,87
nuscenes,scene-1094_011,tx,2.0,10.254266605166052,-0.008918630580107362,91
nuscenes,scene-1094_011,tx,5.0,10.254266605166052,-0.008432015776634216,92
nuscenes,scene-1094_011,tx,10.0,10.242735239852399,0.017481428881486266,100
nuscenes,scene-1094_011,ty,2.0,10.291743542435425,-0.005210645496845245,90
nuscenes,scene-1094_011,ty,5.0,10.34940036900369,-0.0032162467638651437,89
nuscenes,scene-1094_011,ty,10.0,10.433002767527675,-0.012717224657535553,88
nuscenes,scene-1094_011,tz,2.0,10.34075184501845,-0.016982716818650573,89
nuscenes,scene-1094_011,tz,5.0,10.435885608856088,0.0027444412310918265,83
nuscenes,scene-1094_011,tz,10.0,10.528136531365313,0.029059998691082,85
nuscenes,scene-1094_012,none,0.0,9.737569060773481,-0.033325747897227614,80
nuscenes,scene-1094_012,yaw,0.5,9.772099447513812,-0.05372445099055767,84
nuscenes,scene-1094_012,yaw,1.0,9.838282688766114,-0.04655206451813379,81
nuscenes,scene-1094_012,yaw,2.0,9.953383977900552,-0.038069761047760636,89
nuscenes,scene-1094_012,yaw,3.0,10.010934622467772,-0.03695864975452423,89
nuscenes,scene-1094_012,pitch,0.5,9.740446593001842,-0.047197474787632615,79
nuscenes,scene-1094_012,pitch,1.0,9.73469152854512,-0.014639301846424743,81
nuscenes,scene-1094_012,pitch,2.0,9.73469152854512,-0.0012990323205789023,82
nuscenes,scene-1094_012,pitch,3.0,9.728936464088397,0.05824591591954231,83
nuscenes,scene-1094_012,roll,0.5,9.930363720073665,-0.0027264642218748636,81
nuscenes,scene-1094_012,roll,1.0,10.016689686924494,0.006248208383719117,82
nuscenes,scene-1094_012,roll,2.0,10.45982965009208,0.04746991644303003,83
nuscenes,scene-1094_012,roll,3.0,10.854051565377532,0.0538171554605166,82
nuscenes,scene-1094_012,tx,2.0,9.728936464088397,-0.04131956398487091,86
nuscenes,scene-1094_012,tx,5.0,9.743324125230203,-0.03803647185365358,85
nuscenes,scene-1094_012,tx,10.0,9.726058931860036,-0.033681705594062805,96
nuscenes,scene-1094_012,ty,2.0,9.774976979742172,-0.04023502642909685,84
nuscenes,scene-1094_012,ty,5.0,9.823895027624308,-0.04001882920662561,82
nuscenes,scene-1094_012,ty,10.0,9.921731123388582,-0.035977096607287734,80
nuscenes,scene-1094_012,tz,2.0,9.821017495395948,-0.041341705868641526,84
nuscenes,scene-1094_012,tz,5.0,9.921731123388582,-0.055473633110523224,84
nuscenes,scene-1094_012,tz,10.0,10.013812154696131,-0.020868136237064988,83
nuscenes,scene-1094_013,none,0.0,9.141919889502763,0.08841479818026224,42
nuscenes,scene-1094_013,yaw,0.5,9.153430018416206,0.038464424510796846,42
nuscenes,scene-1094_013,yaw,1.0,9.170695211786372,0.025079645216464996,42
nuscenes,scene-1094_013,yaw,2.0,9.216735727440147,0.001385693748791994,41
nuscenes,scene-1094_013,yaw,3.0,9.274286372007365,-0.04878397285938263,42
nuscenes,scene-1094_013,pitch,0.5,9.136164825046041,0.08322561283906302,42
nuscenes,scene-1094_013,pitch,1.0,9.147674953959484,0.06713241338729858,42
nuscenes,scene-1094_013,pitch,2.0,9.144797421731123,0.07409808784723282,44
nuscenes,scene-1094_013,pitch,3.0,9.139042357274402,0.0006198783715565814,42
nuscenes,scene-1094_013,roll,0.5,9.340469613259668,0.0765564466516177,42
nuscenes,scene-1094_013,roll,1.0,9.426795580110497,0.1402313932776451,42
nuscenes,scene-1094_013,roll,2.0,9.85267034990792,0.011066136260827364,42
nuscenes,scene-1094_013,roll,3.0,10.252647329650092,0.06284447014331818,42
nuscenes,scene-1094_013,tx,2.0,9.144797421731123,0.09387650092442831,44
nuscenes,scene-1094_013,tx,5.0,9.133287292817679,0.07593990365664163,47
nuscenes,scene-1094_013,tx,10.0,9.130409760589318,0.07903475562731424,51
nuscenes,scene-1094_013,ty,2.0,9.19371546961326,0.08459116766850153,42
nuscenes,scene-1094_013,ty,5.0,9.239755985267035,0.11417191723982492,41
nuscenes,scene-1094_013,ty,10.0,9.323204419889503,0.1123114600777626,41
nuscenes,scene-1094_013,tz,2.0,9.228245856353592,0.05701104551553726,42
nuscenes,scene-1094_013,tz,5.0,9.326081952117864,0.07646603882312775,50
nuscenes,scene-1094_013,tz,10.0,9.418162983425415,0.10367118194699287,90
nuscenes,scene-1094_014,none,0.0,8.349654377880185,0.002389413615067809,29
nuscenes,scene-1094_014,yaw,0.5,8.361175115207372,-0.01656530921657881,31
nuscenes,scene-1094_014,yaw,1.0,8.392857142857142,0.0024759620428085327,29
nuscenes,scene-1094_014,yaw,2.0,8.46774193548387,-0.041428851584593446,33
nuscenes,scene-1094_014,yaw,3.0,8.565668202764977,-0.04328880707422891,35
nuscenes,scene-1094_014,pitch,0.5,8.34389400921659,-0.04036743442217508,29
nuscenes,scene-1094_014,pitch,1.0,8.349654377880185,-0.019706346094608307,31
nuscenes,scene-1094_014,pitch,2.0,8.352534562211982,0.04515001301964125,32
nuscenes,scene-1094_014,pitch,3.0,8.36405529953917,0.03349668284257254,29
nuscenes,scene-1094_014,roll,0.5,8.551267281105991,-0.045185578366120666,29
nuscenes,scene-1094_014,roll,1.0,8.640552995391705,-0.04336449752251306,33
nuscenes,scene-1094_014,roll,2.0,9.063940092165899,0.00015752017498016357,32
nuscenes,scene-1094_014,roll,3.0,9.45852534562212,0.01598930110534033,37
nuscenes,scene-1094_014,tx,2.0,8.349654377880185,-0.013871160646279662,29
nuscenes,scene-1094_014,tx,5.0,8.335253456221198,0.00936677058537802,27
nuscenes,scene-1094_014,tx,10.0,8.329493087557603,0.041644314924875886,35
nuscenes,scene-1094_014,ty,2.0,8.381336405529954,0.004732052485148103,29
nuscenes,scene-1094_014,ty,5.0,8.433179723502304,0.014364997545878083,30
nuscenes,scene-1094_014,ty,10.0,8.551267281105991,0.028603012363115937,31
nuscenes,scene-1094_014,tz,2.0,8.441820276497696,-0.03316091497739157,29
nuscenes,scene-1094_014,tz,5.0,8.551267281105991,-0.07086900062859058,79
nuscenes,scene-1094_014,tz,10.0,8.649193548387096,-0.010390263050794601,113
nuscenes,scene-1094_015,none,0.0,8.129028545119706,0.08425700850784779,56
nuscenes,scene-1094_015,yaw,0.5,8.166436464088397,0.07294585245350997,59
nuscenes,scene-1094_015,yaw,1.0,8.149171270718233,0.07412717739741008,56
nuscenes,scene-1094_015,yaw,2.0,8.14341620626151,0.07082712029417357,43
nuscenes,scene-1094_015,yaw,3.0,8.129028545119706,-0.02422006179889044,34
nuscenes,scene-1094_015,pitch,0.5,8.131906077348066,0.07367804956932862,54
nuscenes,scene-1094_015,pitch,1.0,8.152048802946593,0.08557925559580326,54
nuscenes,scene-1094_015,pitch,2.0,8.160681399631677,0.08070020874341328,54
nuscenes,scene-1094_015,pitch,3.0,8.163558931860036,0.10039215597013633,54
nuscenes,scene-1094_015,roll,0.5,8.341965930018416,-0.010778546333312988,56
nuscenes,scene-1094_015,roll,1.0,8.44267955801105,-0.03660028427839279,56
nuscenes,scene-1094_015,roll,2.0,8.86567679558011,-0.04538245312869549,64
nuscenes,scene-1094_015,roll,3.0,9.234000920810313,0.06720563024282455,65
nuscenes,scene-1094_015,tx,2.0,8.131906077348066,0.07324285494784515,56
nuscenes,scene-1094_015,tx,5.0,8.126151012891345,0.06162297849853833,56
nuscenes,scene-1094_015,tx,10.0,8.1146408839779,0.0021785081674655232,59
nuscenes,scene-1094_015,ty,2.0,8.177946593001842,0.08556455684204896,54
nuscenes,scene-1094_015,ty,5.0,8.244129834254144,0.0803392833719651,53
nuscenes,scene-1094_015,ty,10.0,8.3505985267035,0.06794176747401555,54
nuscenes,scene-1094_015,tz,2.0,8.226864640883978,0.041391802330811814,64
nuscenes,scene-1094_015,tz,5.0,8.333333333333332,0.06871404126286507,70
nuscenes,scene-1094_015,tz,10.0,8.431169429097606,0.0067235405246416635,85
nuscenes,scene-1094_016,none,0.0,8.013556985294118,0.00828728328148523,105
nuscenes,scene-1094_016,yaw,0.5,8.016429227941178,0.03546912223100662,101
nuscenes,scene-1094_016,yaw,1.0,8.048023897058822,0.0256484697262446,105
nuscenes,scene-1094_016,yaw,2.0,8.114085477941178,0.0256853848695755,100
nuscenes,scene-1094_016,yaw,3.0,8.128446691176471,-0.007958337664604187,85
nuscenes,scene-1094_016,pitch,0.5,8.019301470588236,0.029253291587034866,103
nuscenes,scene-1094_016,pitch,1.0,8.036534926470589,0.04875151067972183,103
nuscenes,scene-1094_016,pitch,2.0,8.033662683823529,0.002235704412062972,107
nuscenes,scene-1094_016,pitch,3.0,8.045151654411764,0.023238254090150207,106
nuscenes,scene-1094_016,roll,0.5,8.203125,0.007834566136201232,108
nuscenes,scene-1094_016,roll,1.0,8.29790900735294,-0.0009142259756723947,106
nuscenes,scene-1094_016,roll,2.0,8.725873161764707,0.009076002985239029,105
nuscenes,scene-1094_016,roll,3.0,9.105009191176471,0.020590655505657196,116
nuscenes,scene-1094_016,tx,2.0,8.00494025735294,0.006651800125837326,103
nuscenes,scene-1094_016,tx,5.0,8.013556985294118,0.009823132306337357,104
nuscenes,scene-1094_016,tx,10.0,8.016429227941178,0.009936831891536713,102
nuscenes,scene-1094_016,ty,2.0,8.050896139705882,0.014325685799121857,103
nuscenes,scene-1094_016,ty,5.0,8.116957720588236,0.018376567711432784,104
nuscenes,scene-1094_016,ty,10.0,8.217486213235293,0.03333898882071176,103
nuscenes,scene-1094_016,tz,2.0,8.10259650735294,0.010995279997587204,105
nuscenes,scene-1094_016,tz,5.0,8.203125,0.04698235417405763,118
nuscenes,scene-1094_016,tz,10.0,8.295036764705882,0.039596418539683015,147
nuscenes,scene-1094_017,none,0.0,8.042702578268877,0.07272874812285104,83
nuscenes,scene-1094_017,yaw,0.5,8.036947513812155,0.012216589103142411,86
nuscenes,scene-1094_017,yaw,1.0,8.031192449355434,0.04884054511785507,91
nuscenes,scene-1094_017,yaw,2.0,8.016804788213628,0.02880374590555826,88
nuscenes,scene-1094_017,yaw,3.0,8.016804788213628,0.020872512211402267,81
nuscenes,scene-1094_017,pitch,0.5,8.042702578268877,0.0518735833466053,86
nuscenes,scene-1094_017,pitch,1.0,8.057090239410682,0.009661413729190826,89
nuscenes,scene-1094_017,pitch,2.0,8.071477900552486,0.01248451570669809,83
nuscenes,scene-1094_017,pitch,3.0,8.08298802946593,0.03317537531256676,85
nuscenes,scene-1094_017,roll,0.5,8.221109576427256,0.01869998003045717,88
nuscenes,scene-1094_017,roll,1.0,8.307435543278084,-0.014061008890469878,88
nuscenes,scene-1094_017,roll,2.0,8.736187845303869,0.03696904828151068,89
nuscenes,scene-1094_017,roll,3.0,9.130409760589318,0.005167111754417419,92
nuscenes,scene-1094_017,tx,2.0,8.031192449355434,0.08497794096668562,89
nuscenes,scene-1094_017,tx,5.0,8.048457642725598,0.06315522020061812,88
nuscenes,scene-1094_017,tx,10.0,8.045580110497237,0.023691703875859588,95
nuscenes,scene-1094_017,ty,2.0,8.077232965009209,0.056957170367240906,88
nuscenes,scene-1094_017,ty,5.0,8.137661141804788,0.055343300104141235,87
nuscenes,scene-1094_017,ty,10.0,8.23549723756906,0.07497727125883102,88
nuscenes,scene-1094_017,tz,2.0,8.126151012891345,0.03139859810471535,89
nuscenes,scene-1094_017,tz,5.0,8.218232044198896,0.014761732270320266,101
nuscenes,scene-1094_017,tz,10.0,8.333333333333332,0.03391620268424353,133
nuscenes,scene-1094_018,none,0.0,7.973939114391144,0.011611440529425948,101
nuscenes,scene-1094_018,yaw,0.5,7.947993542435425,-0.004238965610663087,103
nuscenes,scene-1094_018,yaw,1.0,7.947993542435425,0.010993675639232009,109
nuscenes,scene-1094_018,yaw,2.0,7.898985239852399,0.01943189154068628,117
nuscenes,scene-1094_018,yaw,3.0,7.86439114391144,0.01023943970600763,117
nuscenes,scene-1094_018,pitch,0.5,7.982587638376384,0.011386239280303329,102
nuscenes,scene-1094_018,pitch,1.0,7.991236162361623,-0.0018358478943506784,102
nuscenes,scene-1094_018,pitch,2.0,7.991236162361623,-0.04004660000403723,101
nuscenes,scene-1094_018,pitch,3.0,7.997001845018451,-0.015713414798180253,106
nuscenes,scene-1094_018,roll,0.5,8.135378228782288,0.05988454694549242,108
nuscenes,scene-1094_018,roll,1.0,8.218980627306273,0.02434941257039705,105
nuscenes,scene-1094_018,roll,2.0,8.665821033210332,-0.016897944112618773,104
nuscenes,scene-1094_018,roll,3.0,9.060770295202952,-0.0372831349571546,121
nuscenes,scene-1094_018,tx,2.0,7.971056273062731,0.024289948244889586,96
nuscenes,scene-1094_018,tx,5.0,7.965290590405905,0.053735950340827315,93
nuscenes,scene-1094_018,tx,10.0,7.968173431734317,0.07545209179321924,92
nuscenes,scene-1094_018,ty,2.0,8.008533210332104,0.011868245899677277,102
nuscenes,scene-1094_018,ty,5.0,8.060424354243542,0.010910756886005402,100
nuscenes,scene-1094_018,ty,10.0,8.149792435424354,0.018916329989830644,99
nuscenes,scene-1094_018,tz,2.0,8.054658671586717,0.05133043974637985,104
nuscenes,scene-1094_018,tz,5.0,8.135378228782288,0.02313832069436708,142
nuscenes,scene-1094_018,tz,10.0,8.305465867158672,0.001974489539861679,157
nuscenes,scene-1094_019,none,0.0,8.155558118081181,0.05786133309205374,95
nuscenes,scene-1094_019,yaw,0.5,8.138261070110701,0.022217086205879838,94
nuscenes,scene-1094_019,yaw,1.0,8.112315498154981,0.019607582439978927,86
nuscenes,scene-1094_019,yaw,2.0,8.083487084870848,-0.03909980008999506,89
nuscenes,scene-1094_019,yaw,3.0,8.028713099630997,0.04455884297688803,82
nuscenes,scene-1094_019,pitch,0.5,8.167089483394834,0.07568250348170599,94
nuscenes,scene-1094_019,pitch,1.0,8.169972324723247,0.0453839972615242,95
nuscenes,scene-1094_019,pitch,2.0,8.164206642066421,0.045260893801848084,93
nuscenes,scene-1094_019,pitch,3.0,8.175738007380073,-0.00196233515938124,95
nuscenes,scene-1094_019,roll,0.5,8.314114391143912,0.047130337605873734,86
nuscenes,scene-1094_019,roll,1.0,8.397716789667896,0.02048777292172113,99
nuscenes,scene-1094_019,roll,2.0,8.841674354243542,-0.0215745804210504,102
nuscenes,scene-1094_019,roll,3.0,9.23374077490775,0.01995759829878807,119
nuscenes,scene-1094_019,tx,2.0,8.158440959409594,0.05705515667796135,92
nuscenes,scene-1094_019,tx,5.0,8.172855166051662,0.0242328941822052,95
nuscenes,scene-1094_019,tx,10.0,8.178620848708487,0.03801495209336281,98
nuscenes,scene-1094_019,ty,2.0,8.190152214022142,0.04788169016440709,98
nuscenes,scene-1094_019,ty,5.0,8.244926199261993,0.08080668250719705,95
nuscenes,scene-1094_019,ty,10.0,8.337177121771218,0.058090580006440476,99
nuscenes,scene-1094_019,tz,2.0,8.233394833948338,0.04835245634118715,109
nuscenes,scene-1094_019,tz,5.0,8.314114391143912,0.042315005014340074,138
nuscenes,scene-1094_019,tz,10.0,8.464022140221402,0.042413633316755295,166
nuscenes,scene-1094_020,none,0.0,8.078917050691244,0.01578239972392717,100
nuscenes,scene-1094_020,yaw,0.5,8.041474654377879,-0.0041090212762355804,102
nuscenes,scene-1094_020,yaw,1.0,8.044354838709678,0.022012170404195786,99
nuscenes,scene-1094_020,yaw,2.0,8.015552995391705,0.12476829936107,98
nuscenes,scene-1094_020,yaw,3.0,7.963709677419355,0.07593606412410736,100
nuscenes,scene-1094_020,pitch,0.5,8.093317972350231,0.054519417385260255,96
nuscenes,scene-1094_020,pitch,1.0,8.093317972350231,0.10470507418115935,102
nuscenes,scene-1094_020,pitch,2.0,8.101958525345623,0.06241988887389502,104
nuscenes,scene-1094_020,pitch,3.0,8.093317972350231,0.010901786386966705,111
nuscenes,scene-1094_020,roll,0.5,8.231566820276498,0.05065689980983734,100
nuscenes,scene-1094_020,roll,1.0,8.320852534562212,-0.014187784244616836,102
nuscenes,scene-1094_020,roll,2.0,8.767281105990783,0.035494371006886155,103
nuscenes,scene-1094_020,roll,3.0,9.158986175115208,0.006850864738225937,113
nuscenes,scene-1094_020,tx,2.0,8.078917050691244,0.006268593172232301,96
nuscenes,scene-1094_020,tx,5.0,8.099078341013826,-0.012398521105448396,99
nuscenes,scene-1094_020,tx,10.0,8.116359447004609,-0.022384829819202423,102
nuscenes,scene-1094_020,ty,2.0,8.122119815668203,0.015491783618927002,96
nuscenes,scene-1094_020,ty,5.0,8.19700460829493,0.006424698978662491,104
nuscenes,scene-1094_020,ty,10.0,8.289170506912443,-0.014929151783386857,114
nuscenes,scene-1094_020,tz,2.0,8.159562211981566,0.04550597444176674,106
nuscenes,scene-1094_020,tz,5.0,8.237327188940093,0.021301861852407455,144
nuscenes,scene-1094_020,tz,10.0,8.415898617511521,0.014743412534395844,164
nuscenes,scene-1094_021,none,0.0,8.025830258302582,0.10536453500390053,94
nuscenes,scene-1094_021,yaw,0.5,8.025830258302582,0.03544057408968607,92
nuscenes,scene-1094_021,yaw,1.0,8.043127306273062,0.00774015982945761,91
nuscenes,scene-1094_021,yaw,2.0,7.988353321033211,-0.02397785832484564,88
nuscenes,scene-1094_021,yaw,3.0,7.9624077490774905,-0.03720515469710031,85
nuscenes,scene-1094_021,pitch,0.5,8.022947416974171,0.08074875921010971,94
nuscenes,scene-1094_021,pitch,1.0,8.011416051660516,0.05888991430401802,94
nuscenes,scene-1094_021,pitch,2.0,7.994119003690036,0.07687670985857645,94
nuscenes,scene-1094_021,pitch,3.0,7.999884686346863,0.034416460742553084,94
nuscenes,scene-1094_021,roll,0.5,8.190152214022142,0.08071655407547951,93
nuscenes,scene-1094_021,roll,1.0,8.262223247232473,0.026883536328872054,97
nuscenes,scene-1094_021,roll,2.0,8.691766605166052,-0.03756074979901314,102
nuscenes,scene-1094_021,roll,3.0,9.072301660516604,-0.0007040463387966156,106
nuscenes,scene-1094_021,tx,2.0,8.022947416974171,0.10998001570502916,92
nuscenes,scene-1094_021,tx,5.0,8.020064575645756,0.057307175050179154,87
nuscenes,scene-1094_021,tx,10.0,8.022947416974171,0.06348972022533417,87
nuscenes,scene-1094_021,ty,2.0,8.066190036900368,0.11766790474454561,94
nuscenes,scene-1094_021,ty,5.0,8.115198339483396,0.09330529471238455,94
nuscenes,scene-1094_021,ty,10.0,8.204566420664207,0.08898693198959032,87
nuscenes,scene-1094_021,tz,2.0,8.109432656826568,0.0968322791159153,100
nuscenes,scene-1094_021,tz,5.0,8.190152214022142,0.06920959552129109,125
nuscenes,scene-1094_021,tz,10.0,8.267988929889299,0.061863768845796585,157
nuscenes,scene-1094_022,none,0.0,8.290050784856879,-0.015082730290790401,84
nuscenes,scene-1094_022,yaw,0.5,8.269852262234533,-0.01580490916967392,74
nuscenes,scene-1094_022,yaw,1.0,8.26696675900277,0.003025193388263382,79
nuscenes,scene-1094_022,yaw,2.0,8.255424746075715,-0.008875532075762749,78
nuscenes,scene-1094_022,yaw,3.0,8.23522622345337,-0.019653567112982273,75
nuscenes,scene-1094_022,pitch,0.5,8.287165281625116,-0.01938678572575251,79
nuscenes,scene-1094_022,pitch,1.0,8.287165281625116,-0.02048658082882563,79
nuscenes,scene-1094_022,pitch,2.0,8.295821791320407,-0.008287549018859863,80
nuscenes,scene-1094_022,pitch,3.0,8.295821791320407,-0.012183771934360266,76
nuscenes,scene-1094_022,roll,0.5,8.428554939981533,-0.021315928548574448,82
nuscenes,scene-1094_022,roll,1.0,8.523776546629733,-0.018097762639323868,83
nuscenes,scene-1094_022,roll,2.0,8.93640350877193,-0.004198846407234669,87
nuscenes,scene-1094_022,roll,3.0,9.317289935364728,0.005008030061920486,91
nuscenes,scene-1094_022,tx,2.0,8.310249307479225,-0.013812246421972908,82
nuscenes,scene-1094_022,tx,5.0,8.307363804247462,-0.020612332659463085,89
nuscenes,scene-1094_022,tx,10.0,8.31602031394275,-0.02924511581659317,87
nuscenes,scene-1094_022,ty,2.0,8.336218836565097,-0.010704895791908108,83
nuscenes,scene-1094_022,ty,5.0,8.391043397968605,-0.005363671729962029,81
nuscenes,scene-1094_022,ty,10.0,8.463180978762697,0.0008142280081907885,86
nuscenes,scene-1094_022,tz,2.0,8.36218836565097,-0.012384660542011261,87
nuscenes,scene-1094_022,tz,5.0,8.431440443213296,-0.01462164893746376,92
nuscenes,scene-1094_022,tz,10.0,8.532433056325022,-0.026951663816968598,120
nuscenes,scene-1094_023,none,0.0,8.616812730627306,-0.012852858752012253,80
nuscenes,scene-1094_023,yaw,0.5,8.582218634686347,0.005760381619135543,76
nuscenes,scene-1094_023,yaw,1.0,8.55915590405904,0.0015606284141540527,79
nuscenes,scene-1094_023,yaw,2.0,8.498616236162361,0.02836594171822071,79
nuscenes,scene-1094_023,yaw,3.0,8.45249077490775,0.07035914684335391,73
nuscenes,scene-1094_023,pitch,0.5,8.625461254612546,-0.020629770432909325,81
nuscenes,scene-1094_023,pitch,1.0,8.61969557195572,-0.019690412407120064,80
nuscenes,scene-1094_023,pitch,2.0,8.62834409594096,-0.041492682571212455,77
nuscenes,scene-1094_023,pitch,3.0,8.642758302583026,-0.03228183276951313,81
nuscenes,scene-1094_023,roll,0.5,8.784017527675276,-0.013452639803290367,82
nuscenes,scene-1094_023,roll,1.0,8.876268450184503,-0.01593039433161418,86
nuscenes,scene-1094_023,roll,2.0,9.294280442804428,-0.030944752817352608,88
nuscenes,scene-1094_023,roll,3.0,9.692112546125461,0.003918568293253585,95
nuscenes,scene-1094_023,tx,2.0,8.622578413284133,-0.01448533435662587,77
nuscenes,scene-1094_023,tx,5.0,8.616812730627306,0.0022731988380352702,77
nuscenes,scene-1094_023,tx,10.0,8.616812730627306,0.03770284696171681,72
nuscenes,scene-1094_023,ty,2.0,8.657172509225092,-0.01365135982632637,81
nuscenes,scene-1094_023,ty,5.0,8.700415129151292,0.004434194415807724,84
nuscenes,scene-1094_023,ty,10.0,8.792666051660516,-0.019553921495874718,83
nuscenes,scene-1094_023,tz,2.0,8.691766605166052,0.022357268879810974,99
nuscenes,scene-1094_023,tz,5.0,8.775369003690036,0.01160135058065255,101
nuscenes,scene-1094_023,tz,10.0,8.936808118081181,0.005006212741136551,98
nuscenes,scene-1094_024,none,0.0,8.599515682656826,0.04003974795341492,88
nuscenes,scene-1094_024,yaw,0.5,8.556273062730629,0.02975289896130562,90
nuscenes,scene-1094_024,yaw,1.0,8.530327490774908,0.04104926499227683,83
nuscenes,scene-1094_024,yaw,2.0,8.446725092250922,-0.006571564202507332,77
nuscenes,scene-1094_024,yaw,3.0,8.429428044280444,-0.02584161298970382,91
nuscenes,scene-1094_024,pitch,0.5,8.608164206642066,0.042499709874391556,92
nuscenes,scene-1094_024,pitch,1.0,8.616812730627306,0.042354632169008255,90
nuscenes,scene-1094_024,pitch,2.0,8.6369926199262,0.028760573516289398,93
nuscenes,scene-1094_024,pitch,3.0,8.642758302583026,0.03447563946247101,94
nuscenes,scene-1094_024,roll,0.5,8.795548892988931,0.0271604744096597,90
nuscenes,scene-1094_024,roll,1.0,8.882034132841328,0.005267222722371415,90
nuscenes,scene-1094_024,roll,2.0,9.311577490774908,0.03743944565455119,88
nuscenes,scene-1094_024,roll,3.0,9.680581180811808,0.013627075279752418,87
nuscenes,scene-1094_024,tx,2.0,8.599515682656826,0.052775875975688294,83
nuscenes,scene-1094_024,tx,5.0,8.608164206642066,0.04598549877603848,85
nuscenes,scene-1094_024,tx,10.0,8.608164206642066,0.03810862203439076,80
nuscenes,scene-1094_024,ty,2.0,8.642758302583026,0.04585876936713855,89
nuscenes,scene-1094_024,ty,5.0,8.688883763837639,0.052695517117778465,88
nuscenes,scene-1094_024,ty,10.0,8.789783210332104,0.04802357591688633,87
nuscenes,scene-1094_024,tz,2.0,8.688883763837639,0.04392676676313083,88
nuscenes,scene-1094_024,tz,5.0,8.78690036900369,0.05133276246488094,92
nuscenes,scene-1094_024,tz,10.0,8.879151291512915,0.03300188109278679,98
nuscenes,scene-1094_025,none,0.0,8.620391705069125,0.0333154338101546,100
nuscenes,scene-1094_025,yaw,0.5,8.59447004608295,-0.03105960041284561,100
nuscenes,scene-1094_025,yaw,1.0,8.565668202764977,0.01697878850003083,94
nuscenes,scene-1094_025,yaw,2.0,8.513824884792626,0.016724716871976852,93
nuscenes,scene-1094_025,yaw,3.0,8.418778801843319,0.010144562770922988,73
nuscenes,scene-1094_025,pitch,0.5,8.623271889400922,0.028303326418002442,98
nuscenes,scene-1094_025,pitch,1.0,8.626152073732719,0.0293714056412379,100
nuscenes,scene-1094_025,pitch,2.0,8.623271889400922,0.028417258212963745,105
nuscenes,scene-1094_025,pitch,3.0,8.631912442396313,0.009987127035856247,100
nuscenes,scene-1094_025,roll,0.5,8.793202764976957,0.031342675288518265,103
nuscenes,scene-1094_025,roll,1.0,8.873847926267281,0.026344650114576026,106
nuscenes,scene-1094_025,roll,2.0,9.282834101382488,-0.04035421833395958,110
nuscenes,scene-1094_025,roll,3.0,9.639976958525345,-0.02622491742173831,113
nuscenes,scene-1094_025,tx,2.0,8.617511520737327,0.03467739621798198,101
nuscenes,scene-1094_025,tx,5.0,8.629032258064516,0.024885548899571105,102
nuscenes,scene-1094_025,tx,10.0,8.61463133640553,0.034617318461338684,94
nuscenes,scene-1094_025,ty,2.0,8.65495391705069,0.03476521248618762,97
nuscenes,scene-1094_025,ty,5.0,8.709677419354838,0.04023168049752712,102
nuscenes,scene-1094_025,ty,10.0,8.816244239631336,0.03851585711042087,104
nuscenes,scene-1094_025,tz,2.0,8.706797235023043,0.03940839009980361,112
nuscenes,scene-1094_025,tz,5.0,8.793202764976957,0.035921308522423104,123
nuscenes,scene-1094_025,tz,10.0,8.882488479262673,0.03538380066553752,141
nuscenes,scene-1094_026,none,0.0,8.644106813996316,0.015470803404847785,110
nuscenes,scene-1094_026,yaw,0.5,8.632596685082873,-0.008780507370829582,102
nuscenes,scene-1094_026,yaw,1.0,8.609576427255986,-0.003679900740583733,100
nuscenes,scene-1094_026,yaw,2.0,8.552025782688766,0.025819877162575722,82
nuscenes,scene-1094_026,yaw,3.0,8.494475138121548,0.040627037795881435,78
nuscenes,scene-1094_026,pitch,0.5,8.644106813996316,0.021570078407724694,105
nuscenes,scene-1094_026,pitch,1.0,8.646984346224677,-0.005006525665521622,110
nuscenes,scene-1094_026,pitch,2.0,8.655616942909761,0.0062372038761774745,108
nuscenes,scene-1094_026,pitch,3.0,8.68151473296501,0.04296920262277126,107
nuscenes,scene-1094_026,roll,0.5,8.816758747697975,0.02130008675158024,110
nuscenes,scene-1094_026,roll,1.0,8.905962246777165,0.010900954405466713,114
nuscenes,scene-1094_026,roll,2.0,9.31744935543278,0.03585370692114036,116
nuscenes,scene-1094_026,roll,3.0,9.668508287292818,-0.012633517384529114,121
nuscenes,scene-1094_026,tx,2.0,8.638351749539595,0.0240173963829875,106
nuscenes,scene-1094_026,tx,5.0,8.655616942909761,0.009212401695549488,105
nuscenes,scene-1094_026,tx,10.0,8.649861878453038,0.019344549005230263,94
nuscenes,scene-1094_026,ty,2.0,8.68151473296501,0.017177470959722996,108
nuscenes,scene-1094_026,ty,5.0,8.739065377532228,0.02693351979056994,108
nuscenes,scene-1094_026,ty,10.0,8.845534069981584,0.02486565336585045,108
nuscenes,scene-1094_026,tz,2.0,8.736187845303869,0.025133890099823475,120
nuscenes,scene-1094_026,tz,5.0,8.811003683241251,0.026978500808278717,135
nuscenes,scene-1094_026,tz,10.0,8.917472375690608,0.019576386238137886,150
nuscenes,scene-1094_027,none,0.0,8.687269797421731,-0.0073798298835754395,141
nuscenes,scene-1094_027,yaw,0.5,8.667127071823204,0.0024338221798340526,127
nuscenes,scene-1094_027,yaw,1.0,8.603821362799263,-0.023733776062726974,105
nuscenes,scene-1094_027,yaw,2.0,8.526127992633517,0.03121192753314972,94
nuscenes,scene-1094_027,yaw,3.0,8.480087476979742,0.005759170278906822,89
nuscenes,scene-1094_027,pitch,0.5,8.695902394106813,0.03791022052367528,143
nuscenes,scene-1094_027,pitch,1.0,8.698779926335174,0.02747267112135887,146
nuscenes,scene-1094_027,pitch,2.0,8.704534990791897,0.045816366871198014,141
nuscenes,scene-1094_027,pitch,3.0,8.71604511970534,0.034391233076651886,133
nuscenes,scene-1094_027,roll,0.5,8.86567679558011,0.057356485476096467,143
nuscenes,scene-1094_027,roll,1.0,8.957757826887661,0.01331460103392601,141
nuscenes,scene-1094_027,roll,2.0,9.363489871086555,0.00836559385061264,148
nuscenes,scene-1094_027,roll,3.0,9.743324125230203,0.01306415845950444,151
nuscenes,scene-1094_027,tx,2.0,8.710290055248619,-0.0005111278345187459,137
nuscenes,scene-1094_027,tx,5.0,8.724677716390424,0.0052052270621061325,138
nuscenes,scene-1094_027,tx,10.0,8.739065377532228,0.017890894164641694,136
nuscenes,scene-1094_027,ty,2.0,8.747697974217312,-0.009285224601626396,141
nuscenes,scene-1094_027,ty,5.0,8.822513812154696,-0.00691753191252549,137
nuscenes,scene-1094_027,ty,10.0,8.923227440147329,0.015390366936723396,150
nuscenes,scene-1094_027,tz,2.0,8.779350828729282,0.017880609879891082,155
nuscenes,scene-1094_027,tz,5.0,8.859921731123388,0.013274837285280228,183
nuscenes,scene-1094_027,tz,10.0,8.94912523020258,0.02149493247270584,197
nuscenes,scene-1094_028,none,0.0,8.577923572744014,-0.035410913949211434,107
nuscenes,scene-1094_028,yaw,0.5,8.56065837937385,-0.024371017701923847,95
nuscenes,scene-1094_028,yaw,1.0,8.537638121546962,-0.005289639656742409,86
nuscenes,scene-1094_028,yaw,2.0,8.491597605893187,0.005794313425819084,65
nuscenes,scene-1094_028,yaw,3.0,8.50310773480663,-0.03069678135216236,45
nuscenes,scene-1094_028,pitch,0.5,8.586556169429098,-0.04578264181812604,105
nuscenes,scene-1094_028,pitch,1.0,8.589433701657459,-0.04473930473128955,102
nuscenes,scene-1094_028,pitch,2.0,8.577923572744014,-0.033489761874079704,105
nuscenes,scene-1094_028,pitch,3.0,8.583678637200737,0.028609023739894227,107
nuscenes,scene-1094_028,roll,0.5,8.756330570902394,-0.03872999052206674,103
nuscenes,scene-1094_028,roll,1.0,8.8369014732965,-0.015490986406803131,98
nuscenes,scene-1094_028,roll,2.0,9.251266114180478,0.01939711098869641,100
nuscenes,scene-1094_028,roll,3.0,9.619590239410682,-0.04194902752836545,98
nuscenes,scene-1094_028,tx,2.0,8.575046040515653,-0.03268995384375255,104
nuscenes,scene-1094_028,tx,5.0,8.580801104972375,-0.034361490358908967,102
nuscenes,scene-1094_028,tx,10.0,8.59231123388582,-0.02729603896538417,96
nuscenes,scene-1094_028,ty,2.0,8.621086556169429,-0.028912058100104332,103
nuscenes,scene-1094_028,ty,5.0,8.68151473296501,-0.023838461066285774,105
nuscenes,scene-1094_028,ty,10.0,8.77359576427256,-0.0229050200432539,111
nuscenes,scene-1094_028,tz,2.0,8.670004604051565,-0.04277495915691058,107
nuscenes,scene-1094_028,tz,5.0,8.753453038674033,-0.047200875356793404,105
nuscenes,scene-1094_028,tz,10.0,8.83977900552486,-0.059621184443434075,108
nuscenes,scene-1094_029,none,0.0,8.778801843317972,-0.013923975328604385,64
nuscenes,scene-1094_029,yaw,0.5,8.752880184331797,0.02106487502654393,52
nuscenes,scene-1094_029,yaw,1.0,8.752880184331797,-0.03988764248788357,55
nuscenes,scene-1094_029,yaw,2.0,8.755760368663594,-0.0687146329631408,56
nuscenes,scene-1094_029,yaw,3.0,8.764400921658986,-0.038921988258759185,52
nuscenes,scene-1094_029,pitch,0.5,8.793202764976957,0.00391264197727044,68
nuscenes,scene-1094_029,pitch,1.0,8.793202764976957,-0.00016730837523937225,67
nuscenes,scene-1094_029,pitch,2.0,8.804723502304148,-0.011330794543027878,64
nuscenes,scene-1094_029,pitch,3.0,8.816244239631336,0.01648046138385932,62
nuscenes,scene-1094_029,roll,0.5,8.963133640552995,0.018391678109765053,65
nuscenes,scene-1094_029,roll,1.0,9.05241935483871,0.012539127220710114,66
nuscenes,scene-1094_029,roll,2.0,9.472926267281107,-0.007050558924674988,69
nuscenes,scene-1094_029,roll,3.0,9.838709677419356,-0.021237949530283615,75
nuscenes,scene-1094_029,tx,2.0,8.775921658986176,-0.013792425394058228,64
nuscenes,scene-1094_029,tx,5.0,8.787442396313363,-0.03984505062301953,68
nuscenes,scene-1094_029,tx,10.0,8.793202764976957,-0.02319062935809295,65
nuscenes,scene-1094_029,ty,2.0,8.82200460829493,-0.012763044176002339,59
nuscenes,scene-1094_029,ty,5.0,8.882488479262673,-0.003991167061030865,49
nuscenes,scene-1094_029,ty,10.0,8.966013824884794,-0.01159428246319294,47
nuscenes,scene-1094_029,tz,2.0,8.868087557603687,-0.0039712845658262524,83
nuscenes,scene-1094_029,tz,5.0,8.966013824884794,0.018098390350739166,109
nuscenes,scene-1094_029,tz,10.0,9.058179723502304,0.04895608747998874,116
nuscenes,scene-1094_030,none,0.0,8.914170506912443,0.04432736213008563,69
nuscenes,scene-1094_030,yaw,0.5,8.914170506912443,0.04752475395798683,65
nuscenes,scene-1094_030,yaw,1.0,8.92569124423963,0.027943938970565796,65
nuscenes,scene-1094_030,yaw,2.0,8.92569124423963,-0.040060674150784806,61
nuscenes,scene-1094_030,yaw,3.0,8.914170506912443,0.018411072591940567,57
nuscenes,scene-1094_030,pitch,0.5,8.92569124423963,0.01500379666686058,68
nuscenes,scene-1094_030,pitch,1.0,8.93721198156682,-0.009940876315037414,68
nuscenes,scene-1094_030,pitch,2.0,8.934331797235023,0.00577598437666893,70
nuscenes,scene-1094_030,pitch,3.0,8.934331797235023,0.03517542903621991,68
nuscenes,scene-1094_030,roll,0.5,9.095622119815667,-0.008745079239209488,69
nuscenes,scene-1094_030,roll,1.0,9.18778801843318,-0.011172929157813385,68
nuscenes,scene-1094_030,roll,2.0,9.599654377880185,-0.03343168956538041,70
nuscenes,scene-1094_030,roll,3.0,9.959677419354838,0.03404795875151953,69
nuscenes,scene-1094_030,tx,2.0,8.911290322580644,0.04197132090727489,66
nuscenes,scene-1094_030,tx,5.0,8.91705069124424,0.047631899515787765,61
nuscenes,scene-1094_030,tx,10.0,8.914170506912443,0.0619002990424633,66
nuscenes,scene-1094_030,ty,2.0,8.960253456221198,0.053574466456969574,69
nuscenes,scene-1094_030,ty,5.0,9.020737327188941,0.03597574060161908,67
nuscenes,scene-1094_030,ty,10.0,9.112903225806452,0.03010916834076245,63
nuscenes,scene-1094_030,tz,2.0,9.003456221198157,0.0213925763964653,69
nuscenes,scene-1094_030,tz,5.0,9.101382488479262,0.03460618853569031,69
nuscenes,scene-1094_030,tz,10.0,9.190668202764977,0.0033059107760588374,67
nuscenes,scene-1094_031,none,0.0,8.885819521178636,0.04051149318305155,58
nuscenes,scene-1094_031,yaw,0.5,8.888697053406998,0.021306520327925682,58
nuscenes,scene-1094_031,yaw,1.0,8.917472375690608,-0.0028341859579086304,60
nuscenes,scene-1094_031,yaw,2.0,8.900207182320443,0.012704066311319664,54
nuscenes,scene-1094_031,yaw,3.0,8.874309392265193,0.0030287988483905792,52
nuscenes,scene-1094_031,pitch,0.5,8.89445211786372,0.037736403523012996,58
nuscenes,scene-1094_031,pitch,1.0,8.888697053406998,0.02662182211255034,58
nuscenes,scene-1094_031,pitch,2.0,8.89732965009208,0.01105435138257841,58
nuscenes,scene-1094_031,pitch,3.0,8.914594843462247,-0.0041817029317220075,58
nuscenes,scene-1094_031,roll,0.5,9.061348987108655,0.062098647157351174,58
nuscenes,scene-1094_031,roll,1.0,9.147674953959484,-0.005861648436014853,60
nuscenes,scene-1094_031,roll,2.0,9.55340699815838,-0.027215110138058662,58
nuscenes,scene-1094_031,roll,3.0,9.892955801104971,-0.012515598442405462,58
nuscenes,scene-1094_031,tx,2.0,8.877186924493556,0.040455155462647475,58
nuscenes,scene-1094_031,tx,5.0,8.885819521178636,0.03504957421682775,62
nuscenes,scene-1094_031,tx,10.0,8.877186924493556,0.03932129692596694,59
nuscenes,scene-1094_031,ty,2.0,8.928982504604052,0.03901071318735679,58
nuscenes,scene-1094_031,ty,5.0,8.980778084714549,0.030778817366808653,60
nuscenes,scene-1094_031,ty,10.0,9.0728591160221,0.034109616574520864,58
nuscenes,scene-1094_031,tz,2.0,8.977900552486188,0.038820196175947785,58
nuscenes,scene-1094_031,tz,5.0,9.061348987108655,0.03669595070338497,58
nuscenes,scene-1094_031,tz,10.0,9.144797421731123,0.027871015326430403,57
nuscenes,scene-1094_032,none,0.0,8.621780128794848,-0.020547470698753997,76
nuscenes,scene-1094_032,yaw,0.5,8.59303127874885,-0.02543136042853196,77
nuscenes,scene-1094_032,yaw,1.0,8.604530818767248,-0.0032536828269561155,72
nuscenes,scene-1094_032,yaw,2.0,8.633279668813246,0.005217693125208221,66
nuscenes,scene-1094_032,yaw,3.0,8.59590616375345,-0.003298597022270165,62
nuscenes,scene-1094_032,pitch,0.5,8.630404783808647,-0.004688253626227379,78
nuscenes,scene-1094_032,pitch,1.0,8.627529898804049,-0.016695069149136543,78
nuscenes,scene-1094_032,pitch,2.0,8.639029438822448,0.03579166283210119,78
nuscenes,scene-1094_032,pitch,3.0,8.644779208831647,0.008875541388988495,79
nuscenes,scene-1094_032,roll,0.5,8.800022999080037,0.0020861461137731824,75
nuscenes,scene-1094_032,roll,1.0,8.880519779208832,0.013778451830148697,75
nuscenes,scene-1094_032,roll,2.0,9.283003679852806,0.055714163618783154,75
nuscenes,scene-1094_032,roll,3.0,9.627989880404785,0.0008070167774955408,75
nuscenes,scene-1094_032,tx,2.0,8.624655013799448,-0.009075722967584923,77
nuscenes,scene-1094_032,tx,5.0,8.630404783808647,-0.009215622519453362,76
nuscenes,scene-1094_032,tx,10.0,8.627529898804049,-0.02944319198528926,70
nuscenes,scene-1094_032,ty,2.0,8.673528058877643,-0.01604585535824299,75
nuscenes,scene-1094_032,ty,5.0,8.725275988960442,-0.013848954190810517,75
nuscenes,scene-1094_032,ty,10.0,8.814397424103037,-0.009799493476748466,74
nuscenes,scene-1094_032,tz,2.0,8.708026678932843,-0.022588109597563744,75
nuscenes,scene-1094_032,tz,5.0,8.797148114075437,-0.01587544257442157,71
nuscenes,scene-1094_032,tz,10.0,8.87764489420423,0.03204020050664742,86
nuscenes,scene-1094_033,none,0.0,8.68663594470046,-0.005460067341725022,79
nuscenes,scene-1094_033,yaw,0.5,8.724078341013824,0.02326874683300653,80
nuscenes,scene-1094_033,yaw,1.0,8.701036866359448,0.025043290108442307,81
nuscenes,scene-1094_033,yaw,2.0,8.712557603686635,-0.02233313520749411,85
nuscenes,scene-1094_033,yaw,3.0,8.712557603686635,0.017034354309240968,79
nuscenes,scene-1094_033,pitch,0.5,8.701036866359448,0.022571151455243424,80
nuscenes,scene-1094_033,pitch,1.0,8.724078341013824,0.07698147495587666,81
nuscenes,scene-1094_033,pitch,2.0,8.724078341013824,0.08628484234213829,86
nuscenes,scene-1094_033,pitch,3.0,8.715437788018434,0.07194995507597923,86
nuscenes,scene-1094_033,roll,0.5,8.870967741935484,0.06965385625759761,84
nuscenes,scene-1094_033,roll,1.0,8.966013824884794,0.056018969664971024,85
nuscenes,scene-1094_033,roll,2.0,9.386520737327189,-0.03021898368994394,84
nuscenes,scene-1094_033,roll,3.0,9.737903225806452,0.02849036268889904,83
nuscenes,scene-1094_033,tx,2.0,8.695276497695852,-0.0027347529927889414,78
nuscenes,scene-1094_033,tx,5.0,8.695276497695852,0.01341200868288675,78
nuscenes,scene-1094_033,tx,10.0,8.69815668202765,0.004537768661975861,73
nuscenes,scene-1094_033,ty,2.0,8.738479262672811,-0.002075365434090301,82
nuscenes,scene-1094_033,ty,5.0,8.80184331797235,-0.007861672590176255,83
nuscenes,scene-1094_033,ty,10.0,8.899769585253456,-0.003923751413822174,84
nuscenes,scene-1094_033,tz,2.0,8.773041474654377,0.009486640493075044,83
nuscenes,scene-1094_033,tz,5.0,8.862327188940093,0.0058229900896549225,91
nuscenes,scene-1094_033,tz,10.0,8.954493087557603,0.029149534801642105,93
nuscenes,scene-1094_034,none,0.0,8.225806451612904,-0.005907859653234482,166
nuscenes,scene-1094_034,yaw,0.5,8.20852534562212,-0.01788092715044816,167
nuscenes,scene-1094_034,yaw,1.0,8.24020737327189,0.008292611688375473,165
nuscenes,scene-1094_034,yaw,2.0,8.243087557603687,-0.03523513053854306,162
nuscenes,scene-1094_034,yaw,3.0,8.237327188940093,-0.012308233107129737,157
nuscenes,scene-1094_034,pitch,0.5,8.2286866359447,0.008418818935751915,166
nuscenes,scene-1094_034,pitch,1.0,8.234447004608295,-0.009957189361254379,169
nuscenes,scene-1094_034,pitch,2.0,8.248847926267281,0.008439758171637848,173
nuscenes,scene-1094_034,pitch,3.0,8.251728110599078,0.02401854594548543,176
nuscenes,scene-1094_034,roll,0.5,8.392857142857142,0.0027148202061653137,168
nuscenes,scene-1094_034,roll,1.0,8.482142857142858,0.004265153780579567,164
nuscenes,scene-1094_034,roll,2.0,8.896889400921658,-0.007482557247082397,171
nuscenes,scene-1094_034,roll,3.0,9.25979262672811,0.0003881293038527217,170
nuscenes,scene-1094_034,tx,2.0,8.20852534562212,-0.007417189578215286,172
nuscenes,scene-1094_034,tx,5.0,8.21716589861751,-0.003291722387075424,167
nuscenes,scene-1094_034,tx,10.0,8.225806451612904,0.023252186054984733,152
nuscenes,scene-1094_034,ty,2.0,8.263248847926267,-0.006801654274264976,167
nuscenes,scene-1094_034,ty,5.0,8.315092165898617,-0.01330869334439437,171
nuscenes,scene-1094_034,ty,10.0,8.415898617511521,-0.007183171808719635,169
nuscenes,scene-1094_034,tz,2.0,8.315092165898617,0.010446923474470779,166
nuscenes,scene-1094_034,tz,5.0,8.410138248847925,0.0068803150206804276,170
nuscenes,scene-1094_034,tz,10.0,8.49942396313364,0.0053968491653601375,173
nuscenes,scene-1094_035,none,0.0,8.122119815668203,0.0019627250730991364,115
nuscenes,scene-1094_035,yaw,0.5,8.101958525345623,-0.015389639884233475,100
nuscenes,scene-1094_035,yaw,1.0,8.116359447004609,-0.05145245573172967,99
nuscenes,scene-1094_035,yaw,2.0,8.087557603686637,-0.016716845954457923,95
nuscenes,scene-1094_035,yaw,3.0,8.081797235023041,-0.011952263923982784,98
nuscenes,scene-1094_035,pitch,0.5,8.127880184331797,-0.005994985500971481,116
nuscenes,scene-1094_035,pitch,1.0,8.127880184331797,0.031546788911024734,120
nuscenes,scene-1094_035,pitch,2.0,8.122119815668203,0.04800821902851264,118
nuscenes,scene-1094_035,pitch,3.0,8.130760368663594,0.05698830386002858,119
nuscenes,scene-1094_035,roll,0.5,8.300691244239632,0.04299757008751233,116
nuscenes,scene-1094_035,roll,1.0,8.381336405529954,0.03931661322712898,118
nuscenes,scene-1094_035,roll,2.0,8.773041474654377,0.052522505323092133,122
nuscenes,scene-1094_035,roll,3.0,9.112903225806452,-0.007116911311944335,126
nuscenes,scene-1094_035,tx,2.0,8.119239631336406,-0.019001109525561333,111
nuscenes,scene-1094_035,tx,5.0,8.130760368663594,-0.005125687768061951,111
nuscenes,scene-1094_035,tx,10.0,8.119239631336406,0.009297468389074012,118
nuscenes,scene-1094_035,ty,2.0,8.168202764976959,-0.011844954763849572,109
nuscenes,scene-1094_035,ty,5.0,8.22004608294931,-0.01507633551955223,108
nuscenes,scene-1094_035,ty,10.0,8.315092165898617,-0.004386477172374725,115
nuscenes,scene-1094_035,tz,2.0,8.214285714285714,0.007457582900921508,123
nuscenes,scene-1094_035,tz,5.0,8.297811059907833,0.008024607474605247,123
nuscenes,scene-1094_035,tz,10.0,8.38709677419355,0.013369810457030937,126
nuscenes,scene-1094_036,none,0.0,7.949308755760369,0.0030414449671904292,160
nuscenes,scene-1094_036,yaw,0.5,7.943548387096774,-0.005135944734017052,164
nuscenes,scene-1094_036,yaw,1.0,7.946428571428571,-0.0271960391352574,157
nuscenes,scene-1094_036,yaw,2.0,7.9118663594470044,-0.0010338248685002327,153
nuscenes,scene-1094_036,yaw,3.0,7.900345622119816,0.003649119598170117,142
nuscenes,scene-1094_036,pitch,0.5,7.963709677419355,0.016665569196144744,161
nuscenes,scene-1094_036,pitch,1.0,7.95794930875576,0.0032382359107335362,157
nuscenes,scene-1094_036,pitch,2.0,7.969470046082949,0.003259847561518356,160
nuscenes,scene-1094_036,pitch,3.0,7.966589861751153,-0.004082954178253814,158
nuscenes,scene-1094_036,roll,0.5,8.107718894009217,-0.00020148605108261108,158
nuscenes,scene-1094_036,roll,1.0,8.182603686635945,-0.0018120228002468791,154
nuscenes,scene-1094_036,roll,2.0,8.603110599078342,-0.019221575309832886,156
nuscenes,scene-1094_036,roll,3.0,8.93721198156682,0.014689982558290168,151
nuscenes,scene-1094_036,tx,2.0,7.9550691244239635,0.004896476864814758,150
nuscenes,scene-1094_036,tx,5.0,7.963709677419355,-0.005718618010481194,147
nuscenes,scene-1094_036,tx,10.0,7.9723502304147456,-0.019412974516550704,137
nuscenes,scene-1094_036,ty,2.0,7.992511520737327,0.004909017433722809,151
nuscenes,scene-1094_036,ty,5.0,8.058755760368664,0.005985383565227195,150
nuscenes,scene-1094_036,ty,10.0,8.15668202764977,-0.011429112404584885,149
nuscenes,scene-1094_036,tz,2.0,8.035714285714286,0.011989789704481765,155
nuscenes,scene-1094_036,tz,5.0,8.113479262672811,-0.006614458436767258,152
nuscenes,scene-1094_036,tz,10.0,8.19700460829493,-0.015208406994740173,171
nuscenes,scene-1094_037,none,0.0,7.8125,-0.0169815303136905,75
nuscenes,scene-1094_037,yaw,0.5,7.806744935543278,-0.006742029761274651,67
nuscenes,scene-1094_037,yaw,1.0,7.795234806629835,-0.02025651497145494,65
nuscenes,scene-1094_037,yaw,2.0,7.780847145488029,-0.009735565011699997,61
nuscenes,scene-1094_037,yaw,3.0,7.769337016574586,0.00939956183234851,65
nuscenes,scene-1094_037,pitch,0.5,7.818255064456722,0.012454498559236526,67
nuscenes,scene-1094_037,pitch,1.0,7.824010128913445,0.020289526631434754,69
nuscenes,scene-1094_037,pitch,2.0,7.829765193370165,0.02100831984231869,69
nuscenes,scene-1094_037,pitch,3.0,7.84127532228361,-0.030604177465041474,78
nuscenes,scene-1094_037,roll,0.5,7.979396869244935,0.03244668276359637,69
nuscenes,scene-1094_037,roll,1.0,8.062845303867404,9.446653227011825e-05,70
nuscenes,scene-1094_037,roll,2.0,8.465699815837938,-0.01022445845107238,67
nuscenes,scene-1094_037,roll,3.0,8.793738489871087,-0.035594042390584946,66
nuscenes,scene-1094_037,tx,2.0,7.798112338858195,-0.01581899200876554,73
nuscenes,scene-1094_037,tx,5.0,7.8125,-0.016888409852981567,71
nuscenes,scene-1094_037,tx,10.0,7.815377532228361,-0.0027702736357847896,62
nuscenes,scene-1094_037,ty,2.0,7.847030386740332,-0.01491972555716832,75
nuscenes,scene-1094_037,ty,5.0,7.907458563535911,-0.016215036933620766,71
nuscenes,scene-1094_037,ty,10.0,8.005294659300183,-0.01960739710678657,73
nuscenes,scene-1094_037,tz,2.0,7.895948434622468,-0.01072535229225953,69
nuscenes,scene-1094_037,tz,5.0,7.979396869244935,-0.0050185807049274445,71
nuscenes,scene-1094_037,tz,10.0,8.065722836095764,0.04360247838000457,102
nuscenes,scene-1094_038,none,0.0,7.564575645756458,0.01774817705154419,64
nuscenes,scene-1094_038,yaw,0.5,7.553044280442804,-0.030947784893214703,65
nuscenes,scene-1094_038,yaw,1.0,7.5674584870848705,-0.016989925876259804,70
nuscenes,scene-1094_038,yaw,2.0,7.555927121771218,-0.03769945601622264,71
nuscenes,scene-1094_038,yaw,3.0,7.553044280442804,-0.017770963720977306,66
nuscenes,scene-1094_038,pitch,0.5,7.555927121771218,0.048462831415235996,70
nuscenes,scene-1094_038,pitch,1.0,7.561692804428044,0.0009228535151730027,69
nuscenes,scene-1094_038,pitch,2.0,7.553044280442804,0.011881629005074501,76
nuscenes,scene-1094_038,pitch,3.0,7.555927121771218,0.050677467448016,65
nuscenes,scene-1094_038,roll,0.5,7.728897601476015,0.05828348097080986,68
nuscenes,scene-1094_038,roll,1.0,7.792320110701106,0.03167441549400489,76
nuscenes,scene-1094_038,roll,2.0,8.195917896678967,0.035580718268950776,78
nuscenes,scene-1094_038,roll,3.0,8.527444649446494,0.06543843572338422,87
nuscenes,scene-1094_038,tx,2.0,7.550161439114392,0.024718495551496744,63
nuscenes,scene-1094_038,tx,5.0,7.550161439114392,0.014472407909731075,70
nuscenes,scene-1094_038,tx,10.0,7.538630073800738,0.013245628215372562,70
nuscenes,scene-1094_038,ty,2.0,7.599169741697417,0.029870819610853985,69
nuscenes,scene-1094_038,ty,5.0,7.656826568265683,0.038410673538843795,70
nuscenes,scene-1094_038,ty,10.0,7.740428966789668,0.025072241822878524,65
nuscenes,scene-1094_038,tz,2.0,7.659709409594095,0.020854431204497814,90
nuscenes,scene-1094_038,tz,5.0,7.734663284132841,0.027755300203959152,114
nuscenes,scene-1094_038,tz,10.0,7.8125,0.02119850181043148,123
nuscenes,scene-1094_039,none,0.0,7.609447004608295,0.009874366844693817,90
nuscenes,scene-1094_039,yaw,0.5,7.606566820276497,0.012886464983845748,80
nuscenes,scene-1094_039,yaw,1.0,7.618087557603687,0.019580731013168894,78
nuscenes,scene-1094_039,yaw,2.0,7.618087557603687,-0.004892763992150627,75
nuscenes,scene-1094_039,yaw,3.0,7.618087557603687,0.006256600740016438,68
nuscenes,scene-1094_039,pitch,0.5,7.623847926267281,0.013395470256606735,82
nuscenes,scene-1094_039,pitch,1.0,7.618087557603687,0.004872201631466545,82
nuscenes,scene-1094_039,pitch,2.0,7.6296082949308754,-0.00306281571586927,86
nuscenes,scene-1094_039,pitch,3.0,7.635368663594471,0.0036795325577259064,83
nuscenes,scene-1094_039,roll,0.5,7.767857142857143,0.0014739390462636948,84
nuscenes,scene-1094_039,roll,1.0,7.845622119815668,-0.033643250043193504,86
nuscenes,scene-1094_039,roll,2.0,8.199884792626728,-0.019450981790820762,88
nuscenes,scene-1094_039,roll,3.0,8.508064516129032,-0.03767513856291771,83
nuscenes,scene-1094_039,tx,2.0,7.597926267281106,0.011538359026114144,85
nuscenes,scene-1094_039,tx,5.0,7.626728110599077,0.0029933887223402636,86
nuscenes,scene-1094_039,tx,10.0,7.641129032258065,-0.024020224499205746,76
nuscenes,scene-1094_039,ty,2.0,7.644009216589861,0.006246565530697502,84
nuscenes,scene-1094_039,ty,5.0,7.678571428571429,0.007538667569557823,84
nuscenes,scene-1094_039,ty,10.0,7.793778801843318,-0.002380587781469025,83
nuscenes,scene-1094_039,tz,2.0,7.6900921658986165,0.03634460953374704,89
nuscenes,scene-1094_039,tz,5.0,7.7707373271889395,0.03246748105933269,91
nuscenes,scene-1094_039,tz,10.0,7.857142857142857,-0.005499392747879028,103
